die	54313
der	51291
und	34970
in	30211
das	18697
den	17778
mit	15379
von	14256
zu	14234
im	13991
auf	13343
für	12939
ist	12816
es	12239
ein	11736
sich	11351
auch	10218
eine	10059
nicht	10039
dem	9988
des	8997
am	8223
sie	7885
an	7555
als	7259
bei	7249
nach	6581
aus	6408
dass	6407
er	6292
werden	6200
hat	6060
wie	5710
um	5475
sind	5115
einem	5039
einer	5017
vor	4987
noch	4881
wird	4879
aber	4824
einen	4632
so	4382
zum	4223
haben	4048
war	3988
wir	3978
über	3809
mehr	3660
oder	3467
ich	3418
nur	3396
man	3292
bis	3105
wurde	2945
gegen	2911
sein	2881
sei	2767
zur	2555
durch	2400
kann	2388
unter	2352
wieder	2350
hatte	2339
wenn	2291
dann	2202
können	2187
schon	2150
zwei	2143
was	2129
nun	2120
habe	2115
diese	2052
beim	2021
seit	1988
soll	1986
doch	1917
gibt	1900
vom	1898
euro	1893
prozent	1875
ihre	1861
jahr	1833
sagte	1809
immer	1786
menschen	1783
jahren	1740
bereits	1710
seine	1710
damit	1644
jetzt	1617
dabei	1596
da	1580
viele	1567
ab	1566
uhr	1524
keine	1519
ihr	1485
alle	1473
dieser	1444
wurden	1434
sehr	1389
waren	1389
drei	1377
eines	1331
neue	1329
weiter	1294
hier	1283
muss	1257
geht	1250
ukraine	1248
ersten	1247
deutschland	1245
rund	1237
worden	1227
müssen	1224
gut	1209
seiner	1208
laut	1206
diesem	1195
polizei	1193
will	1184
uns	1140
jahre	1115
viel	1101
denn	1100
etwa	1099
zwischen	1099
selbst	1089
sowie	1080
ende	1064
weil	1058
mal	1043
zeit	1040
jährige	1034
ihren	1028
neuen	1019
sagt	1007
dazu	1005
ins	997
dort	988
wegen	987
seien	986
ganz	972
seinen	966
sollen	942
ob	941
dafür	938
anderen	932
etwas	931
steht	928
millionen	912
ohne	906
allem	903
allerdings	902
seinem	897
heute	881
stadt	881
russland	871
zudem	871
ihrer	865
andere	853
erst	839
weitere	838
vergangenen	833
werde	820
kommt	812
beiden	811
während	802
gab	797
könnte	796
alles	790
wer	789
jedoch	788
machen	784
sondern	784
unternehmen	781
dieses	777
deutschen	761
sollte	759
leben	754
hatten	752
also	740
ihn	739
vier	738
kommen	732
mann	727
kam	722
wollen	721
ihm	718
dies	713
geben	713
kein	712
derzeit	693
konnte	692
lassen	687
wo	686
land	680
einmal	676
davon	661
ihrem	659
erste	658
sogar	657
letzten	651
macht	651
gehen	650
kinder	650
stehen	650
deutlich	642
woche	640
freitag	637
ja	637
zwar	630
fünf	629
würde	623
fast	620
sonntag	620
sehen	617
darauf	609
gerade	609
weg	607
diesen	600
insgesamt	600
frau	596
russischen	595
gewesen	591
lange	591
zurück	590
tag	589
große	588
welt	585
mittwoch	583
wäre	583
berlin	582
nichts	580
liegt	579
besonders	577
mich	574
donnerstag	573
einfach	572
spiel	570
einige	569
samstag	564
großen	560
wohl	559
anderem	558
möglich	551
teil	546
angaben	545
platz	543
wochen	543
montag	539
ebenfalls	537
pro	537
deutsche	531
fall	531
dienstag	530
neben	530
weniger	529
würden	528
statt	522
mir	519
ihnen	517
zuletzt	516
deshalb	508
vielen	501
zehn	500
bisher	498
gilt	496
später	496
eigenen	495
mehrere	489
heißt	488
aktuell	487
denen	477
außerdem	476
bleibt	475
zweiten	475
hätten	471
sieht	471
musste	470
schnell	470
team	466
wenig	465
keinen	464
krieg	464
allen	461
kurz	459
welche	459
zeigt	454
usa	452
zunächst	452
zusammen	450
zuvor	449
frauen	446
geld	446
gemacht	446
finden	443
natürlich	442
genau	439
märz	436
jährigen	435
thema	435
ort	433
personen	432
anfang	431
besser	431
bekannt	430
darüber	429
könnten	429
straße	427
lässt	426
bin	425
eigentlich	425
ging	425
daher	424
gar	423
einsatz	420
bleiben	418
mai	418
erklärt	416
stand	416
tagen	416
du	413
frage	413
trotz	413
fc	412
klar	412
sollten	411
stark	409
beide	408
gegenüber	408
erhalten	405
fest	403
hätte	403
putin	403
stellen	401
weiterhin	400
wollte	400
knapp	399
russische	399
nächsten	397
präsident	396
sechs	396
september	396
spielen	396
arbeit	395
kommenden	395
tun	395
saison	393
könne	391
kaum	390
regierung	388
dezember	387
je	387
november	387
oft	387
weiteren	387
wichtig	387
aufgrund	384
unsere	383
familie	381
zufolge	379
zukunft	378
gute	376
oktober	376
beginn	375
ziel	375
april	373
europa	370
grund	370
juni	370
milliarden	370
beispiel	369
bislang	369
damals	369
arbeiten	368
erneut	367
findet	367
auto	364
konnten	360
nie	360
jeder	359
warum	359
nachdem	358
blick	357
gleich	357
minuten	357
richtung	357
zahl	357
februar	355
a	353
neu	353
erklärte	352
hin	351
lage	351
zeigen	351
trainer	349
verletzt	348
gemeinsam	347
hinter	347
deren	346
august	345
bekommen	345
berichtet	343
monaten	343
tage	343
zahlen	343
münchen	341
fans	340
schwer	336
stunden	336
kunden	333
folgen	332
teilte	332
wissen	332
paar	331
sommer	331
jahres	330
möchte	330
direkt	329
höhe	329
juli	329
pandemie	329
situation	329
bayern	328
sicher	327
weit	327
kosten	325
sagen	325
sieben	325
wirklich	323
anders	321
seite	321
müsse	320
offenbar	319
österreich	319
gegeben	317
spd	317
halten	314
januar	314
sorgen	313
aktuellen	312
haus	310
danach	309
dennoch	309
nacht	309
darf	307
erwartet	307
eher	305
scholz	305
treffen	305
unterstützung	305
bereich	304
mittlerweile	304
region	302
fragen	301
gebracht	301
wasser	301
gehört	300
rolle	300
schließlich	300
feuerwehr	299
bild	298
hohen	298
meisten	298
meter	298
acht	294
besten	294
geschichte	294
hoch	294
lang	294
mitte	294
the	292
daran	291
richtig	291
weiß	291
aller	290
junge	290
angesichts	289
ukrainischen	289
vielleicht	289
dürfte	288
liegen	288
stellt	287
bringen	286
rahmen	286
de	285
inzwischen	285
gekommen	284
problem	283
entscheidung	280
tatsächlich	280
dessen	279
kleinen	278
spieler	278
demnach	277
projekt	277
grünen	276
unserer	276
gas	274
vergleich	274
zumindest	274
künftig	273
nehmen	273
leicht	272
mannschaft	272
hält	271
mitarbeiter	270
art	267
eu	267
neues	267
innen	266
sieg	266
politik	265
daten	264
männer	263
recht	263
wert	263
europäischen	261
allein	259
folge	259
bald	258
dagegen	258
groß	258
guten	258
geplant	257
jähriger	257
mindestens	257
sowohl	257
beispielsweise	256
erstmals	256
helfen	256
hieß	256
probleme	256
zweite	256
maßnahmen	254
nutzen	254
ukrainische	254
dürfen	253
führt	253
geworden	252
druck	251
einigen	251
bietet	250
jeden	249
spricht	249
wochenende	249
bundesregierung	248
per	248
preise	248
sofort	248
gebe	247
gruppe	246
spielt	246
eigene	245
eltern	245
trotzdem	245
wien	245
christian	242
jeweils	242
st	241
gleichzeitig	240
china	239
ländern	239
jede	238
thomas	238
unser	238
ebenso	237
hilfe	237
alte	236
darunter	236
frankfurt	236
ganze	236
mussten	236
überhaupt	236
entwicklung	235
kritik	235
alten	234
b	234
betonte	234
dollar	234
innerhalb	234
endlich	233
führen	233
setzen	233
corona	232
erfolg	232
berliner	231
kindern	231
gemeinde	230
gerne	230
bad	229
lag	229
letzte	229
bringt	228
länder	228
winter	228
alter	227
ergebnis	227
energie	226
hinaus	226
inflation	226
informationen	226
mein	226
kamen	225
kleine	225
komplett	225
abend	224
monate	224
s	224
hälfte	223
markt	223
meine	222
punkte	222
bevölkerung	221
möglichkeit	221
solche	221
angebot	220
handelt	220
insbesondere	220
landes	220
medien	220
mutter	220
unterwegs	220
dadurch	219
neuer	219
läuft	218
michael	218
verfügung	218
bürger	217
darum	217
dritten	217
nimmt	217
programm	217
scheint	217
unfall	217
bürgermeister	216
jungen	216
mehreren	215
setzt	215
verlassen	215
braucht	214
gefunden	214
grüne	214
gäste	214
hohe	214
of	214
seines	213
erreicht	212
machte	211
experten	209
verein	209
zahlreiche	208
krankenhaus	207
schweiz	207
cdu	206
grad	206
sicht	206
erreichen	205
kreis	205
namen	205
schaffen	204
schritt	204
verloren	204
strom	203
titel	203
union	203
wenige	203
gesehen	202
sicherheit	202
all	201
fahrer	201
gesagt	201
täter	201
wahl	201
weltweit	201
hand	200
kiew	200
landkreis	200
leute	200
genug	199
stelle	199
herbst	197
sprechen	197
dank	196
gestellt	196
ihres	196
kopf	196
wirtschaft	196
größten	195
partei	195
besucher	194
co	194
fand	194
sanktionen	194
studie	194
brauchen	193
müssten	193
offen	193
russlands	193
spiele	193
start	193
bund	192
steigen	192
bevor	191
gespräch	191
somit	191
bedeutet	190
öffentlichen	190
autos	189
kampf	189
mitteilte	189
kind	188
los	188
länger	188
monat	188
nächste	188
preis	188
zeigte	188
gericht	187
internationalen	187
stellte	187
obwohl	186
unterstützt	186
versucht	186
betroffen	185
jedes	185
sprach	185
zeiten	185
eben	184
schulen	184
sonst	184
twitter	184
morgen	183
berichtete	182
blieb	182
c	182
darin	182
neun	182
schweizer	182
fahren	181
fordert	181
new	181
fällt	180
gesellschaft	180
moskau	180
gehören	179
oben	179
passiert	179
zeitung	179
bereit	178
interview	178
niemand	178
schule	178
ermittlungen	177
film	177
größte	177
wann	177
wichtige	177
opfer	176
patienten	176
westen	176
chance	175
früher	175
großer	175
hingegen	175
lediglich	175
mitglieder	175
verschiedenen	175
weiterer	175
aktuelle	174
bieten	174
geführt	174
gesperrt	174
person	174
raum	174
schweren	174
angriff	173
solle	172
zusammenhang	172
essen	171
frei	171
fälle	171
kilometer	171
beste	170
erzählt	170
euch	170
ganzen	170
ließ	170
musik	170
zeitpunkt	170
zusammenarbeit	170
führung	169
nämlich	169
wolle	169
bank	168
form	168
laufen	168
positiv	168
schrieb	168
zwölf	168
frankreich	167
gefahr	167
genommen	167
köln	167
robert	167
staaten	167
unterstützen	167
zusätzlich	167
wiener	166
gehe	165
gezeigt	165
nachfrage	165
sprecher	165
vater	165
wenigen	165
besteht	164
führte	164
hause	164
hinzu	164
prozess	164
staatsanwaltschaft	164
ziehen	163
anschließend	162
brachte	162
nähe	162
partie	162
rede	162
schüler	162
setzte	162
andreas	161
ehemalige	161
links	161
sozialen	161
trifft	161
ehemaligen	160
schaden	160
soldaten	160
tor	160
alexander	159
schreibt	159
wladimir	159
betrieb	158
gebäude	158
hamburg	158
sport	158
wohnung	158
bekommt	157
hintergrund	157
liga	157
sorgt	157
sv	157
betont	156
erwarten	156
gewonnen	156
stärker	156
teams	156
fällen	155
kämpfen	155
politischen	155
kontrolle	154
sucht	154
tragen	154
völlig	154
angekündigt	153
begonnen	153
gewinnen	153
martin	153
rennen	153
beamten	152
brand	152
freuen	152
liebe	152
warten	152
zieht	152
auswirkungen	151
ball	151
bestätigt	151
daraufhin	151
franken	151
immerhin	151
runde	151
tat	151
teilweise	151
vorbei	151
waffen	151
alt	150
beginnt	150
glück	150
peter	150
tod	150
befindet	149
einzige	149
zugleich	149
behörden	148
bericht	148
boden	148
getroffen	148
längst	148
mitteilung	148
verschiedene	148
weise	148
kirche	147
leider	147
plötzlich	147
starke	147
starken	147
startet	147
övp	147
bisschen	146
gelten	146
meist	146
nahe	146
dinge	145
league	145
plus	145
stück	145
voll	145
amt	144
aufgenommen	144
jedem	144
kraft	144
minute	144
schwere	144
idee	143
lösung	143
serie	143
stimmen	143
u	143
veröffentlicht	143
wären	143
bühne	142
erster	142
fahrzeug	142
fiel	142
höher	142
markus	142
unseren	142
entwickelt	141
gegner	141
her	141
rechnen	141
sohn	141
steigt	141
stunde	141
unklar	141
wm	141
bahn	140
rechts	140
reihe	140
bilder	139
entfernt	139
erfolgreich	139
fdp	139
g	139
nahm	139
partner	139
unserem	139
aktion	138
besuch	138
dpa	138
erhöht	138
feuer	138
hinweise	138
olaf	138
schutz	138
seiten	138
update	138
vermutlich	138
video	138
übrigens	138
betroffenen	137
entscheiden	137
forderte	137
leistung	137
müller	137
tochter	137
arbeitet	136
bzw	136
corona-pandemie	136
dpa-afx	136
dritte	136
europäische	136
familien	136
häufig	136
menge	136
präsidenten	136
quartal	136
teilen	136
tv	136
verletzungen	136
wobei	136
ähnlich	136
beschlossen	135
covid	135
karriere	135
katar	135
manche	135
manchmal	135
sache	135
sorgte	135
autofahrer	134
solchen	134
stattfinden	134
entschieden	133
ergebnisse	133
fahrzeuge	133
firma	133
generation	133
langen	133
lesen	133
pause	133
punkt	133
schützen	133
temperaturen	133
anderer	132
droht	132
elf	132
kollegen	132
publikum	132
angst	131
auftritt	131
fallen	131
geschlossen	131
großes	131
internet	131
moment	131
mögliche	131
pläne	131
stefan	131
armee	130
bundeskanzler	130
grundsätzlich	130
jugendliche	130
polen	130
produkte	130
sogenannten	130
truppen	130
vergangenheit	130
versuchen	130
zeichen	130
durchaus	129
ii	129
leiter	129
möglichkeiten	129
ohnehin	129
online	129
regeln	129
wichtiger	129
aktiv	128
gefallen	128
interesse	128
mio	128
möglichst	128
offiziell	128
staat	128
suchen	128
teilnehmer	128
teils	128
verhindern	128
gefordert	127
gutes	127
luft	127
punkten	127
selenskyj	127
system	127
vorjahr	127
wahrscheinlich	127
zeugen	127
feiern	126
fordern	126
london	126
notwendig	126
suche	126
unbekannte	126
dortmund	125
gemeldet	125
gestiegen	125
jedenfalls	125
plan	125
stimmung	125
tritt	125
verfahren	125
wiederum	125
wollten	125
biden	124
gesamte	124
nötig	124
pkw	124
politische	124
themen	124
verhalten	124
zufrieden	124
berichten	123
fehlt	123
meiner	123
mädchen	123
nachrichten	123
tätig	123
vorerst	123
weder	123
antrag	122
augen	122
begann	122
behandelt	122
fehler	122
gegangen	122
genutzt	122
gesamten	122
internationale	122
m	122
polizisten	122
regelmäßig	122
stattdessen	122
wort	122
york	122
zuschauer	122
ändern	122
öl	122
angeboten	121
freude	121
hören	121
kontakt	121
mehrheit	121
möglicherweise	121
richtige	121
starten	121
bundestag	120
chef	120
ermittelt	120
frühen	120
schloss	120
schluss	120
tiere	120
unbedingt	120
vertrag	120
beziehungsweise	119
linie	119
sogenannte	119
weiteres	119
öffentlich	119
diesmal	118
entstehen	118
gefeiert	118
gold	118
job	118
kaufen	118
metern	118
möglichen	118
salzburg	118
schreiben	118
strecke	118
aktie	117
anfrage	117
befinden	117
britische	117
deswegen	117
glaube	117
grenzen	117
impfpflicht	117
italien	117
kritisiert	117
mittel	117
nato	117
produktion	117
schön	117
wagen	117
wichtigsten	117
ziemlich	117
anteil	116
deutschlands	116
dr	116
einsatzkräfte	116
gingen	116
nrw	116
aufgabe	115
dürften	115
entsprechend	115
fuhr	115
handeln	115
schneller	115
teile	115
täglich	115
verantwortung	115
bedeutung	114
beteiligt	114
funktioniert	114
gemeinsamen	114
gespielt	114
heraus	114
heuer	114
heutigen	114
hoffnung	114
keiner	114
kennen	114
stuttgart	114
verkehr	114
zog	114
beschäftigt	113
bisherigen	113
buch	113
eingesetzt	113
extrem	113
finale	113
geschäftsführer	113
höhere	113
mehrfach	113
standort	113
verkauft	113
aktien	112
folgt	112
gefragt	112
gewalt	112
gmbh	112
jüngsten	112
lieber	112
meint	112
personal	112
politiker	112
stieg	112
zeitraum	112
egal	111
fehlen	111
frieden	111
kultur	111
meinen	111
sah	111
seitdem	111
bau	110
bestätigte	110
bezeichnet	110
denken	110
geplanten	110
kürzlich	110
mensch	110
putins	110
zuge	110
abschluss	109
bezirk	109
chancen	109
fokus	109
formel	109
geraten	109
gesprochen	109
habeck	109
international	109
jugendlichen	109
krise	109
kündigte	109
leisten	109
nachricht	109
tut	109
drittel	108
e	108
eröffnet	108
gefühl	108
gesetzt	108
hilft	108
jemand	108
müsste	108
netz	108
regel	108
spaß	108
veranstaltung	108
überraschend	108
anderes	107
bewohner	107
gemeinden	107
laufe	107
niederlage	107
persönlich	107
schwierig	107
selten	107
sodass	107
versorgung	107
verzichten	107
antwort	106
ausbildung	106
beginnen	106
beitrag	106
erinnert	106
freut	106
hauptstadt	106
hielt	106
leipzig	106
norden	106
sebastian	106
ausbau	105
beendet	105
besondere	105
daniel	105
dringend	105
karl	105
letztlich	105
licht	105
miteinander	105
nutzer	105
parlament	105
urteil	105
vertrauen	105
wunsch	105
aufs	104
bessere	104
debatte	104
gebiet	104
linken	104
parteien	104
reise	104
sitzung	104
steigenden	104
test	104
zusätzliche	104
bewusst	103
durchgeführt	103
engagement	103
freien	103
frühere	103
frühjahr	103
legt	103
standen	103
stets	103
traf	103
trump	103
verantwortlich	103
vorsitzende	103
wetter	103
zählt	103
freunde	102
fußball	102
gefahren	102
gesetz	102
hamburger	102
kennt	102
live	102
meinte	102
meinung	102
natur	102
organisation	102
rki	102
streit	102
trägt	102
wichtigen	102
x	102
bundesliga	101
einzelnen	101
erkennen	101
feiert	101
freiheit	101
fürs	101
innenstadt	101
kostet	101
teilt	101
verbraucher	101
verlor	101
zug	101
anstieg	100
ausstellung	100
basis	100
bestehen	100
entsprechende	100
fährt	100
großbritannien	100
h	100
hoffen	100
liefern	100
peking	100
v	100
wechsel	100
welcher	100
zahlreichen	100
bedarf	99
eins	99
fotos	99
gemeinsame	99
impfung	99
körper	99
linke	99
nord	99
nummer	99
post	99
sorge	99
vorne	99
bitte	98
früheren	98
gleichen	98
guter	98
heimat	98
kurs	98
straßen	98
ums	98
us-dollar	98
verbunden	98
ziele	98
überall	98
erfahren	97
erhöhen	97
gestorben	97
grenze	97
gründe	97
k	97
lebt	97
liste	97
motto	97
münchner	97
rechnet	97
â	97
überzeugt	97
alleine	96
entdeckt	96
entstand	96
gelang	96
genannt	96
genauso	96
gruppen	96
hannover	96
klare	96
osten	96
umsatz	96
verletzte	96
vorgehen	96
abgeschlossen	95
brücke	95
davor	95
dir	95
erfahrung	95
geburtstag	95
gestern	95
jene	95
krieges	95
rang	95
risiko	95
star	95
teurer	95
umfrage	95
verbindung	95
ausreichend	94
band	94
entstanden	94
freund	94
gespräche	94
gründen	94
hart	94
industrie	94
lernen	94
ministerpräsident	94
reicht	94
schlecht	94
staffel	94
stolz	94
vergessen	94
vollständig	94
warnt	94
zentrum	94
zugang	94
apple	93
flüchtlinge	93
geplante	93
glauben	93
handel	93
nein	93
position	93
reisen	93
sachen	93
universität	93
ursprünglich	93
veranstaltungen	93
vermeiden	93
werk	93
zweimal	93
ag	92
bereichen	92
coach	92
details	92
fanden	92
foto	92
rechten	92
russen	92
russischer	92
rückkehr	92
wirft	92
öffentliche	92
öffentlichkeit	92
beschädigt	91
erklären	91
ermöglichen	91
herausforderungen	91
konkret	91
mitglied	91
regen	91
tür	91
verbessern	91
virus	91
voraussichtlich	91
wohnungen	91
anschluss	90
eintracht	90
flughafen	90
gestartet	90
gesundheit	90
gewann	90
hervor	90
indes	90
nennt	90
paris	90
spielte	90
unternehmens	90
van	90
verstehen	90
aussagen	89
daraus	89
einiges	89
ernst	89
gern	89
geschäft	89
gesicht	89
johnson	89
kunst	89
langsam	89
lauterbach	89
passt	89
projekte	89
roten	89
schlägt	89
show	89
stimme	89
umso	89
version	89
verurteilt	89
verwaltung	89
vorstellen	89
benötigt	88
coronavirus	88
denke	88
diskussion	88
entsprechenden	88
fahrt	88
feld	88
festgenommen	88
firmen	88
früh	88
gesorgt	88
klimaschutz	88
kommission	88
künstler	88
l	88
melden	88
paul	88
sinne	88
umgesetzt	88
unabhängig	88
werte	88
anleger	87
aufgaben	87
ausland	87
bauen	87
betrifft	87
einwohner	87
erde	87
europas	87
herausforderung	87
hängt	87
infrastruktur	87
klinik	87
plant	87
schauen	87
schauspieler	87
spanien	87
süden	87
treffer	87
unten	87
verdient	87
afd	86
app	86
auftrag	86
behandlung	86
beziehungen	86
entgegen	86
erlaubt	86
geboren	86
gedacht	86
geöffnet	86
größeren	86
hersteller	86
holen	86
höchsten	86
informiert	86
nachmittag	86
sc	86
steuern	86
umgang	86
verhandlungen	86
vfl	86
amazon	85
anspruch	85
aussage	85
beteiligten	85
bezahlen	85
cent	85
deutscher	85
erfahrungen	85
erhält	85
falls	85
gebeten	85
gelände	85
gerät	85
gewinn	85
herr	85
irgendwann	85
jahrzehnten	85
klaus	85
konzept	85
kurze	85
marke	85
maskenpflicht	85
nutzung	85
positive	85
profitieren	85
reaktion	85
schröder	85
sekunden	85
sitzt	85
sparen	85
sprecherin	85
tonnen	85
vorhaben	85
wirkt	85
zunehmend	85
zürich	85
übernehmen	85
beträgt	84
britischen	84
dach	84
dich	84
erleben	84
frank	84
getötet	84
i	84
initiative	84
offensichtlich	84
passieren	84
pressekonferenz	84
regionen	84
retten	84
sehe	84
vierten	84
voller	84
vorschlag	84
angriffe	83
außer	83
einzelne	83
finde	83
gewählt	83
herz	83
ideen	83
konzern	83
nannte	83
niveau	83
reagiert	83
termin	83
training	83
ukraine-krieg	83
ukrainer	83
vieles	83
wind	83
anlass	82
außerhalb	82
bekannten	82
blieben	82
demokratie	82
derweil	82
fahrbahn	82
gehabt	82
getan	82
iran	82
kommunen	82
legte	82
max	82
relativ	82
schließen	82
schäden	82
stiftung	82
tausende	82
türkei	82
umsetzung	82
beschäftigten	81
david	81
digitale	81
energiekrise	81
erlebt	81
ermöglicht	81
frankfurter	81
fuß	81
gebaut	81
hessen	81
hotel	81
klasse	81
reden	81
sinn	81
vorwürfe	81
weihnachten	81
zuhause	81
artikel	80
baden-württemberg	80
begleitet	80
desto	80
einfluss	80
erhielt	80
gemeinderat	80
geschlagen	80
halbzeit	80
hoher	80
höheren	80
kleiner	80
laufenden	80
machten	80
nachfolger	80
oliver	80
queen	80
rein	80
schnitt	80
ursache	80
vertreten	80
vorgesehen	80
worten	80
bestimmte	79
düsseldorf	79
erfolgt	79
gezogen	79
größere	79
indem	79
kursziel	79
legen	79
mache	79
präsentiert	79
qualität	79
spenden	79
steckt	79
stehe	79
tisch	79
vorher	79
angeblich	78
bedingungen	78
bundeswehr	78
dauern	78
diskutiert	78
ehe	78
energiepreise	78
florian	78
freie	78
fühlt	78
gehalten	78
geschehen	78
gleiche	78
google	78
instagram	78
kommende	78
leistungen	78
mag	78
maximal	78
rathaus	78
reichen	78
sonne	78
tempo	78
umwelt	78
untersucht	78
vorbereitet	78
vorstand	78
wachstum	78
zweifel	78
brauche	77
bremen	77
club	77
durfte	77
einst	77
entspricht	77
gast	77
geblieben	77
gelungen	77
hertha	77
johannes	77
liter	77
maske	77
mitten	77
modell	77
niedersachsen	77
persönliche	77
private	77
see	77
sitzen	77
städte	77
städten	77
szene	77
theater	77
tore	77
treten	77
variante	77
verlieren	77
versuch	77
vfb	77
wald	77
weshalb	77
wies	77
worte	77
alternative	76
ausgeschlossen	76
bekam	76
bekannte	76
branche	76
entscheidungen	76
fenster	76
fort	76
fühlen	76
gefährlich	76
haushalte	76
jugend	76
kader	76
kurzfristig	76
lebensmittel	76
leitung	76
meldet	76
meldete	76
mittelpunkt	76
neuinfektionen	76
reduziert	76
sturm	76
tier	76
verhindert	76
vertreter	76
voran	76
welches	76
wirken	76
übernommen	76
angebote	75
anzahl	75
borussia	75
dar	75
eng	75
entwickeln	75
gedanken	75
größer	75
insel	75
jeweiligen	75
landesregierung	75
lief	75
maria	75
schwarzen	75
schülerinnen	75
sky	75
spitze	75
tief	75
unterdessen	75
vergangene	75
vorgestellt	75
werner	75
wettbewerb	75
zinsen	75
zuerst	75
abstand	74
arbeitgeber	74
aufgestellt	74
autobahn	74
bahnhof	74
baum	74
bestimmten	74
eindruck	74
ermittler	74
festgestellt	74
forscher	74
geschaffen	74
himmel	74
karten	74
minus	74
museum	74
persönlichen	74
sendung	74
spö	74
tradition	74
unterschied	74
verstärkt	74
antworten	73
ausschließlich	73
besonderen	73
besucht	73
city	73
d	73
eingestellt	73
einschätzung	73
glaubt	73
großteil	73
investitionen	73
inzidenz	73
japan	73
jürgen	73
kanzler	73
massiv	73
million	73
offenen	73
organisiert	73
quadratmeter	73
richter	73
stammt	73
stärken	73
urlaub	73
weist	73
ausgezeichnet	72
bezug	72
büro	72
christoph	72
garten	72
generell	72
geschafft	72
gesucht	72
getestet	72
haushalt	72
konsequenzen	72
kurzem	72
kurzen	72
könig	72
leiden	72
lösungen	72
material	72
möchten	72
offiziellen	72
privaten	72
ruhe	72
schalke	72
soziale	72
tages	72
untersuchung	72
verwies	72
wege	72
alltag	71
aufstieg	71
betriebe	71
bruder	71
digitalen	71
falsch	71
gearbeitet	71
gefährdet	71
gegenteil	71
herrscht	71
hofft	71
holte	71
joe	71
journalisten	71
kapitän	71
kostenlos	71
nahmen	71
politisch	71
raus	71
red	71
späten	71
ungarn	71
verantwortlichen	71
verwendet	71
vorteil	71
wichtigste	71
womöglich	71
www	71
zeigten	71
öffnen	71
österreichischen	71
ans	70
aufmerksam	70
banken	70
bezeichnete	70
beziehung	70
bundesweit	70
dienst	70
einrichtungen	70
england	70
erfolge	70
französischen	70
gelingt	70
gerechnet	70
kanton	70
lebens	70
meer	70
minister	70
musiker	70
nordrhein-westfalen	70
positiven	70
produziert	70
sanierung	70
söder	70
teuer	70
umfeld	70
warnte	70
westlichen	70
ältere	70
automatisch	69
beobachten	69
betroffene	69
binnen	69
entweder	69
erstes	69
gaben	69
galt	69
geriet	69
geschrieben	69
geschäfte	69
hoffe	69
konkrete	69
mannschaften	69
marco	69
matthias	69
omikron	69
rote	69
schwierigen	69
sender	69
sieben-tage-inzidenz	69
spät	69
unbekannten	69
unterschiedlichen	69
vereine	69
verfügt	69
verkauf	69
verändert	69
vielmehr	69
zählen	69
angekommen	68
auftakt	68
augsburg	68
belassen	68
beruf	68
beschluss	68
betrug	68
botschaft	68
bürgerinnen	68
einstufung	68
erwartungen	68
erzielt	68
geimpft	68
höchste	68
investoren	68
kandidaten	68
klein	68
klingt	68
komme	68
laden	68
macron	68
merz	68
nachrichtenagentur	68
nationalen	68
nürnberg	68
pflanzen	68
phase	68
rücken	68
smartphone	68
spüren	68
stellten	68
top	68
trat	68
z	68
zuständig	68
äußerte	68
absolut	67
achten	67
alternativen	67
außenminister	67
befragten	67
betrieben	67
bochum	67
brandenburg	67
dahin	67
dienstagabend	67
dresden	67
duell	67
erfasst	67
erscheinen	67
gehandelt	67
gesunken	67
globalen	67
greifen	67
kliniken	67
lehrer	67
momentan	67
montagabend	67
rechte	67
samt	67
schaut	67
schlug	67
sprache	67
super	67
technischen	67
verlauf	67
vorfall	67
antreten	66
anzeige	66
auftreten	66
aussehen	66
berufung	66
bus	66
eis	66
endet	66
entsteht	66
erklärung	66
facebook	66
feierte	66
finanzielle	66
franz	66
freitagabend	66
geschickt	66
grundlage	66
halt	66
hierzulande	66
hund	66
konzert	66
kritisierte	66
lindner	66
messer	66
nahezu	66
open	66
ordnung	66
plattform	66
sachschaden	66
selber	66
toten	66
umgebung	66
verletzten	66
vorbereitung	66
vorfeld	66
vortag	66
wahrheit	66
wählen	66
zerstört	66
ausgerechnet	65
bedroht	65
brief	65
brüssel	65
bäume	65
finanziell	65
flammen	65
förderung	65
gastgeber	65
hinten	65
historische	65
kauf	65
ließen	65
musk	65
niederösterreich	65
pflege	65
plätze	65
praxis	65
samstagabend	65
stimmt	65
stream	65
verband	65
verpflichtet	65
videos	65
vorstellung	65
wartet	65
zustand	65
ampel	64
ausgesprochen	64
auswahl	64
bilden	64
bord	64
erfolgen	64
forderungen	64
funktion	64
griff	64
infektionen	64
invasion	64
landtagswahl	64
mithilfe	64
p	64
premiere	64
presse-agentur	64
ps	64
r	64
rest	64
richtigen	64
schritte	64
schuss	64
schweden	64
schöne	64
stadion	64
tirol	64
via	64
washington	64
welchen	64
wolfgang	64
beraten	63
bittet	63
csu	63
einrichtung	63
einstellen	63
energien	63
erfüllt	63
erhöhung	63
errichtet	63
fischer	63
halle	63
impfungen	63
jährlich	63
könnt	63
näher	63
roman	63
summe	63
verdacht	63
älteren	63
ansonsten	62
ausgesetzt	62
befand	62
belegt	62
besonderes	62
bewegung	62
dauert	62
einführung	62
einkommen	62
fläche	62
friedrich	62
froh	62
geräte	62
glücklich	62
heimischen	62
lohnt	62
lösen	62
parallel	62
quarantäne	62
schnelle	62
sobald	62
technik	62
trend	62
verkaufen	62
verlangt	62
verständnis	62
weitgehend	62
zeitweise	62
änderungen	62
analyser	61
ansicht	61
aufnahme	61
beobachtet	61
bewegen	61
bleibe	61
börse	61
charles	61
drohen	61
entlang	61
ergeben	61
eu-kommission	61
folgte	61
gelegt	61
handy	61
keller	61
koalition	61
konflikt	61
maßnahme	61
meinem	61
nachhaltigkeit	61
normalerweise	61
olympischen	61
reagieren	61
schafft	61
schwarze	61
spätestens	61
steigende	61
streitkräfte	61
städtischen	61
stürmer	61
teilnehmen	61
trug	61
tsv	61
tus	61
unmittelbar	61
vw	61
weiße	61
widerstand	61
wirtschaftlichen	61
wünschen	61
österreichs	61
amtszeit	60
australien	60
behörde	60
bisherige	60
eingeladen	60
enthalten	60
entscheidend	60
ergänzt	60
ersetzen	60
flucht	60
forderung	60
frisch	60
geprüft	60
infektion	60
jänner	60
klima	60
krankheit	60
lagen	60
lkw	60
manchen	60
mitarbeitern	60
mittels	60
name	60
organisationen	60
sichergestellt	60
solidarität	60
stadtrat	60
telefon	60
tipps	60
traum	60
us-präsident	60
versorgt	60
versuchten	60
verteilt	60
vieler	60
weißen	60
wesentlich	60
wirkung	60
wissenschaftler	60
andererseits	59
anlage	59
ausgelöst	59
bayerischen	59
bundesrat	59
dahinter	59
diskussionen	59
freundin	59
gestalten	59
group	59
großem	59
halte	59
herum	59
holz	59
investieren	59
jahrhundert	59
klimawandel	59
km	59
konkurrenz	59
leichte	59
militärische	59
nutzt	59
oftmals	59
opposition	59
rasen	59
redaktion	59
reduzieren	59
registriert	59
rücktritt	59
stadtteil	59
technologie	59
tests	59
turnier	59
unterschiedliche	59
veranstalter	59
verbessert	59
verhältnis	59
werfen	59
world	59
zdf	59
zentrale	59
überzeugen	59
allgemeine	58
anbieter	58
angeklagten	58
anklage	58
anwohner	58
auge	58
austausch	58
baerbock	58
beamte	58
begeistert	58
bezahlt	58
bilanz	58
boris	58
digitalisierung	58
dorf	58
ergab	58
erzählen	58
fernsehen	58
gegründet	58
gewinnt	58
gewissen	58
heißen	58
hundert	58
impfen	58
inklusive	58
landwirtschaft	58
mario	58
masken	58
mittwochabend	58
schwerer	58
strategie	58
tickets	58
vereinigten	58
verluste	58
veränderungen	58
viertel	58
wechseln	58
äußerst	58
angreifer	57
aufbau	57
bedenken	57
champions	57
definitiv	57
ecke	57
einiger	57
empfiehlt	57
enorm	57
f	57
fahrzeugen	57
finanzierung	57
geflüchtete	57
gesichert	57
global	57
gästen	57
halben	57
hast	57
hunderte	57
häufiger	57
häuser	57
informieren	57
kamera	57
kampagne	57
kooperation	57
landgericht	57
leichter	57
ministerium	57
moderne	57
n	57
nennen	57
praktisch	57
rasch	57
rief	57
sinnvoll	57
speziell	57
verfolgen	57
verfügbar	57
verliert	57
verlust	57
veröffentlichten	57
vorgeworfen	57
werke	57
wusste	57
zentimeter	57
zweiter	57
album	56
anhänger	56
anliegen	56
ausgestattet	56
belarus	56
bestimmt	56
bildung	56
echte	56
eigentümer	56
ereignete	56
erscheint	56
erwachsene	56
erzielte	56
etliche	56
felix	56
finanziert	56
gelassen	56
genießen	56
geprägt	56
geschwindigkeit	56
hektar	56
historischen	56
interessant	56
josef	56
karte	56
kontrolliert	56
löwen	56
nachbarn	56
passen	56
rat	56
realität	56
rückstand	56
schmidt	56
spiegel	56
starb	56
teilnahme	56
treiben	56
verboten	56
vereins	56
versuchte	56
wirtschaftliche	56
wolfsburg	56
ärzte	56
übernimmt	56
angenommen	55
außen	55
bereitet	55
bundes	55
dauer	55
donald	55
donezk	55
durchschnittlich	55
einsetzen	55
erforderlich	55
erhältlich	55
erinnern	55
front	55
gebraucht	55
gelte	55
genügend	55
getragen	55
gewarnt	55
gewerkschaft	55
halbe	55
halbfinale	55
intensiv	55
israel	55
kleinere	55
kurzer	55
lautet	55
liefert	55
mannes	55
mark	55
microsoft	55
option	55
ordentlich	55
perfekt	55
potenzial	55
real	55
satz	55
schnee	55
senken	55
sicherlich	55
sichern	55
siegen	55
strafe	55
ständig	55
tour	55
versuche	55
vorwurf	55
wünsche	55
zogen	55
analysten	54
angeklagte	54
ausnahme	54
beenden	54
behauptet	54
bestand	54
bier	54
damaligen	54
einerseits	54
entschied	54
freue	54
gelegenheit	54
gering	54
hans	54
heisst	54
institut	54
interessiert	54
klassischen	54
mut	54
nationen	54
philipp	54
prüfen	54
republik	54
richtet	54
schauspielerin	54
schlechte	54
senat	54
sieger	54
software	54
stammen	54
taten	54
technische	54
verlängerung	54
verrät	54
verteidigen	54
warf	54
willkommen	54
wolf	54
wunder	54
abgesehen	53
aktionen	53
angewiesen	53
anlagen	53
aufgerufen	53
auseinandersetzung	53
beinahe	53
berg	53
bestätigen	53
bmw	53
deutliche	53
dreht	53
endgültig	53
erheblich	53
eröffnung	53
fertig	53
fliegen	53
gekauft	53
geringer	53
gewisse	53
geändert	53
hafen	53
heimspiel	53
hof	53
julian	53
jung	53
kilometern	53
kleidung	53
kombination	53
kümmern	53
künftige	53
leer	53
marcel	53
männern	53
negativen	53
netflix	53
pflicht	53
planung	53
rezession	53
rtl	53
schwarz	53
schönen	53
sg	53
spuren	53
staatliche	53
todesfälle	53
verabschiedet	53
verschoben	53
verspricht	53
west	53
zuständigen	53
angriffskrieg	52
ankündigung	52
aufgebaut	52
aufmerksamkeit	52
aufnahmen	52
ausgleich	52
ba	52
beschreibt	52
bestehenden	52
besuchen	52
bundespolizei	52
deutsch	52
dienen	52
dran	52
duisburg	52
eigener	52
eigenes	52
einheiten	52
enthält	52
ersetzt	52
fahrrad	52
for	52
fortgesetzt	52
freiburg	52
fügte	52
gebieten	52
geholt	52
gelegen	52
gerhard	52
gesundheitsminister	52
geäußert	52
haltung	52
herzen	52
höhepunkt	52
jan	52
karlsruhe	52
klären	52
krone	52
kräfte	52
landete	52
langer	52
lauf	52
le	52
lädt	52
schwester	52
setzten	52
solcher	52
song	52
staatlichen	52
stadtverwaltung	52
testen	52
text	52
tobias	52
tom	52
umgehen	52
verfolgt	52
vorgaben	52
wachsen	52
weltmeister	52
zivilisten	52
zumal	52
österreichische	52
abstimmung	51
agentur	51
aktivitäten	51
ausfallen	51
autor	51
beteiligung	51
betreiber	51
bündnis	51
dauerhaft	51
doppelt	51
drehen	51
ebene	51
einheit	51
einnahmen	51
erhöhte	51
erreichte	51
feuerwehren	51
französische	51
geboten	51
größe	51
hinweg	51
hinweis	51
infolge	51
innenminister	51
jörg	51
jüngst	51
landtag	51
letzter	51
madrid	51
mercedes	51
mitteilt	51
offene	51
posten	51
regionalen	51
startete	51
stephan	51
stärke	51
termine	51
tiroler	51
unbekannter	51
unseres	51
verkehrsunfall	51
vorsprung	51
vorwoche	51
zusätzlichen	51
züge	51
anbieten	50
besetzt	50
betreiben	50
bewegt	50
brasilien	50
burgenland	50
claudia	50
einzug	50
energiekosten	50
erinnerung	50
erkenntnissen	50
festival	50
fördern	50
gestaltet	50
gestiegenen	50
helfer	50
investiert	50
kanada	50
kommunikation	50
management	50
manager	50
meister	50
meyer	50
mobilität	50
modelle	50
münster	50
nationalspieler	50
negativ	50
papier	50
park	50
pfarrer	50
preisen	50
pressemitteilung	50
prinz	50
problemen	50
prognose	50
proteste	50
regisseur	50
runden	50
sichtbar	50
sprachen	50
stecken	50
stoppen	50
temperatur	50
tim	50
typ	50
verbesserung	50
vergleichsweise	50
verwenden	50
volle	50
vorarlberg	50
voraussetzungen	50
vorsitzender	50
zurzeit	50
ändert	50
überrascht	50
abgesagt	49
allgemeinen	49
angegriffen	49
aufnehmen	49
ausgabe	49
ausgaben	49
bargeld	49
breit	49
ca	49
ceo	49
demonstranten	49
diejenigen	49
eingeführt	49
eingerichtet	49
erzielen	49
experte	49
filme	49
freiwilligen	49
gastronomie	49
genauer	49
gerufen	49
graz	49
holt	49
https	49
jahrzehnte	49
kannst	49
kriegs	49
kölner	49
körperverletzung	49
letztes	49
nationalmannschaft	49
not	49
null	49
o	49
orten	49
positionen	49
präsentieren	49
rechnung	49
respekt	49
rückgang	49
sachsen	49
scheinen	49
schnellen	49
selben	49
sitz	49
spannend	49
stellungnahme	49
studien	49
thüringen	49
wächst	49
zahlt	49
übertragen	49
abgeordneten	48
aktive	48
analyse	48
and	48
andrea	48
angepasst	48
ard	48
aufgefordert	48
aufklärung	48
ausbruch	48
bundesländern	48
diesel	48
diskutieren	48
eindeutig	48
entlastung	48
enttäuscht	48
erweitert	48
ezb	48
falsche	48
fed	48
finanzminister	48
gebürtige	48
gefängnis	48
genaue	48
geschützt	48
gipfel	48
grossen	48
hierbei	48
infos	48
jens	48
jungs	48
kalten	48
kino	48
kleines	48
langfristig	48
mariupol	48
mieter	48
ministerin	48
nochmals	48
offizielle	48
papst	48
rhein	48
selbstverständlich	48
sportler	48
statement	48
stürzte	48
tesla	48
verbrauch	48
verlängert	48
verschärft	48
verursacht	48
veröffentlichte	48
vierte	48
volk	48
wagner	48
wohnen	48
wolodymyr	48
wünscht	48
zentralbank	48
ähnliche	48
überblick	48
übernahme	48
œ	48
abschied	47
afrika	47
alkohol	47
arzt	47
atmosphäre	47
austria	47
begründet	47
begründung	47
behalten	47
berichteten	47
besetzten	47
besitzer	47
betreibt	47
bonn	47
deal	47
drogen	47
erdgas	47
erfüllen	47
erweiterung	47
falle	47
farben	47
geflüchteten	47
gehörte	47
gesprächen	47
haft	47
haut	47
hände	47
interessen	47
kilogramm	47
klage	47
krankenhäuser	47
kreuz	47
kritisch	47
liege	47
lübeck	47
massiven	47
mehrmals	47
nachhaltig	47
netzwerk	47
news	47
omikron-variante	47
prüfung	47
raketen	47
schiff	47
schließt	47
schuld	47
seitens	47
service	47
solange	47
statistik	47
sterben	47
story	47
strukturen	47
sänger	47
tiefe	47
tote	47
umfasst	47
unternehmer	47
verbreitet	47
walter	47
zitiert	47
zuschauern	47
zuständige	47
überraschung	47
abgeben	46
abgegeben	46
angehörigen	46
anlässlich	46
anstatt	46
anzeigen	46
barcelona	46
baut	46
begriff	46
begrüßt	46
betrachtet	46
betreut	46
blickt	46
bürgern	46
chinesische	46
echt	46
finanziellen	46
funktionieren	46
gezwungen	46
greift	46
hauses	46
heizen	46
hitze	46
klub	46
kräftig	46
königin	46
medizinische	46
messe	46
militär	46
nase	46
niemals	46
orf	46
patrick	46
produkt	46
rauch	46
reform	46
regelung	46
restaurant	46
rettungsdienst	46
sahen	46
salzburger	46
scharf	46
schlag	46
spielern	46
stadtwerke	46
steinmeier	46
tatort	46
ticket	46
tourismus	46
traditionell	46
trocken	46
türen	46
verpasst	46
versorgen	46
verteidigt	46
vielfalt	46
wahlkampf	46
website	46
öfter	46
übergeben	46
anerkennung	45
anforderungen	45
anwalt	45
aussicht	45
becker	45
belgien	45
bestellt	45
bundesland	45
chinas	45
digital	45
dreimal	45
einig	45
einmarsch	45
einzigen	45
elizabeth	45
ereignisse	45
erfurt	45
ergibt	45
erkrankung	45
erschienen	45
erwachsenen	45
extra	45
freiwillige	45
freunden	45
führenden	45
führten	45
gemessen	45
gerettet	45
gesetzlichen	45
gewicht	45
handelte	45
hauptsächlich	45
händler	45
infrage	45
kiel	45
klassische	45
krisen	45
kämpfe	45
laufende	45
lieferung	45
ludwig	45
media	45
militärischen	45
mitgeteilt	45
nachwuchs	45
parkplatz	45
pass	45
reichweite	45
rettung	45
ruft	45
sammeln	45
schatten	45
schlagen	45
simon	45
songs	45
sonntagabend	45
spiels	45
spielzeit	45
stehenden	45
verbrechen	45
verraten	45
voraus	45
vorgänger	45
vorsicht	45
wasserstoff	45
werder	45
xi	45
aktivisten	44
anna	44
baby	44
bayer	44
beliebte	44
beliebten	44
beschäftigte	44
blicken	44
breite	44
comeback	44
defensive	44
denkt	44
direkte	44
einfacher	44
endete	44
erlitten	44
faktoren	44
finnland	44
flächen	44
fpö	44
gefällt	44
geliefert	44
gesenkt	44
globale	44
harry	44
hotels	44
indien	44
jahresende	44
kevin	44
lager	44
langjährige	44
manchester	44
mengen	44
namens	44
nationale	44
oberbürgermeister	44
planen	44
polizeisprecher	44
quasi	44
radfahrer	44
regierungen	44
ring	44
schlechten	44
schwieriger	44
seither	44
singen	44
standard	44
steigern	44
teilnehmenden	44
tiefer	44
tolle	44
transport	44
täglichen	44
umgehend	44
ungefähr	44
ungewöhnlich	44
unterschiedlich	44
verantworten	44
vereinbart	44
vermehrt	44
verschwinden	44
verstorbenen	44
vorbild	44
vormittag	44
waffenlieferungen	44
welchem	44
zentralen	44
übrigen	44
abhängig	43
allzu	43
angeht	43
befreien	43
beitragen	43
berücksichtigt	43
besitzt	43
betrag	43
bürgermeisterin	43
dieter	43
djokovic	43
draußen	43
dänemark	43
echten	43
einfache	43
einschließlich	43
engagiert	43
entwicklungen	43
entwurf	43
erlitt	43
eur	43
folgenden	43
fraktion	43
gebiete	43
geburt	43
gegensatz	43
gelangen	43
gelernt	43
gelöscht	43
geschätzt	43
gesund	43
gewohnt	43
heiß	43
hielten	43
hinsichtlich	43
hört	43
irgendwie	43
junger	43
küche	43
langem	43
merkel	43
mission	43
nagelsmann	43
potsdam	43
provinz	43
rock	43
rät	43
räume	43
saß	43
schaffte	43
schlüssel	43
siege	43
silber	43
spezielle	43
steigender	43
unfallstelle	43
unmöglich	43
untersuchungen	43
vereinen	43
verlegt	43
verteidigung	43
verändern	43
veröffentlichung	43
vorhanden	43
vorsitzenden	43
zurückkehren	43
aufwand	42
ausgefallen	42
bundesamt	42
bundesländer	42
chinesischen	42
diesjährigen	42
dirk	42
drin	42
duo	42
ehrlich	42
einstimmig	42
em	42
empfehlung	42
erfolgreichen	42
fit	42
fonds	42
fragt	42
gelingen	42
georg	42
gescheitert	42
günther	42
habt	42
herbert	42
impfstoff	42
james	42
jener	42
joachim	42
katharina	42
kehrt	42
konto	42
kritische	42
legten	42
leid	42
nehammer	42
normalen	42
offensive	42
polizist	42
rufen	42
ruhig	42
schleswig-holstein	42
schlicht	42
schumacher	42
schwierigkeiten	42
schätzt	42
sichere	42
united	42
verdienen	42
verkündet	42
verträge	42
vorn	42
vorteile	42
w	42
weber	42
welle	42
wiederholt	42
wissenschaft	42
zeige	42
ärger	42
abseits	41
angesprochen	41
aussieht	41
baustelle	41
beantworten	41
bedeuten	41
beschäftigen	41
besseren	41
beteiligen	41
bitcoin	41
damalige	41
dax	41
demnächst	41
dokumente	41
donnerstagabend	41
durchschnitt	41
einschränkungen	41
eintritt	41
entscheidende	41
entwickler	41
erkenntnisse	41
euro-ticket	41
flick	41
forschung	41
fünften	41
gefolgt	41
gefördert	41
gemeinschaft	41
gemäss	41
gemüse	41
gesammelt	41
gestanden	41
geworfen	41
gewährleisten	41
grosse	41
gründung	41
heimische	41
highlight	41
hochzeit	41
hängen	41
jederzeit	41
katholischen	41
kita	41
kohle	41
konzentrieren	41
krankenhäusern	41
krim	41
lukas	41
nah	41
olympia	41
panzer	41
promille	41
protest	41
rad	41
rechtzeitig	41
ruf	41
räumen	41
saudi-arabien	41
schicken	41
sechsten	41
spannende	41
sprung	41
stufe	41
trafen	41
tschechien	41
umbau	41
umfang	41
umständen	41
untergebracht	41
vereinzelt	41
vergeben	41
verstorben	41
verzichtet	41
vorlage	41
wahlen	41
weltkrieg	41
westliche	41
zugelassen	41
zusammenstoß	41
zustimmung	41
überprüft	41
abends	40
absolviert	40
abteilung	40
aktiven	40
anhand	40
arena	40
bauer	40
befürchten	40
belastung	40
bern	40
bestehende	40
bildet	40
braunschweig	40
buy	40
bvb	40
charakter	40
dicht	40
distanz	40
diverse	40
dominik	40
durchgang	40
einfachen	40
eingang	40
enge	40
erstellt	40
fakten	40
fifa	40
flüchtlingen	40
geleistet	40
genannten	40
geschichten	40
hab	40
hauptbahnhof	40
hilfen	40
innsbruck	40
is	40
italienischen	40
john	40
klaren	40
konkreten	40
kreml	40
kärnten	40
la	40
landen	40
landeshauptstadt	40
lasse	40
längere	40
mrd	40
netzwerken	40
normal	40
prinzip	40
ralf	40
rande	40
reagierte	40
ressourcen	40
riesige	40
saarland	40
schiedsrichter	40
schlechter	40
schmid	40
serbien	40
spanier	40
stiegen	40
symptome	40
sängerin	40
touristen	40
trainiert	40
unteren	40
unverletzt	40
ursula	40
verbindungen	40
verfügen	40
vermisst	40
vermögen	40
versprechen	40
warnen	40
werbung	40
zimmer	40
zuversichtlich	40
zwischenzeitlich	40
überwiegend	40
üblichen	40
übrig	40
abhängigkeit	39
amerikanische	39
anträge	39
bedrohung	39
blut	39
bücher	39
chaos	39
decken	39
dient	39
direktor	39
eingeleitet	39
empfangen	39
erschien	39
erstmal	39
erwähnt	39
farbe	39
festen	39
finanzieren	39
funktionen	39
gaslieferungen	39
geschossen	39
gewinne	39
grundstück	39
gäbe	39
haare	39
heftige	39
hergestellt	39
hohem	39
händen	39
julia	39
justiz	39
jüngste	39
katastrophe	39
kenne	39
kollege	39
kritiker	39
kündigt	39
leitet	39
leuten	39
luhansk	39
mainz	39
marc	39
medizinischen	39
mehrerer	39
modernen	39
motivation	39
motorradfahrer	39
mutmaßlichen	39
neubau	39
paket	39
partnern	39
party	39
porsche	39
profis	39
regierungschef	39
regionale	39
rentner	39
riesigen	39
sank	39
sarah	39
siehe	39
sinken	39
sorgten	39
spur	39
stars	39
trennen	39
trennung	39
umsetzen	39
unglück	39
verdächtige	39
verstanden	39
verzeichnet	39
vorschläge	39
vorübergehend	39
wahr	39
wahrscheinlichkeit	39
wand	39
wichtiges	39
willen	39
wolken	39
zweites	39
zähler	39
übernahm	39
üblich	39
abgelehnt	38
alarmiert	38
analyst	38
arbeitete	38
ausmaß	38
barbara	38
bayerns	38
bernhard	38
beziehen	38
bitten	38
boot	38
corona-krise	38
corona-maßnahmen	38
daneben	38
dwd	38
dürfe	38
einsätze	38
entwickelte	38
erfolgreiche	38
erzählte	38
fragte	38
gallen	38
geeignet	38
geholfen	38
gelaufen	38
getrennt	38
harte	38
heftig	38
juden	38
jury	38
jüngeren	38
keinerlei	38
klassenerhalt	38
kämpft	38
künftigen	38
künstlerin	38
landratsamt	38
leichten	38
leidet	38
mitarbeiterinnen	38
nachts	38
niederlande	38
nutzte	38
passanten	38
podcast	38
privat	38
präsentierte	38
reifen	38
rollen	38
schien	38
schwerpunkt	38
schwimmen	38
soweit	38
staatschef	38
stabil	38
standorten	38
steuer	38
strich	38
studenten	38
stuttgarter	38
t	38
umfragen	38
varianten	38
verdoppelt	38
verletzung	38
verstappen	38
vorgelegt	38
weite	38
wen	38
änderung	38
absage	37
angehoben	37
anne	37
apps	37
argentinien	37
argument	37
ausgebaut	37
aussendung	37
beantragt	37
befreit	37
begleiten	37
bemühungen	37
bereiten	37
betreuung	37
bezüglich	37
bildern	37
bist	37
brachten	37
cherson	37
deine	37
derzeitigen	37
direkten	37
donbass	37
ehefrau	37
einblick	37
eingeschränkt	37
enormen	37
erhoben	37
erläutert	37
ernährung	37
erreichbar	37
ersatz	37
falschen	37
führerschein	37
gang	37
geklärt	37
gelsenkirchen	37
glas	37
grün	37
gutachten	37
herstellung	37
hsg	37
infiziert	37
jahrhunderts	37
jährlichen	37
kaffee	37
kleineren	37
kontrollieren	37
lenker	37
lied	37
main	37
manfred	37
manuel	37
ministerpräsidenten	37
mittag	37
morgens	37
neuesten	37
nochmal	37
notwendige	37
nötige	37
passagiere	37
perspektive	37
presse	37
prognosen	37
prozentpunkte	37
präsenz	37
rb	37
reaktionen	37
regelungen	37
richard	37
risiken	37
rom	37
schweigen	37
schätzen	37
spieltag	37
sämtliche	37
technologien	37
ton	37
tot	37
tätigkeit	37
ukraine-kriegs	37
umstrittenen	37
umzug	37
verbot	37
verbringen	37
vorab	37
wechselte	37
wenden	37
wieso	37
william	37
überlegen	37
abgeordnete	36
abwehr	36
allianz	36
angehörige	36
antwortete	36
ausdruck	36
beachten	36
bekämpfen	36
benjamin	36
benötigen	36
beratung	36
bereiche	36
beschrieben	36
bett	36
bewertet	36
branchen	36
bsc	36
bundespräsident	36
corona-infektion	36
denkbar	36
dunkle	36
ehemann	36
eineinhalb	36
empfohlen	36
entscheidenden	36
entscheidet	36
er-jahren	36
erkrankungen	36
event	36
festnahme	36
figur	36
freiwillig	36
fühle	36
geschieht	36
gewinner	36
gezielt	36
harald	36
hochschule	36
infektionszahlen	36
interessierte	36
jahreszeit	36
jenen	36
kandidat	36
kategorie	36
kochen	36
konzerte	36
leitete	36
medienberichten	36
medikamente	36
meisterschaft	36
mitunter	36
mobile	36
mund	36
niklas	36
opfern	36
orte	36
partien	36
premierminister	36
rainer	36
rassismus	36
reich	36
rheinland-pfalz	36
russischem	36
russisches	36
sage	36
samstagmorgen	36
schade	36
senioren	36
social	36
soziales	36
status	36
stil	36
strecken	36
tatverdächtigen	36
tausend	36
teuerung	36
thüringer	36
trinken	36
türkischen	36
unglaublich	36
veranstaltet	36
verdächtigen	36
verringern	36
windows	36
wuchs	36
wähler	36
wärme	36
abschnitt	35
absolute	35
amerika	35
amtsgericht	35
angeles	35
anstehenden	35
arbeitnehmer	35
arme	35
arten	35
aufgefallen	35
ausdrücklich	35
auszeichnung	35
bedeckt	35
befürchtet	35
beides	35
beine	35
belegen	35
ben	35
bestens	35
besuchern	35
breiten	35
bull	35
bundeswirtschaftsminister	35
bunten	35
center	35
circa	35
cup	35
dachte	35
derart	35
dialog	35
dritter	35
einzig	35
enden	35
englischen	35
erhielten	35
erworben	35
festgelegt	35
fleisch	35
fortschritte	35
gemeint	35
geschmack	35
harten	35
inhalte	35
integration	35
jubiläum	35
katze	35
keinem	35
konsequent	35
kostete	35
langjährigen	35
leser	35
lieferketten	35
lust	35
löst	35
migranten	35
moderator	35
monats	35
montagmorgen	35
motor	35
nachbarland	35
nancy	35
niedrigen	35
notwendigen	35
paderborn	35
polizeiinspektion	35
power	35
produzieren	35
reisende	35
restaurants	35
rose	35
schlimmer	35
schneider	35
schäfer	35
situationen	35
spanischen	35
sportlich	35
stellung	35
tasche	35
uni	35
usd	35
verpassen	35
verteidiger	35
verweist	35
vision	35
vorherigen	35
wem	35
werten	35
wiesbaden	35
zeichnet	35
zugriff	35
zukünftig	35
zweier	35
überprüfen	35
abermals	34
angezeigt	34
ansatz	34
aufbauen	34
ausgegangen	34
ausschuss	34
bat	34
befanden	34
behaupten	34
beliebt	34
bemüht	34
bestandteil	34
besucherinnen	34
blauen	34
brot	34
budget	34
busse	34
christine	34
clubs	34
community	34
corona-regeln	34
daß	34
dein	34
einbruch	34
eingereicht	34
eintreffen	34
elon	34
entfernen	34
erheblichen	34
erhöhten	34
erinnerte	34
erläuterte	34
erwischt	34
essener	34
fan	34
ferrari	34
feststellen	34
ffp	34
figuren	34
folgten	34
formuliert	34
freizeit	34
fünfte	34
gefasst	34
geflogen	34
gespannt	34
gewachsen	34
gott	34
gramm	34
griechenland	34
hsv	34
interessieren	34
kostenlosen	34
kreuzung	34
laura	34
letztendlich	34
lewandowski	34
leyen	34
linz	34
massive	34
messen	34
mexiko	34
mischung	34
mitgliedern	34
nachhaltige	34
norwegen	34
nö	34
nürnberger	34
professor	34
qualifikation	34
roth	34
solch	34
speziellen	34
sportdirektor	34
späteren	34
straftaten	34
streng	34
supermarkt	34
total	34
trailer	34
treibt	34
tödlichen	34
ukrainischer	34
unterlagen	34
uwe	34
vermieter	34
vermutet	34
versichert	34
verteidigungsministerium	34
verwendung	34
vielerorts	34
viertelfinale	34
vorbereitungen	34
vordergrund	34
vorsichtig	34
vorzeitig	34
weisen	34
wenigstens	34
wonach	34
zustande	34
zweck	34
äußern	34
absoluten	33
altstadt	33
angegeben	33
ansehen	33
arm	33
augsburger	33
baden	33
basel	33
begrenzt	33
beider	33
belastet	33
berichte	33
bernd	33
bestehe	33
betreten	33
bewertung	33
bezieht	33
blumen	33
botschafter	33
brach	33
bremer	33
bundestrainer	33
chris	33
christopher	33
dankbar	33
derby	33
detail	33
dingen	33
drücken	33
durchschnittliche	33
effekt	33
einigung	33
einzusetzen	33
engen	33
entlastungen	33
erinnerungen	33
erkannt	33
erledigt	33
erweitern	33
eskalation	33
fehlte	33
fester	33
ford	33
forum	33
franzosen	33
freilich	33
fähigkeiten	33
fürchten	33
gedreht	33
geleitet	33
genehmigt	33
generationen	33
gerecht	33
gewerkschaften	33
grundschule	33
günstiger	33
handle	33
herrn	33
hierfür	33
hinein	33
hoffenheim	33
hunde	33
identität	33
infizierten	33
inflationsrate	33
insassen	33
italienische	33
jahreswechsel	33
jemals	33
jetzigen	33
kapazitäten	33
kapital	33
komplette	33
kriminalpolizei	33
kurse	33
kurt	33
käme	33
lachen	33
lebensmitteln	33
leere	33
leiche	33
leiterin	33
leverkusen	33
liebsten	33
liverpool	33
luzern	33
maschine	33
mecklenburg-vorpommern	33
meghan	33
mord	33
na	33
one	33
optionen	33
premier	33
reihen	33
rostock	33
ruhestand	33
rückzug	33
samsung	33
san	33
schülern	33
signal	33
sinkt	33
studio	33
sturz	33
szenen	33
tabelle	33
tatsache	33
teilnehmern	33
traditionelle	33
ulrich	33
unterricht	33
unterscheiden	33
unterschiede	33
verschwunden	33
versteht	33
villa	33
voraussetzung	33
weitergehen	33
weltweiten	33
wut	33
youtube	33
amerikanischen	32
applaus	32
arbeitsmarkt	32
aufgehoben	32
ausrüstung	32
bauarbeiten	32
bauern	32
bayerische	32
bekamen	32
besitzen	32
beweis	32
black	32
business	32
damen	32
design	32
deutlichen	32
dfb	32
diversen	32
durften	32
einstieg	32
emissionen	32
energieversorgung	32
erkennt	32
ermitteln	32
erteilt	32
erzeugt	32
faeser	32
festivals	32
fließen	32
folgende	32
gebäuden	32
gelangt	32
george	32
geringen	32
gestohlen	32
gesundheitsämter	32
getränke	32
grand	32
hagen	32
heftigen	32
herren	32
hinblick	32
hinterher	32
hoffentlich	32
infizierte	32
innere	32
jobs	32
jonas	32
jones	32
klinikum	32
knappen	32
konkurrenten	32
kontakte	32
kriterien	32
landwirte	32
leidenschaft	32
leipziger	32
liefen	32
liest	32
lufthansa	32
maschinen	32
maßgeblich	32
mediziner	32
mordes	32
märkte	32
niedriger	32
oberösterreich	32
pc	32
protesten	32
rente	32
robert-koch-institut	32
rot	32
räumte	32
sabine	32
schicksal	32
schlagzeilen	32
schuldig	32
schwierige	32
single	32
sofern	32
sowjetunion	32
sportlichen	32
spürbar	32
starker	32
strand	32
street	32
teilten	32
telekom	32
tollen	32
traditionellen	32
umstellung	32
umzusetzen	32
verbindet	32
verlangen	32
verordnung	32
visier	32
vollen	32
waffe	32
wechselt	32
wesentlichen	32
zufällig	32
österreicher	32
aachen	31
abkommen	31
armut	31
asien	31
aufarbeitung	31
auflösung	31
aufsehen	31
ausgehen	31
ausgestellt	31
bach	31
beeinflusst	31
begeisterung	31
begrüßen	31
beratungen	31
bereitschaft	31
besuchte	31
bundesgesundheitsminister	31
bürgergeld	31
corona-fälle	31
corona-neuinfektionen	31
coronapandemie	31
dargestellt	31
darstellt	31
dementsprechend	31
dortigen	31
durchführung	31
einzelhandel	31
elisabeth	31
ereignis	31
ergänzte	31
erledigen	31
erneuerbaren	31
eröffnen	31
fahrgäste	31
fahrtrichtung	31
fehlenden	31
flugzeug	31
fluss	31
franziska	31
freute	31
frühling	31
fußgänger	31
game	31
gazprom	31
gegenseitig	31
gehalt	31
gelesen	31
geregelt	31
gewitter	31
handele	31
heizung	31
helmut	31
hinweisen	31
individuell	31
jemanden	31
kaiser	31
kassel	31
kim	31
kommentar	31
konfrontiert	31
kontrollen	31
krankheiten	31
kritisieren	31
küste	31
lieben	31
längeren	31
meldeten	31
metall	31
methoden	31
monatlich	31
museen	31
mutmaßliche	31
müll	31
niederlanden	31
notruf	31
optimistisch	31
plänen	31
priorität	31
präsentation	31
rahmenbedingungen	31
rettungskräfte	31
richten	31
richterin	31
schau	31
schießen	31
schmerzen	31
schulden	31
seid	31
smartphones	31
spekulationen	31
sportliche	31
spritpreise	31
station	31
steigerung	31
stress	31
stärksten	31
szenario	31
süd	31
telefonnummer	31
telegram	31
torhüter	31
tödlich	31
unmut	31
vereinigung	31
verfassung	31
verlief	31
verpflichtung	31
versetzt	31
veränderung	31
vorläufig	31
wiese	31
wild	31
wirtschaftsminister	31
woher	31
zeitgleich	31
zoll	31
öffnet	31
überwinden	31
air	30
akteure	30
alarm	30
angeordnet	30
angesetzt	30
angriffen	30
ausbauen	30
ausfall	30
auswertung	30
außenministerin	30
beeinflussen	30
befragt	30
begangen	30
benedikt	30
bergen	30
berichterstattung	30
beschädigte	30
besetzung	30
besonderer	30
besorgt	30
betrüger	30
bot	30
bundesrepublik	30
bundesstraße	30
darmstadt	30
demokratische	30
dramatisch	30
drauf	30
drehte	30
durchs	30
durchsetzen	30
dutzend	30
e-mail	30
eingegangen	30
einkaufen	30
einziger	30
einziges	30
endspiel	30
energiewende	30
entspannung	30
erdogan	30
faktor	30
filmen	30
fraglich	30
freigegeben	30
frischen	30
fügt	30
gefüllt	30
gemälde	30
halbjahr	30
handelsblatt	30
hass	30
hausherren	30
hendrik	30
heutzutage	30
hingewiesen	30
image	30
inneren	30
insolvenz	30
installiert	30
instrument	30
investor	30
isolation	30
it	30
jahrelang	30
kindes	30
klimakrise	30
konferenz	30
kräften	30
kurve	30
kämen	30
landet	30
lastwagen	30
lawrow	30
loch	30
lokal	30
maß	30
meines	30
mitgliedschaft	30
mittelfeld	30
momente	30
mönchengladbach	30
nahen	30
neuzugang	30
niedrig	30
ostern	30
parkplätze	30
plätzen	30
polnische	30
prix	30
profitiert	30
prozesse	30
pünktlich	30
regensburg	30
republikaner	30
roland	30
ronaldo	30
sat	30
scheiterte	30
schlimm	30
se	30
sexuellen	30
stabilität	30
stadtgebiet	30
stationen	30
stein	30
stern	30
stieß	30
taiwan	30
tieren	30
torwart	30
unabhängigkeit	30
unsicherheit	30
veröffentlichen	30
vielzahl	30
volker	30
vollständige	30
vorliegenden	30
vorliegt	30
vorwürfen	30
wahlkreis	30
warm	30
wenigsten	30
williams	30
zugenommen	30
zweieinhalb	30
achtelfinale	29
afghanistan	29
angela	29
ankommen	29
arbeiter	29
arbeitsplätze	29
atomkraftwerke	29
audi	29
aufregung	29
aufsteiger	29
auseinander	29
ausstattung	29
balkon	29
beauftragt	29
begegnungen	29
begleitung	29
besitz	29
bestellen	29
beweisen	29
bewiesen	29
bronze	29
charkiw	29
cloud	29
container	29
day	29
demokraten	29
deuten	29
donnerstagmorgen	29
düsseldorfer	29
ehepaar	29
ehrenamtlich	29
einblicke	29
eingreifen	29
einladung	29
empfehlen	29
ensemble	29
erhebliche	29
erneuten	29
erstellen	29
eu-staaten	29
eva	29
fabian	29
fachleute	29
fahrerin	29
feier	29
festgehalten	29
feuerwehrleute	29
fielen	29
forderten	29
format	29
fortsetzen	29
fritz	29
garantiert	29
geehrt	29
gefühlt	29
geist	29
gesellschaftlichen	29
gestrichen	29
gestürzt	29
hamilton	29
hervorragend	29
heutige	29
hilfreich	29
homeoffice	29
horst	29
humanitäre	29
höchst	29
installation	29
integriert	29
jähriges	29
kasse	29
kern	29
kindergärten	29
koch	29
kommentiert	29
lockerungen	29
lokalen	29
love	29
länge	29
magazin	29
marken	29
masse	29
mauer	29
mitarbeitenden	29
mittleren	29
musikalische	29
nahverkehr	29
nation	29
national	29
nächster	29
planungen	29
politischer	29
portal	29
portugal	29
preissteigerungen	29
projekts	29
rasant	29
rechtlichen	29
regime	29
saporischschja	29
sekunde	29
sicherstellen	29
souverän	29
spannung	29
spital	29
stahl	29
studierende	29
symbolbild	29
systeme	29
times	29
traurig	29
türkische	29
unfälle	29
unverändert	29
vereinbarung	29
vereinten	29
versehen	29
verstöße	29
weichen	29
wein	29
wetterdienst	29
wirkte	29
wirtschaftlich	29
wodurch	29
worauf	29
wurzeln	29
zürcher	29
äußerungen	29
öffnungszeiten	29
öpnv	29
abgang	28
ablauf	28
absolvieren	28
absturz	28
agenda	28
akzeptieren	28
alex	28
angekündigte	28
annalena	28
anzeichen	28
arabischen	28
athleten	28
aufeinander	28
behinderung	28
beispiele	28
belasten	28
benzin	28
beschwerden	28
bester	28
bestraft	28
bewusstsein	28
budapest	28
bunte	28
daheim	28
danke	28
darstellen	28
dunklen	28
durchführen	28
eh	28
einstellung	28
empfehlungen	28
enorme	28
entlastungspaket	28
erfreut	28
erkrankt	28
erlauben	28
erlebnis	28
erneuerbare	28
erwarteten	28
erwerben	28
erzeugen	28
eure	28
explosion	28
filialen	28
flug	28
fortsetzung	28
frankreichs	28
fußball-bundesliga	28
fußballer	28
füllen	28
ganzes	28
gebäudes	28
gebühren	28
geduld	28
gegenzug	28
gehörten	28
geltenden	28
genesen	28
geringe	28
gerüchte	28
gesetze	28
gesundheitsamt	28
gewannen	28
größerer	28
größter	28
heinz	28
hermann	28
herzlich	28
hinnehmen	28
hoffnungen	28
ig	28
immobilien	28
inhalt	28
innenministerium	28
innenverteidiger	28
institutionen	28
instituts	28
intelligenz	28
iphone	28
irgendwo	28
iserlohn	28
jahrzehnt	28
jena	28
keineswegs	28
kinos	28
kirchen	28
konsumenten	28
körperlich	28
leon	28
lieferungen	28
lisa	28
lockdown	28
mama	28
marine	28
maximilian	28
meldungen	28
methode	28
michel	28
milliarde	28
munition	28
musikalischen	28
nehme	28
neos	28
nerven	28
neuem	28
neutral	28
nieder	28
niederlagen	28
notfall	28
nächstes	28
oberfläche	28
omikron-welle	28
on	28
organisieren	28
ots	28
pariser	28
performance	28
prüft	28
radio	28
regulären	28
reichlich	28
rekord	28
reporter	28
reuters	28
saal	28
scheitern	28
schießt	28
sex	28
spannungen	28
staats	28
startschuss	28
steffen	28
stellvertretende	28
stoßen	28
suisse	28
systems	28
szenarien	28
trier	28
trumps	28
unabhängigen	28
unterbringung	28
unwahrscheinlich	28
verbündeten	28
verdanken	28
verließ	28
verlässt	28
vorgenommen	28
weibliche	28
westens	28
wirklichkeit	28
wohnraum	28
wohnt	28
zerstören	28
zeuge	28
zulassung	28
zurückgekehrt	28
örtlichen	28
überschritten	28
abschaffung	27
aggressiv	27
agieren	27
akku	27
allgemein	27
analysiert	27
angeschlossen	27
angriffs	27
anton	27
apotheken	27
ausblick	27
ausgegeben	27
bar	27
beigetragen	27
bekomme	27
bekämpfung	27
beläuft	27
bemerkbar	27
berühmte	27
bestimmen	27
betrachten	27
betragen	27
bezogen	27
braun	27
bremsen	27
butscha	27
dance	27
ddr	27
debüt	27
dienstleistungen	27
diesbezüglich	27
discounter	27
dortmunder	27
drama	27
dresdner	27
eigenem	27
entlassen	27
entspannt	27
ermittlungsverfahren	27
erschossen	27
erwarte	27
evangelischen	27
favorit	27
fazit	27
feste	27
frische	27
fuhren	27
fürth	27
gefährliche	27
gegebenenfalls	27
genauen	27
geradezu	27
geräten	27
gesellschaftliche	27
getreide	27
gewährleistet	27
gladbach	27
gratis	27
gründer	27
haaland	27
haas	27
hals	27
heidelberg	27
hierzu	27
identifiziert	27
index	27
informierte	27
insofern	27
intensive	27
karin	27
kicker	27
kitas	27
klappt	27
kreises	27
kryptowährungen	27
kümmert	27
lars	27
lebte	27
litauen	27
löschen	27
mail	27
marcus	27
martina	27
meinungen	27
mitteln	27
mittwochmorgen	27
mühe	27
nazis	27
nico	27
niemanden	27
notiert	27
obst	27
partnerschaft	27
pcr-tests	27
pendler	27
pipeline	27
pleite	27
potenzielle	27
prime	27
proben	27
präsidentin	27
q	27
rechtliche	27
regierungschefs	27
reiche	27
reist	27
research	27
restlichen	27
rettungshubschrauber	27
schiffe	27
schildert	27
schultern	27
schwedischen	27
schüsse	27
sicheren	27
skandal	27
sonnabend	27
sony	27
sperrung	27
stattgefunden	27
steiermark	27
stetig	27
stirbt	27
strategischen	27
straßenverkehr	27
stuft	27
susanne	27
sven	27
tiktok	27
timo	27
toll	27
toren	27
unentschieden	27
unterhaltung	27
unterzeichnet	27
vaters	27
verkündete	27
verlaufen	27
vermuten	27
verpasste	27
verurteilung	27
vorarlberger	27
wahre	27
weitergeht	27
widerspruch	27
zerstörung	27
zoo	27
zutritt	27
ähnlichen	27
ähnliches	27
überfall	27
überlassen	27
abgestimmt	26
abzuwarten	26
angemeldet	26
angesagt	26
angestellten	26
anschauen	26
anteile	26
anwesenden	26
arbeite	26
attacke	26
attraktiver	26
aufgeben	26
ausgenommen	26
ausnahmen	26
aussichten	26
basiert	26
bedient	26
begeistern	26
bekräftigte	26
benutzen	26
berater	26
berlins	26
beschränkt	26
bewältigen	26
bezeichnen	26
bischof	26
blockiert	26
brechen	26
bricht	26
bundesweite	26
böse	26
caritas	26
code	26
costa	26
darstellung	26
dasselbe	26
dorthin	26
drohenden	26
ehrenamtliche	26
ehrenamtlichen	26
eigentlichen	26
einander	26
einbringen	26
einreise	26
einsatzkräften	26
einsätzen	26
emmanuel	26
emotional	26
emotionen	26
energy	26
engagieren	26
enger	26
entdecken	26
er-jahre	26
erfolglos	26
erfuhr	26
erheben	26
erleichtern	26
favoriten	26
fehlten	26
ferien	26
florida	26
flüchtete	26
formen	26
fossilen	26
führe	26
geeinigt	26
gefangen	26
genossen	26
geschenk	26
gestaltung	26
gestärkt	26
gewünscht	26
grunde	26
hafenstadt	26
hebt	26
heck	26
heinrich	26
hervorgeht	26
hinterlassen	26
hob	26
intensivstationen	26
internationaler	26
jahresbeginn	26
jenseits	26
johann	26
jüngere	26
kabinett	26
kalt	26
kate	26
kennzeichen	26
klagenfurt	26
knie	26
kommentierte	26
konflikte	26
konservativen	26
kontrollierten	26
konzentriert	26
kriegsverbrechen	26
kubikmeter	26
kämpfer	26
käufer	26
lehnt	26
lehrkräfte	26
linien	26
lockt	26
lokale	26
mallorca	26
mangel	26
materialien	26
melnyk	26
meta	26
motiviert	26
nachhaltigen	26
notwendigkeit	26
oberste	26
objekte	26
offenbach	26
okay	26
oligarchen	26
organisatoren	26
parteichef	26
polizeilichen	26
prallte	26
problemlos	26
quellen	26
realistisch	26
sagten	26
sand	26
sandra	26
sars-cov	26
schlafen	26
schock	26
selbstständig	26
sicherte	26
sonntagmorgen	26
spielten	26
springen	26
starben	26
stimmte	26
stock	26
strafraum	26
studium	26
stärkste	26
suchten	26
superstar	26
südwesten	26
technisch	26
texte	26
therapie	26
tiefen	26
transformation	26
trauer	26
trockenheit	26
umstände	26
unabhängige	26
unterbrochen	26
unterhalten	26
verarbeitet	26
versammlung	26
versicherte	26
verstorbene	26
verweis	26
verzeichnen	26
vorbereiten	26
vorliegen	26
wahren	26
watt	26
weihnachtsmarkt	26
weiss	26
wohnhaus	26
zellen	26
zuwachs	26
äußert	26
übertragung	26
abenteuer	25
abfahrt	25
abgabe	25
abschließend	25
adac	25
aktienmarkt	25
aktionäre	25
aldi	25
alfred	25
allesamt	25
anfangs	25
angelegt	25
annehmen	25
anpassung	25
arbeitsplatz	25
aufzubauen	25
ausfällt	25
ausgebildet	25
ausgetragen	25
ausländische	25
ausweitung	25
autoren	25
bedürfnisse	25
beschleunigen	25
beschuss	25
bestätigten	25
bezahlung	25
bezirken	25
bildschirm	25
bruch	25
brunner	25
bundespräsidenten	25
carl	25
celsius	25
computer	25
demonstrationen	25
drastisch	25
drohnen	25
dutzende	25
ehemaliger	25
el	25
englisch	25
entdeckte	25
erhalt	25
erhofft	25
erlangen	25
ern	25
events	25
eventuell	25
exakt	25
existenz	25
ferne	25
ferner	25
feuerwerk	25
freier	25
freistaat	25
freundschaft	25
games	25
gefühle	25
geimpfte	25
genießt	25
gerichte	25
geschäften	25
gestoppt	25
gewechselt	25
go	25
gross	25
größtenteils	25
gänzlich	25
hacker	25
hammer	25
hinsicht	25
homepage	25
individuelle	25
individuellen	25
insider	25
intel	25
kennengelernt	25
klagen	25
klimawandels	25
koalitionsvertrag	25
kolleginnen	25
kontrahenten	25
krank	25
kreisen	25
kritischen	25
landesamt	25
landeshauptmann	25
laufzeit	25
laune	25
lebensgefahr	25
leclerc	25
lehre	25
leiten	25
leitzins	25
lena	25
lob	25
löhne	25
marketing	25
match	25
medikamenten	25
mehrheitlich	25
meistens	25
menschenrechte	25
merkt	25
mike	25
missbrauch	25
mitnehmen	25
mobilen	25
moderatorin	25
mutmaßlich	25
mögen	25
nachgewiesen	25
naturschutz	25
normalität	25
original	25
ostsee	25
otto	25
pfosten	25
piloten	25
pixel	25
playstation	25
prag	25
prominente	25
quer	25
radweg	25
rezept	25
rückschlag	25
rückte	25
schickt	25
schließung	25
schuhe	25
schwachen	25
schönsten	25
sexuelle	25
silvester	25
skeptisch	25
spezialisiert	25
spontan	25
standards	25
standorte	25
starkregen	25
startelf	25
strafen	25
struktur	25
stärkere	25
tatverdächtige	25
tel	25
trainieren	25
tränen	25
turin	25
turm	25
umfangreiche	25
umfassende	25
umfassenden	25
unfallaufnahme	25
untersagt	25
user	25
verabschieden	25
verfügbaren	25
verfügbarkeit	25
vermittelt	25
verstärken	25
verteilen	25
verteilung	25
vertretern	25
virtuellen	25
vorfreude	25
weitem	25
weiten	25
wende	25
whatsapp	25
wilhelm	25
wucht	25
wussten	25
you	25
zahlungen	25
zielen	25
älter	25
ära	25
ökonomen	25
überleben	25
abgebrochen	24
abgeholt	24
adler	24
ampel-koalition	24
anblick	24
angefangen	24
angestellte	24
anscheinend	24
auffällig	24
auflagen	24
ausgerichtet	24
auslöser	24
ausprobieren	24
auswirken	24
bahnen	24
bamberg	24
befragung	24
belastungen	24
beliebtesten	24
bemerkte	24
benachbarten	24
besetzte	24
beweise	24
bewerten	24
bloß	24
brüder	24
bundesweiten	24
bussen	24
chor	24
dauerte	24
dennis	24
derartige	24
deutlicher	24
dieselbe	24
durchbruch	24
ehre	24
eier	24
eingebracht	24
eingelegt	24
einhaltung	24
elektroautos	24
en	24
enttäuschung	24
erneute	24
evakuierung	24
feierten	24
fernseher	24
festhalten	24
finger	24
fix	24
flagge	24
fliegt	24
flut	24
fortuna	24
fremde	24
frühzeitig	24
fällig	24
gefährlichen	24
gefährlicher	24
gekämpft	24
geladen	24
gelebt	24
genehmigung	24
gerichtet	24
gesetzlich	24
getreten	24
gewusst	24
gewährt	24
gießen	24
green	24
haushalten	24
hinspiel	24
hürde	24
illegale	24
immunsystem	24
information	24
inhaber	24
inseln	24
interne	24
israelischen	24
jinping	24
kabine	24
kai	24
kalender	24
kalifornien	24
kammer	24
kg	24
kindergarten	24
klettern	24
kollegin	24
krebs	24
kuchen	24
kundinnen	24
kurzzeitig	24
kündigung	24
künstlerische	24
lambrecht	24
las	24
lebende	24
leistet	24
liebt	24
link	24
lockdowns	24
marktplatz	24
meier	24
meldung	24
mitgliedstaaten	24
mitternacht	24
müde	24
nachfolge	24
nasa	24
natürliche	24
nominiert	24
norbert	24
oberen	24
ost	24
parteitag	24
passende	24
pen	24
pfund	24
phänomen	24
plattformen	24
polnischen	24
portfolio	24
positives	24
prinzessin	24
produkten	24
propaganda	24
präsent	24
rapper	24
rechnungen	24
rettungswagen	24
richtungen	24
rückt	24
scheinbar	24
schlimmsten	24
schmeckt	24
schöner	24
seele	24
setze	24
sichtlich	24
solches	24
sommerferien	24
sonntagnachmittag	24
sowieso	24
speisen	24
stattfindet	24
stau	24
stoffe	24
stopp	24
stromversorgung	24
stärkung	24
symbol	24
südlich	24
tätigkeiten	24
ufer	24
umstand	24
unterhalb	24
unterschiedlicher	24
unterschrieben	24
urlauber	24
verbraucht	24
verbundenen	24
verdachts	24
vergleichbar	24
verliehen	24
vermeintlich	24
versprach	24
versteckt	24
verzögerungen	24
volkswagen	24
vollkommen	24
vorgeschlagen	24
vorkommen	24
vorstellungen	24
wachsenden	24
wahrgenommen	24
weiterentwicklung	24
weltmeisterschaft	24
werkzeug	24
winkel	24
wissing	24
womit	24
zucker	24
zugunsten	24
überzeugung	24
übung	24
abgekommen	23
abstieg	23
adresse	23
aggression	23
akt	23
akw	23
android	23
andré	23
anfragen	23
angesiedelt	23
angestiegen	23
ankunft	23
anmeldung	23
anordnung	23
anschlag	23
anstelle	23
antisemitismus	23
atomkraft	23
auflage	23
aufsichtsrat	23
aufstellung	23
auftritte	23
ausfälle	23
ausgeliefert	23
auslösen	23
ausverkauft	23
axel	23
bandbreite	23
beantragen	23
bedeute	23
bedingt	23
befuhr	23
begleiter	23
bekanntlich	23
bemerkt	23
beobachter	23
berechnet	23
bergung	23
berner	23
besatzung	23
bestreitet	23
bettina	23
bewölkt	23
bielefeld	23
brannte	23
brust	23
buche	23
bühnen	23
daumen	23
derzeitige	23
diebstahl	23
dienstagnachmittag	23
dienste	23
disney	23
display	23
documenta	23
dreier	23
drohte	23
durchsucht	23
echter	23
echtes	23
eingehalten	23
eingriff	23
einigkeit	23
einstellungen	23
erarbeitet	23
erfolgte	23
erholung	23
erkenntnis	23
erlassen	23
erleichterung	23
exklusiv	23
extreme	23
fahrten	23
fehlende	23
flugzeuge	23
fortschritt	23
frank-walter	23
führende	23
gb	23
geborene	23
geborgen	23
gebrochen	23
gegend	23
gegeneinander	23
gegenstände	23
geldstrafe	23
genf	23
geschleudert	23
geschäftsführerin	23
geschäftsjahr	23
geschäftsmodell	23
gesunde	23
gewartet	23
glücklicherweise	23
gottesdienst	23
gremium	23
grössten	23
handwerk	23
heidi	23
heil	23
heiße	23
herrmann	23
hiess	23
hintergründe	23
historisch	23
hofmann	23
home	23
hubschrauber	23
ideal	23
iii	23
initiativen	23
israelische	23
italiener	23
jazz	23
kameras	23
kapitel	23
katrin	23
ki	23
klarheit	23
kompletten	23
konsum	23
kostenlose	23
kruse	23
kunstwerke	23
kurzerhand	23
langfristigen	23
lauten	23
lee	23
lobte	23
logo	23
luxemburg	23
lücke	23
markiert	23
medaille	23
messi	23
mieten	23
milch	23
mittelfeldspieler	23
mv	23
möglicher	23
neustadt	23
nordosten	23
notarzt	23
nunmehr	23
op	23
ortszeit	23
papiere	23
pcr-test	23
perfekte	23
personell	23
planeten	23
pokal	23
polizeipräsidium	23
profi	23
radfahrerin	23
rasche	23
reichte	23
reis	23
robin	23
ruhrgebiet	23
rundfunk	23
rätsel	23
samstagnachmittag	23
scheibe	23
schild	23
schilderte	23
schuljahr	23
seltener	23
steiner	23
strategische	23
stromverbrauch	23
städtische	23
stören	23
stößt	23
stücke	23
tanzen	23
teamkollegen	23
teheran	23
tendenz	23
testspiel	23
transparenz	23
traten	23
trikot	23
träumen	23
tunnel	23
tweet	23
tägliche	23
ukraine-krieges	23
ukrainerinnen	23
unbekannt	23
unwetter	23
unzählige	23
us	23
vergabe	23
vergeblich	23
verglichen	23
verlierer	23
verlängern	23
versprochen	23
verständigt	23
verteidigungsminister	23
vielfach	23
vorhandenen	23
vorsorglich	23
werkstatt	23
wertvolle	23
wiederholen	23
wiesen	23
windräder	23
winterpause	23
zugestimmt	23
zurückzuführen	23
zverev	23
älteste	23
üben	23
abbau	22
abstimmen	22
affenpocken	22
alexandra	22
angriffskriegs	22
anhaltenden	22
anleihen	22
annahme	22
ansprache	22
anwendung	22
anzubieten	22
apa	22
arbeitslosigkeit	22
areal	22
as	22
aufkommen	22
ausstieg	22
ausweichen	22
auszeit	22
autorin	22
befreiung	22
begeben	22
begründete	22
bein	22
beklagt	22
berechnungen	22
bestes	22
betten	22
beute	22
bewerben	22
blatt	22
blaue	22
block	22
bolsonaro	22
bombe	22
booster	22
briten	22
bundesnetzagentur	22
büros	22
chelsea	22
datum	22
depp	22
donnerstagnachmittag	22
dramatische	22
drängt	22
dynamik	22
eingestuft	22
einwohnern	22
elemente	22
energieversorger	22
entdeckten	22
entfallen	22
entfernung	22
entschuldigung	22
erlebte	22
erleichtert	22
erneuert	22
errichten	22
erwartete	22
fair	22
fraktionen	22
freiem	22
freistoß	22
fsv	22
fuchs	22
fußball-wm	22
gasumlage	22
gegenwart	22
geiger	22
gekostet	22
gelandet	22
gelbe	22
gemäß	22
gepäck	22
gerissen	22
gestaltete	22
gesundheitlichen	22
gesundheitswesen	22
geteilt	22
gezahlt	22
goldenen	22
gärten	22
günter	22
haag	22
halb	22
halbes	22
hauptrolle	22
heran	22
herrschte	22
herzustellen	22
hessischen	22
hohes	22
humor	22
hunger	22
höchstens	22
interviews	22
jenem	22
jesus	22
johanna	22
kandidatur	22
kieler	22
kindheit	22
klarer	22
klubs	22
kollidierte	22
kompromiss	22
korrekt	22
kreisverwaltung	22
kunde	22
langsamer	22
legendäre	22
lieder	22
lieferte	22
lkw-fahrer	22
look	22
luca	22
löste	22
mars	22
mayer	22
maße	22
medaillen	22
mehrwertsteuer	22
menschheit	22
militärs	22
missbraucht	22
mittelfristig	22
mängel	22
märkten	22
mütter	22
nadal	22
nebenbei	22
nina	22
normale	22
novak	22
nutzten	22
oktoberfest	22
opel	22
orientierung	22
ortsteil	22
polizeiangaben	22
polizeibeamten	22
projekten	22
promis	22
psychischen	22
rafael	22
rand	22
rbb	22
re	22
reine	22
reinhard	22
rendite	22
räumlichkeiten	22
räumt	22
saarbrücken	22
sachsen-anhalt	22
salz	22
saniert	22
sascha	22
schmerz	22
schritten	22
schwäche	22
schätzungen	22
senkung	22
set	22
spart	22
spielplatz	22
sprich	22
stimmten	22
ständigen	22
störung	22
stünden	22
suchte	22
svp	22
teilgenommen	22
tschechischen	22
umgerechnet	22
unabhängiger	22
us-amerikanischen	22
us-regierung	22
verbraucherzentrale	22
verhältnisse	22
verkürzen	22
vermitteln	22
verschaffen	22
versicherung	22
verstecken	22
vertritt	22
verwaltungsgericht	22
verwiesen	22
vorhandene	22
vorjahres	22
vorzubereiten	22
vögel	22
wall	22
wiederaufbau	22
windkraft	22
wüst	22
zehntausende	22
zeitnah	22
zeitungen	22
zettel	22
zunahme	22
zunehmende	22
zurückgegangen	22
zuschuss	22
überholen	22
übersetzt	22
abgaben	21
abgezogen	21
abnehmen	21
achtung	21
ali	21
alternativ	21
anerkannt	21
angefahren	21
angeklagt	21
angekündigten	21
angelegenheit	21
angemessen	21
angespannt	21
angrenzenden	21
anhaltende	21
anpassen	21
anwesen	21
argumente	21
aspekt	21
at	21
aufträge	21
augenhöhe	21
ausbreitung	21
ausgebrochen	21
ausländischen	21
ausserdem	21
babys	21
baustellen	21
behinderungen	21
bekannter	21
benannt	21
benutzt	21
benötigten	21
berücksichtigen	21
berührt	21
beschuldigte	21
betreffen	21
beweist	21
big	21
bonner	21
bruno	21
buchen	21
bundestagswahl	21
bunt	21
böen	21
cd	21
cheftrainer	21
clemens	21
credit	21
dazwischen	21
demokratischen	21
demonstration	21
diagnose	21
digitaler	21
drängen	21
dunkelheit	21
e-autos	21
ecken	21
eingeliefert	21
einnehmen	21
empfang	21
energieverbrauch	21
entlasten	21
entschlossen	21
erfreulich	21
erstaunlich	21
eröffnete	21
expertin	21
expertinnen	21
externe	21
fachkräfte	21
fassen	21
fehle	21
feind	21
finanzministerium	21
first	21
fließt	21
flüssiggas	21
fördert	21
fühlte	21
gedrängt	21
geflüchtet	21
gehöre	21
geltend	21
generieren	21
gerechtigkeit	21
gereist	21
gesetzentwurf	21
gouverneur	21
grünes	21
gutem	21
günstige	21
haftstrafe	21
haltestelle	21
heard	21
herkunft	21
hobby	21
huber	21
häusern	21
innovation	21
installieren	21
intensiven	21
interessierten	21
iv	21
justin	21
jäger	21
jährliche	21
jüdischen	21
kabel	21
kanadische	21
kantonspolizei	21
kehrte	21
kennenlernen	21
kirchengemeinde	21
klimaziele	21
kommend	21
kommune	21
konsequenz	21
konstant	21
kontext	21
kreativität	21
kwh	21
künstlern	21
kürze	21
landesweit	21
landrat	21
lehnte	21
limit	21
literatur	21
livestream	21
locken	21
lärm	21
lübecker	21
magdeburg	21
mahnte	21
menschlichen	21
model	21
monika	21
motiv	21
mülheim	21
nachbarschaft	21
nachdenken	21
nachspielzeit	21
nachvollziehbar	21
nachvollziehen	21
nachweisen	21
neubrandenburg	21
niederländer	21
nördlich	21
nötigen	21
obersten	21
oper	21
operation	21
organisierte	21
oö	21
paare	21
parken	21
partnerin	21
passend	21
passierte	21
petra	21
praxen	21
preußen	21
programme	21
ran	21
realisiert	21
rechtlich	21
redet	21
release	21
rené	21
roboter	21
rtx	21
runter	21
saisonstart	21
schlugen	21
schoss	21
schutzmaßnahmen	21
schwach	21
schwache	21
schwung	21
schützt	21
services	21
singt	21
slowakei	21
slowenien	21
space	21
spanische	21
speicher	21
stellvertretender	21
store	21
symptomen	21
syrien	21
tafel	21
talente	21
taliban	21
teure	21
tipp	21
trage	21
transportiert	21
tricks	21
trio	21
truppe	21
tue	21
töchter	21
umstrittene	21
unfassbar	21
uniper	21
untersuchen	21
untersuchungshaft	21
ursprünglichen	21
us-notenbank	21
verbesserte	21
verbinden	21
verbleib	21
verbreitung	21
vergangen	21
vergleichen	21
verhandlung	21
verheiratet	21
verhängt	21
verriet	21
verrückt	21
verschiedener	21
verschärfen	21
verzeichnete	21
vettel	21
vierter	21
vogel	21
wandel	21
wartezeiten	21
weile	21
who	21
wider	21
wände	21
zimmermann	21
zone	21
zurückgewiesen	21
zurückgezogen	21
zurückgreifen	21
zwecke	21
zügig	21
ägypten	21
österreichweit	21
überlegt	21
überraschungen	21
abgelaufenen	20
absicht	20
alpen	20
amd	20
amtierende	20
angebracht	20
anhebung	20
anlauf	20
anpassungen	20
anschaffung	20
anschlussstelle	20
ansichten	20
arbeitsbedingungen	20
asphalt	20
aufhören	20
ausgang	20
ausgeht	20
ausgetauscht	20
auskunft	20
ausschluss	20
autobahnen	20
bauzeit	20
beeindruckt	20
begegnung	20
beiträge	20
belaufen	20
beleuchtet	20
beleuchtung	20
bellen	20
bemerkenswert	20
benötigte	20
bequem	20
berufliche	20
beschuldigten	20
besprochen	20
bevorstehenden	20
bidens	20
biontech	20
blinken	20
box	20
brandenburger	20
brandt	20
brandursache	20
brutto	20
bundesstaat	20
bäumen	20
café	20
carlos	20
chefin	20
corona-infektionen	20
dato	20
deutschsprachigen	20
diesjährige	20
dietmar	20
diplomaten	20
diskriminierung	20
dj	20
dokument	20
dokumentation	20
dortige	20
dramatischen	20
durchgesetzt	20
einführen	20
einstige	20
eishockey	20
elektrische	20
emotionale	20
erfurter	20
ergebnissen	20
eric	20
erich	20
erreichten	20
erschüttert	20
erwiesen	20
explizit	20
fachkräftemangel	20
films	20
finalen	20
flüge	20
freitagnachmittag	20
frust	20
fähigkeit	20
fängt	20
fünftel	20
gebildet	20
gebrauch	20
gebunden	20
gelegenen	20
gemeinsames	20
gemerkt	20
genannte	20
general	20
genesene	20
gera	20
germany	20
gesamtzahl	20
geschaut	20
geschenke	20
gesichtet	20
gestrigen	20
getrieben	20
goldene	20
gucken	20
gültigen	20
günstigen	20
haaren	20
half	20
heiligen	20
herne	20
highlights	20
holger	20
hose	20
hunderttausende	20
hut	20
hürden	20
illegal	20
impfstoffe	20
impfzentrum	20
impulse	20
innovativen	20
intensiver	20
interessante	20
investition	20
investment	20
irak	20
istanbul	20
jennifer	20
journalistin	20
jubeln	20
kannte	20
katholische	20
katzen	20
kerzen	20
klassen	20
klitschko	20
kollision	20
kommunalen	20
komponenten	20
kongress	20
konservative	20
konter	20
kontinuierlich	20
konzentration	20
kranken	20
kremlchef	20
kriege	20
kroatien	20
kugel	20
lacht	20
lady	20
last	20
lauter	20
level	20
lohn	20
lohnen	20
mailand	20
mangels	20
mannheim	20
mehrkosten	20
miami	20
michelle	20
mick	20
miete	20
migration	20
mitmachen	20
mix	20
mm	20
motorrad	20
musikalisch	20
nationalrat	20
negative	20
notfalls	20
nvidia	20
optimal	20
papa	20
parlaments	20
patientinnen	20
personelle	20
potsdamer	20
produzenten	20
quadratmetern	20
rabatt	20
rakete	20
rechtskräftig	20
reduzierung	20
regelrecht	20
rekordmeister	20
remis	20
rewe	20
richtete	20
rutschen	20
rücksicht	20
saisonende	20
schickte	20
schieben	20
schlimmste	20
schmuck	20
schrecklichen	20
schwarzer	20
schönes	20
schülerin	20
security	20
senden	20
seniorin	20
sergej	20
siegfried	20
sitze	20
sparkasse	20
spektakel	20
spende	20
sports	20
starkes	20
statistischen	20
stehende	20
steine	20
studiert	20
sächsischen	20
südkorea	20
tankstelle	20
taucht	20
teilnehmerinnen	20
telefonisch	20
tsg	20
unterstützer	20
verbandes	20
verbesserungen	20
verbracht	20
verdi	20
verfassungsschutz	20
vergangener	20
vergangenes	20
verhandelt	20
verkehrsteilnehmer	20
verlag	20
verurteilte	20
viktor	20
volumen	20
vortrag	20
wahnsinn	20
warnung	20
wars	20
widmet	20
wil	20
wisse	20
wuppertal	20
wütend	20
zahlung	20
zufall	20
zugänglich	20
zurecht	20
zusammenarbeiten	20
zusammenhalt	20
zählte	20
überlebt	20
überprüfung	20
übersicht	20
übungen	20
abhilfe	19
ablehnung	19
ach	19
affäre	19
aktiver	19
aktualisiert	19
akzeptiert	19
analysen	19
anderthalb	19
andrew	19
angeblichen	19
anmelden	19
anpfiff	19
anreize	19
antwortet	19
anwälte	19
apotheke	19
armen	19
aspekte	19
atomwaffen	19
attacken	19
auffrischungsimpfung	19
aufgefunden	19
aufgestockt	19
aufhebung	19
aufstellen	19
ausgewählt	19
ausgewählten	19
ausschließen	19
auszuschließen	19
baute	19
befasst	19
befinde	19
begrüßte	19
beifahrer	19
belohnt	19
berühmten	19
beschrieb	19
bewerber	19
biete	19
bildplus	19
birgit	19
blockade	19
breiter	19
bundesinnenministerin	19
burg	19
camp	19
campus	19
carlo	19
causa	19
chefredakteur	19
com	19
corona-politik	19
dame	19
db	19
deutet	19
deutschlandweit	19
diktator	19
dubai	19
durchzuführen	19
dänischen	19
eigenschaften	19
eignet	19
eingebrochen	19
eisenach	19
elektrischen	19
elite	19
empörung	19
entdeckung	19
entnommen	19
entsprechendes	19
ereignet	19
erfahrene	19
erforderlichen	19
erholt	19
etablieren	19
europäischer	19
explosionen	19
extremen	19
fakt	19
fett	19
final	19
fliehen	19
flog	19
flughäfen	19
flügel	19
freitagmorgen	19
füßen	19
gabriel	19
gaspreise	19
gasversorgung	19
geflohen	19
gegessen	19
gegründete	19
gereicht	19
geräumt	19
gesetzgebung	19
gesichter	19
gestört	19
gesunden	19
gewahrsam	19
giffey	19
gleichwohl	19
grüner	19
hahn	19
happy	19
hardware	19
helden	19
helfern	19
herzogin	19
het	19
hochdruck	19
hoffmann	19
häfen	19
härter	19
höchstwerte	19
illegalen	19
indirekt	19
interessenten	19
internen	19
island	19
italiens	19
journalist	19
kanal	19
kandidatin	19
kantons	19
kapazität	19
keeper	19
kenntnis	19
kids	19
kilowattstunden	19
klares	19
kommentare	19
kompliziert	19
krankenkassen	19
kulissen	19
kulturelle	19
kühlschrank	19
künstlerinnen	19
lasst	19
leinwand	19
letztere	19
liberalen	19
ließe	19
linzer	19
londoner	19
lukaschenko	19
manches	19
medienmitteilung	19
menschliche	19
michaela	19
militärisch	19
ministerien	19
moldau	19
mond	19
montagnachmittag	19
motive	19
männliche	19
möbel	19
müsst	19
nachfolgerin	19
nachteile	19
niedrigsten	19
nordkorea	19
odessa	19
ohren	19
operationen	19
panik	19
passenden	19
patient	19
personalmangel	19
pferde	19
pflegekräfte	19
politisches	19
preiserhöhungen	19
priester	19
prof	19
profil	19
präsentierten	19
psychische	19
quelle	19
recherchen	19
redaktionsnetzwerk	19
regional	19
regisseurin	19
reinen	19
reiste	19
rica	19
riesig	19
rohstoffe	19
russisch	19
rutschte	19
römer	19
sauber	19
schiebt	19
schlusslicht	19
schlussphase	19
schulz	19
schwangerschaft	19
schwerin	19
schütze	19
segen	19
sexueller	19
sicherer	19
ski	19
smart	19
smith	19
soldat	19
sozial	19
sozusagen	19
spektakulären	19
sperren	19
spielerinnen	19
staates	19
steam	19
tagsüber	19
tanken	19
tanz	19
teufel	19
theorie	19
thorsten	19
tierheim	19
to	19
tragödie	19
umgebaut	19
umstritten	19
un	19
unsicherheiten	19
unterkunft	19
unterstützte	19
unzureichend	19
ursprung	19
verbreiten	19
verbreiteten	19
verkäufer	19
vermissten	19
verstoßen	19
vertrieb	19
verursachen	19
videobotschaft	19
vorigen	19
vorstoß	19
warschau	19
webseite	19
weimar	19
wertschätzung	19
wesel	19
wiedersehen	19
wissenschaftliche	19
wunderbar	19
währenddessen	19
wälder	19
würzburg	19
yorker	19
zahlreicher	19
zeitplan	19
zielgruppe	19
zitierte	19
zustimmen	19
zwingend	19
zwischendurch	19
ärzten	19
öffentlich-rechtlichen	19
überlegungen	19
überzeugte	19
abgeschnitten	18
abgestellt	18
absagen	18
absolvierte	18
adidas	18
agiert	18
aktueller	18
akzeptanz	18
alarmierte	18
albert	18
alters	18
american	18
amsterdam	18
anbietern	18
anbindung	18
andauern	18
anfangen	18
angerichtet	18
anwendungen	18
anzupassen	18
appellierte	18
arbeiteten	18
attraktiv	18
aufenthalt	18
aufgegeben	18
ausgeben	18
ausgeglichen	18
ausgestrahlt	18
auszugehen	18
backen	18
basketball	18
bauch	18
bedeutete	18
bedienen	18
befunden	18
begannen	18
begegnen	18
behandeln	18
beinhaltet	18
beitritt	18
berücksichtigung	18
beschlagnahmt	18
beschlossene	18
besseres	18
beteiligte	18
betonen	18
bewerbung	18
bewältigung	18
brauchte	18
brunnen	18
brände	18
bundesfinanzminister	18
bösen	18
charlotte	18
christina	18
co-trainer	18
cockpit	18
court	18
danken	18
dankte	18
datenschutz	18
del	18
demonstriert	18
dichte	18
disziplin	18
dom	18
dow	18
dreharbeiten	18
drückte	18
duschen	18
dürr	18
dürre	18
eigens	18
einsparungen	18
einzigartigen	18
endgültige	18
engagierte	18
engpässe	18
entfällt	18
entwendet	18
ergriffen	18
erkennbar	18
erklärten	18
ermordet	18
erträge	18
etc	18
european	18
evangelische	18
fallzahlen	18
fertigstellung	18
festlegen	18
festzelt	18
fisch	18
flanke	18
flüssigkeit	18
freundlich	18
fund	18
garage	18
gefertigt	18
gefährden	18
gelb	18
gelben	18
gelder	18
geschah	18
geschlossenen	18
gespart	18
gesteigert	18
gestimmt	18
gesundheitliche	18
gewöhnt	18
gotha	18
griechischen	18
grösste	18
günstig	18
hamm	18
handlung	18
heike	18
heimsieg	18
helfe	18
herstellen	18
horn	18
hänge	18
ice	18
identifizieren	18
impfzentren	18
inhalten	18
inmitten	18
innovationen	18
integrierte	18
irland	18
isoliert	18
jochen	18
kaiserslautern	18
kameraden	18
karner	18
kasachstan	18
kilo	18
kilowattstunde	18
klassiker	18
kleve	18
knappe	18
knochen	18
koalitionspartner	18
koch-institut	18
konten	18
krachte	18
kreise	18
kriminellen	18
kritisierten	18
kulisse	18
königreich	18
körperliche	18
kühl	18
landschaft	18
lanz	18
leitindex	18
life	18
litern	18
luzerner	18
löscharbeiten	18
lücken	18
maier	18
marvin	18
maus	18
merken	18
minsk	18
mitarbeitende	18
mitgenommen	18
monatlichen	18
musst	18
nachbar	18
natürlichen	18
niederländischen	18
niedrige	18
niemandem	18
nordamerika	18
note	18
nutzern	18
offener	18
offensiv	18
olpe	18
optisch	18
ordnete	18
organisierten	18
orientieren	18
oscar	18
ostukraine	18
pauli	18
perfekten	18
persönlichkeit	18
plädiert	18
polens	18
problematik	18
präzise	18
psychisch	18
reagierten	18
recherche	18
reformen	18
regie	18
reinigung	18
rufnummer	18
rückten	18
sammlung	18
scharfe	18
schienen	18
schlager	18
schönste	18
seltenen	18
senior	18
serien	18
series	18
sirenen	18
sitzungen	18
sms	18
solide	18
spazieren	18
spekuliert	18
sponsoren	18
sprang	18
spreche	18
springt	18
spürt	18
stabilisieren	18
stemmen	18
sterne	18
stoff	18
stoltenberg	18
streiten	18
studierte	18
sätze	18
tagesspiegel	18
tausenden	18
titelverteidiger	18
tokio	18
tolles	18
toni	18
tonne	18
topf	18
treibstoff	18
trends	18
ukraine-konflikt	18
unerwartet	18
ungarischen	18
ungeimpfte	18
ungewiss	18
ungewöhnliche	18
unterscheidet	18
us-bundesstaat	18
verbände	18
verden	18
verhaftet	18
verläuft	18
verschiebung	18
verweigert	18
verzicht	18
verzögert	18
vielfältige	18
volkspartei	18
vorantreiben	18
vorfälle	18
vorletzten	18
vorrunde	18
vorsieht	18
vorstandschef	18
vorzugehen	18
waidhofen	18
waldbrände	18
wellen	18
wesen	18
wilde	18
wilden	18
wirtschafts	18
witz	18
wofür	18
wohin	18
wolfsburger	18
zugegeben	18
zugelegt	18
zurückliegenden	18
zurückzukehren	18
zusammengestellt	18
zuschlag	18
zutaten	18
zwischenzeit	18
ängste	18
ärgert	18
ökologische	18
überfallen	18
überqueren	18
überwunden	18
abgesperrt	17
abu	17
allenfalls	17
allmählich	17
altes	17
andy	17
angebliche	17
anruf	17
anrufe	17
anschließen	17
anstrengungen	17
archivbild	17
attackiert	17
aufgetaucht	17
auftauchen	17
aufzunehmen	17
ausgangslage	17
ausgeführt	17
ausrichtung	17
ausstellungen	17
auswärts	17
bbc	17
beantwortet	17
bedrohte	17
befassen	17
befindlichen	17
bereitgestellt	17
bereitstellung	17
berger	17
beschert	17
beschlossenen	17
beschäftigung	17
beseitigt	17
besprechen	17
bestimmter	17
bestätigung	17
bewahren	17
bezeichnung	17
briefe	17
brigitte	17
bundesverband	17
bäckerei	17
börsen	17
chf	17
christiane	17
corona-inzidenz	17
corona-pause	17
daniela	17
dazn	17
debatten	17
decke	17
delta	17
denkmal	17
derselben	17
dienstagmorgen	17
ding	17
dokumentiert	17
dosen	17
drohende	17
dynamo	17
ebenen	17
eck	17
edeka	17
effektiv	17
einfahren	17
einheimischen	17
einigermaßen	17
einmündung	17
einstigen	17
eisbären	17
elfmeterschießen	17
empfänger	17
empfängt	17
entgegenkommenden	17
entlastet	17
entstandenen	17
entwarnung	17
ergreifen	17
erkrankte	17
erling	17
erlös	17
ernsthaft	17
erstattet	17
erstens	17
erzbischof	17
etwaige	17
eu-länder	17
ex	17
fabrik	17
fahndung	17
fahne	17
fake	17
faust	17
feierlichkeiten	17
feiertagen	17
fertiggestellt	17
flaschen	17
focus	17
formulierte	17
franziskus	17
freibad	17
freiburger	17
frühe	17
frühestens	17
frühstück	17
future	17
gaming	17
gaspreisbremse	17
gastronomen	17
geht’s	17
gehweg	17
gelegentlich	17
gen	17
generalstaatsanwaltschaft	17
gerald	17
gesamtjahr	17
gesamtschule	17
geschlecht	17
gesundheitsministerium	17
gewerbegebiet	17
gezählt	17
globus	17
grauen	17
großartige	17
guido	17
haftbefehl	17
handlungen	17
hansestadt	17
heben	17
heim	17
hervorragende	17
historiker	17
hits	17
hochwertige	17
hongkong	17
inakzeptabel	17
insekten	17
inspiriert	17
institute	17
intern	17
internetseite	17
j	17
jackpot	17
japanischen	17
jegliche	17
johnny	17
just	17
kandidatinnen	17
kassen	17
kategorien	17
katja	17
kleid	17
kleinsten	17
kommunizieren	17
kompetenz	17
konsens	17
kontinent	17
kreative	17
kretschmann	17
kriegen	17
kräftige	17
kurzfristige	17
kärntner	17
künstliche	17
landkreises	17
lettland	17
lewis	17
li	17
lustig	17
längerer	17
lügen	17
mangelt	17
marie	17
massnahmen	17
milliardär	17
ministeriums	17
mitarbeiterin	17
mitspieler	17
mittendrin	17
mittwochnachmittag	17
modernisierung	17
morgan	17
moskauer	17
mtv	17
männlichen	17
nachweis	17
nagel	17
nervös	17
netzwerke	17
neueste	17
neunten	17
nick	17
nicolas	17
nirgendwo	17
ofen	17
oma	17
operative	17
osteuropa	17
parallelen	17
parlamentarische	17
pension	17
perez	17
permanent	17
pflegeheimen	17
pflegen	17
plane	17
potenziellen	17
privater	17
pölten	17
qualifizieren	17
regnet	17
reißen	17
reserve	17
revolution	17
rheinischen	17
ringe	17
rudolf	17
saisonsieg	17
sarg	17
saßen	17
schiene	17
schlangen	17
schlesinger	17
schliesslich	17
schnellsten	17
schrecken	17
schätze	17
schätzung	17
seen	17
seinerzeit	17
selbstvertrauen	17
sensoren	17
server	17
sevilla	17
sicherheitsgründen	17
siegte	17
signale	17
singer	17
solingen	17
solltest	17
spd-politiker	17
steuerzahler	17
still	17
strafanzeige	17
strengen	17
studierenden	17
stundenlang	17
sturmböen	17
stürzen	17
substanz	17
systematisch	17
südafrika	17
tabellenführer	17
tagestemperatur	17
tankstellen	17
tatsächliche	17
teilzunehmen	17
tennis	17
terminal	17
texas	17
todesursache	17
transporter	17
transportieren	17
tribüne	17
trick	17
truss	17
träger	17
träume	17
ubs	17
udo	17
umdenken	17
umstieg	17
ungewöhnlichen	17
unmittelbaren	17
unrecht	17
verabreicht	17
verdienten	17
verhandeln	17
verkehrsminister	17
vermisste	17
verschafft	17
verschiedensten	17
versorgungssicherheit	17
vertraut	17
verwandelt	17
verweisen	17
viermal	17
vizepräsidentin	17
volkes	17
voneinander	17
vorjahresmonat	17
vormonat	17
vorwiegend	17
wahrnehmung	17
wanderung	17
ware	17
warmen	17
warnungen	17
wegfall	17
wehr	17
weiblichen	17
weitermachen	17
weiters	17
werben	17
wettkampf	17
widmen	17
wirtschaftskammer	17
wissenschaftlichen	17
wohnsitz	17
woraufhin	17
xbox	17
zaun	17
zentral	17
zentrales	17
zeugin	17
zinserhöhungen	17
zukommen	17
zukünftige	17
zulegen	17
zurückhaltend	17
zweitens	17
übergang	17
abgebaut	16
abgenommen	16
abkehr	16
abläufe	16
abschließen	16
aggressiver	16
al	16
alarmierten	16
alias	16
altersgruppe	16
ambitionen	16
andauernden	16
anführer	16
angehen	16
anm	16
annexion	16
annähernd	16
ansturm	16
arbeitsgruppe	16
armin	16
aston	16
auffassung	16
aufgewachsen	16
aufhalten	16
aufrecht	16
aufschlag	16
aufschrift	16
auseinandersetzungen	16
ausführlich	16
ausgeschieden	16
ausrichten	16
ausschreibung	16
austin	16
autofahrerin	16
awards	16
baumgart	16
bayreuth	16
bb	16
beat	16
beeinträchtigt	16
beinen	16
beleidigt	16
belgrad	16
beliebtheit	16
belästigt	16
bemühen	16
beobachtung	16
bereitstellen	16
berufen	16
beschleunigt	16
beschloss	16
beschreibung	16
beschränkungen	16
besetzen	16
bibliothek	16
boston	16
brandenburgs	16
bremerhaven	16
brennen	16
bundesebene	16
cannabis	16
capital	16
charme	16
check	16
cool	16
corona-impfung	16
corona-tests	16
deckel	16
definiert	16
delegation	16
demenz	16
deutsches	16
deutschlandfunk	16
dicke	16
diplomatischen	16
donau	16
doppelten	16
draghi	16
drohungen	16
dunkel	16
e-scooter	16
ehemals	16
ehren	16
eignen	16
eingebunden	16
eingehen	16
eingenommen	16
einheimische	16
einrichten	16
einsatzes	16
einziehen	16
einzuführen	16
elmau	16
entgehen	16
entkommen	16
erfährt	16
ernannt	16
erobert	16
ethereum	16
eu-parlament	16
euer	16
euphorie	16
europäer	16
europäisches	16
exklusiven	16
fach	16
fassade	16
fassung	16
felder	16
filiale	16
finanzen	16
flach	16
flasche	16
flexibilität	16
flüchten	16
freigabe	16
fremden	16
freundinnen	16
frist	16
fusion	16
fürchtet	16
galerie	16
gasspeicher	16
gastiert	16
gebiets	16
gebucht	16
gegenstand	16
geheim	16
gehofft	16
geht's	16
geimpften	16
geklappt	16
gekündigt	16
gekürt	16
gemeldeten	16
gemütlich	16
gepflegt	16
gerd	16
geringere	16
gesundheitssystem	16
getöteten	16
gezielte	16
golf	16
gottes	16
gruber	16
gt	16
gymnasium	16
haar	16
hansi	16
hauptstraße	16
hc	16
heidenheim	16
heimatland	16
heimatverein	16
helene	16
hessische	16
house	16
hummels	16
hütte	16
impfstoffen	16
inc	16
inszenierung	16
intensivstation	16
inwieweit	16
jahresvergleich	16
jenes	16
kaputt	16
kassiert	16
kassierte	16
kauft	16
klang	16
kloster	16
koblenz	16
kombiniert	16
kommuniziert	16
konflikts	16
konzerne	16
korruption	16
kosovo	16
kriegsbeginn	16
kriegsflüchtlinge	16
kurier	16
kurzfristigen	16
kämpfte	16
käse	16
königsklasse	16
kühlen	16
langfristige	16
lautete	16
leib	16
leichen	16
lidl	16
lka	16
locker	16
long	16
lutz	16
lüdenscheid	16
macher	16
mali	16
mannheimer	16
manöver	16
marokko	16
marsch	16
maximale	16
me	16
medizin	16
mode	16
monaco	16
moritz	16
mr	16
musikern	16
nacheinander	16
nachgefragt	16
nachteil	16
namentlich	16
ndr	16
neuseeland	16
nicole	16
nikolaus	16
nix	16
no	16
norweger	16
notenbank	16
nördlichen	16
ole	16
osnabrück	16
packen	16
parade	16
paradies	16
pelosi	16
persönlichkeiten	16
philip	16
platte	16
politikern	16
pop	16
positionieren	16
positiver	16
ranking	16
regelmäßige	16
remscheid	16
reserven	16
riefen	16
roger	16
rohstoffen	16
royals	16
rumänien	16
räder	16
salzgitter	16
sammelte	16
sauer	16
schauer	16
schlichtweg	16
schlussendlich	16
schriftsteller	16
schweres	16
schwächer	16
seidl	16
sendungen	16
shanghai	16
sohnes	16
sonnenschein	16
sound	16
spaltung	16
spannenden	16
sportplatz	16
statistische	16
stellenwert	16
steyr	16
stift	16
stillstand	16
stolze	16
strategien	16
strebt	16
streichen	16
strenge	16
stromnetz	16
stärkt	16
stört	16
südlichen	16
t-shirt	16
tagesordnung	16
talent	16
toilette	16
trainingslager	16
traktor	16
trans	16
transfer	16
transparent	16
treffe	16
treffern	16
trinkwasser	16
trugen	16
tschechische	16
tui	16
töten	16
umfangreichen	16
umland	16
umsätze	16
unfallort	16
ungeimpften	16
ungeklärter	16
universum	16
unterbrechung	16
unterschiedlichsten	16
untersuchten	16
unzufrieden	16
us-amerikanische	16
verarbeiten	16
verbliebenen	16
verbundene	16
verdammt	16
vereinbarten	16
vereint	16
verena	16
vergehen	16
verleiht	16
vermeintliche	16
vermieden	16
versammelt	16
verschickt	16
verschieben	16
verwickelt	16
veränderten	16
videokonferenz	16
vielfältig	16
vielfältigen	16
viktoria	16
villach	16
vollzogen	16
vorjahreszeitraum	16
vorlegen	16
vorläufige	16
vorläufigen	16
vorzunehmen	16
wandern	16
weh	16
werken	16
wksta	16
workshops	16
währung	16
zerstörten	16
zugute	16
zunehmender	16
zusammengefasst	16
zusätzliches	16
zutiefst	16
zweit	16
zwingen	16
zählern	16
zügen	16
ärztin	16
öffnete	16
übergriffe	16
überlastung	16
übermittelt	16
überzahl	16
abgehalten	15
abschneiden	15
absehbar	15
abzug	15
abzugeben	15
achte	15
act	15
akademie	15
alonso	15
amber	15
america	15
ams	15
analysehaus	15
anbau	15
anfangsphase	15
angefordert	15
angehalten	15
angesehen	15
angezogen	15
anhalten	15
anja	15
ankommt	15
anonym	15
anreise	15
ansprüche	15
ansteigen	15
ansässigen	15
anthony	15
antonio	15
antrieb	15
appell	15
appelliert	15
apropos	15
architektur	15
artillerie	15
atemalkoholtest	15
atemwegserkrankungen	15
aufeinandertreffen	15
aufforderung	15
aufprall	15
aufrechterhalten	15
aufweisen	15
ausgewertet	15
ausgewiesen	15
ausmachen	15
australian	15
auswärtsspiel	15
bagger	15
bakterien	15
bastian	15
beate	15
bedingung	15
begrüßung	15
behauptete	15
beherrscht	15
behoben	15
bekleidet	15
bekräftigt	15
beleben	15
belegte	15
beleidigung	15
beliebter	15
beruft	15
beruhigen	15
beschließen	15
beschreiben	15
beschwerde	15
bestreiten	15
bevorzugt	15
bewertungen	15
beziffert	15
bip	15
bittere	15
blau	15
bogen	15
bomben	15
botschaften	15
bottrop	15
brauchten	15
brennt	15
brutal	15
brücken	15
böschung	15
carsten	15
ch	15
chefs	15
crew	15
darsteller	15
demo	15
demonstrieren	15
denis	15
dichter	15
diebe	15
dienstagvormittag	15
dmitri	15
dominic	15
dominiert	15
dumm	15
durchsuchung	15
durchzusetzen	15
effizienz	15
einbezogen	15
einkauf	15
einschätzen	15
einverstanden	15
einzigartige	15
elektronische	15
elektronischen	15
energiepolitik	15
engem	15
englische	15
engländer	15
entstandene	15
erdgeschoss	15
erfolgreichsten	15
erholen	15
erkunden	15
ernsthafte	15
ernte	15
errichtung	15
erschwert	15
erschöpft	15
erwerb	15
etabliert	15
etlichen	15
euro-tickets	15
ev	15
fahre	15
fahrräder	15
fahrzeugführer	15
fassungslos	15
feedback	15
feiertag	15
festes	15
feuchtigkeit	15
fia	15
fitness	15
flensburg	15
fordere	15
foul	15
free	15
freilassung	15
friedlich	15
förster	15
garantieren	15
garmisch-partenkirchen	15
gebrannt	15
gedenken	15
gefehlt	15
geforderte	15
gefährdung	15
gegenwärtig	15
gekippt	15
gelangten	15
gelöst	15
genuss	15
genügt	15
gerichtssaal	15
gerieten	15
geschlossene	15
gesellschaften	15
gesetzgeber	15
gesetzliche	15
gespendet	15
gesprengt	15
gestiegene	15
gewaltsam	15
gewässer	15
glasner	15
gmünd	15
grill	15
grob	15
großartigen	15
grundschulen	15
gruppenspiel	15
gültig	15
güter	15
halbinsel	15
hamburgs	15
hanau	15
hannes	15
hartz	15
hauptsitz	15
heimatstadt	15
held	15
herauszufinden	15
hilfsbereitschaft	15
hinterlässt	15
hinunter	15
historischer	15
holding	15
huawei	15
hunderten	15
häufigsten	15
höchstwert	15
höhle	15
hölle	15
indonesien	15
infizieren	15
influencerin	15
institution	15
intensivbetten	15
iranische	15
irgendetwas	15
irgendwelche	15
jarasch	15
jenaer	15
joseph	15
joshua	15
jpmorgan	15
kahn	15
kalte	15
kantonalen	15
kelly	15
kletterte	15
klimaneutral	15
kläger	15
klärt	15
klärung	15
koffer	15
komplexe	15
kooperieren	15
koordiniert	15
kopfball	15
kostenfrei	15
kovac	15
kramer	15
kredite	15
kronen	15
kräftigen	15
krüger	15
kulturellen	15
kundgebung	15
kw	15
köpfe	15
köpfen	15
kündigen	15
kürzester	15
labor	15
lagern	15
lake	15
landstraße	15
landwirtschaftlichen	15
langweilig	15
lebe	15
lebten	15
leeren	15
legende	15
legendären	15
lions	15
logistik	15
lupe	15
läden	15
ländlichen	15
längerem	15
lörrach	15
magnus	15
mainzer	15
male	15
mangelnde	15
manuela	15
marius	15
matteo	15
maurer	15
meisterschaften	15
meloni	15
metaverse	15
metropole	15
mindestlohn	15
mitteilten	15
mittelmeer	15
modern	15
moderner	15
mona	15
monatelang	15
moskaus	15
my	15
nebel	15
netto	15
niederländische	15
niedersächsischen	15
niedrigem	15
niedrigeren	15
niko	15
nordsee	15
normales	15
nr	15
oberbayern	15
oberhausen	15
offenbart	15
opfers	15
optimieren	15
orange	15
orban	15
orchester	15
paraguay	15
parlamentarischen	15
partys	15
passte	15
patricia	15
perspektiven	15
pferd	15
podcasts	15
polizeisprecherin	15
postete	15
praktische	15
preisverleihung	15
pressesprecher	15
prioritäten	15
project	15
protestieren	15
qualifiziert	15
queere	15
rapid	15
rates	15
regierende	15
regiert	15
registrieren	15
renault	15
resultat	15
rheinmetall	15
rohstoff	15
rohöl	15
rolf	15
route	15
rubel	15
rundum	15
rwe	15
räuber	15
sachsens	15
schaute	15
scheitert	15
schenken	15
schlachtfeld	15
schlafzimmer	15
schlechtes	15
schlossen	15
schmerzhaft	15
schnellstmöglich	15
schokolade	15
schriftlich	15
schriftliche	15
schwanger	15
schwangere	15
schwedt	15
schwestern	15
sektor	15
seltene	15
seltsam	15
separatisten	15
sexuell	15
siemens	15
signifikant	15
singapur	15
skifahrer	15
sophia	15
sowas	15
sozialer	15
sp	15
spd-fraktion	15
spielraum	15
sportart	15
staatsbürger	15
stadthalle	15
staffeln	15
starnberg	15
starteten	15
steilen	15
straßenbahn	15
streamingdienst	15
streik	15
streiks	15
stärkeren	15
supermärkten	15
suv	15
tankrabatt	15
tee	15
testbericht	15
theoretisch	15
tools	15
torschütze	15
treffpunkt	15
triumph	15
trockene	15
trockenen	15
tu	15
turniers	15
tv-sender	15
typs	15
töne	15
uefa	15
ulrike	15
umliegenden	15
unangenehm	15
ungeklärt	15
unglaubliche	15
unruhe	15
untereinander	15
unterm	15
untersuchungsausschuss	15
urs	15
ursachen	15
verabschiedete	15
verantwortliche	15
verbieten	15
verfolgung	15
verheerenden	15
verleihen	15
vermeintlichen	15
verringert	15
versagen	15
versammelten	15
verspätungen	15
verstoß	15
verständlich	15
verunglückt	15
verunglückten	15
verwirrung	15
verärgert	15
volksrepublik	15
volksschule	15
volkswirtschaft	15
voranzutreiben	15
vorgänge	15
vormarsch	15
wahrsten	15
walker	15
wandte	15
warme	15
weigerte	15
weiterbildung	15
weltkriegs	15
weltwirtschaft	15
wenngleich	15
wesentliche	15
wichtigkeit	15
willi	15
winterspiele	15
wirbt	15
wirst	15
wohnzimmer	15
wolff	15
wortes	15
wänden	15
zeichnen	15
zell	15
zittern	15
zivilen	15
zonen	15
zugezogen	15
zwanzig	15
übel	15
überwachung	15
überweisung	15
abgedeckt	14
abgerissen	14
abhalten	14
absender	14
absprache	14
abstiegskampf	14
absurd	14
abtreibung	14
abwasser	14
account	14
adam	14
adrian	14
advent	14
afp	14
aggressive	14
aktiviert	14
amtsantritt	14
amtsinhaber	14
analysieren	14
anbietet	14
angehören	14
angenehm	14
angespannten	14
angetreten	14
ankara	14
anregungen	14
ansbach	14
anschließenden	14
ansprechpartner	14
ansteckung	14
anwesend	14
anwesenheit	14
anzug	14
argumentiert	14
arminia	14
au	14
aufgebrochen	14
aufgetreten	14
aufzugeben	14
ausflug	14
ausgelegt	14
ausgesucht	14
ausgeübt	14
auslastung	14
auslaufen	14
aussetzen	14
australier	14
außenministerium	14
außenseiter	14
basler	14
bearbeiten	14
beatmet	14
bedacht	14
bedankte	14
befürchtungen	14
begeisterte	14
bekanntesten	14
beklagen	14
beklagte	14
berechtigt	14
beruflich	14
bescheid	14
beschossen	14
bestanden	14
bestellung	14
beteiligungen	14
bill	14
billiger	14
bindung	14
bitter	14
blockieren	14
bloomberg	14
blätter	14
bock	14
boten	14
brexit	14
brille	14
bringe	14
bäcker	14
bürgermeisters	14
camilla	14
chile	14
clip	14
cm	14
conference	14
darlehen	14
definieren	14
delegierten	14
depressionen	14
dhabi	14
dienten	14
digitales	14
doha	14
dornbirn	14
download	14
drittes	14
drohne	14
drosten	14
drückt	14
e-mails	14
effekte	14
ehc	14
eigentliche	14
eingeräumt	14
eingetroffen	14
einheitliche	14
einkäufe	14
einsteigen	14
eintreten	14
einzelheiten	14
element	14
elfmeter	14
energiekonzern	14
energieträger	14
enkel	14
entfernten	14
enthüllt	14
entsprechen	14
entziehen	14
erarbeiten	14
erfolgreicher	14
erkannte	14
erlebten	14
erneuerbarer	14
ernstfall	14
erobern	14
erwin	14
erwähnte	14
erwähnten	14
erzeugung	14
etappe	14
eu-kommissionspräsidentin	14
europameisterschaft	14
europaweit	14
ex-präsident	14
existieren	14
existiert	14
expertise	14
exporte	14
fahrstreifen	14
fahrweise	14
fahrzeugs	14
fasst	14
fehlender	14
fertigen	14
fieber	14
fing	14
finnische	14
fire	14
fische	14
flexibel	14
follower	14
football	14
forschende	14
fortan	14
fraktionsvorsitzende	14
france	14
freiheiten	14
friday	14
friedlichen	14
frontal	14
funk	14
förderverein	14
füllkrug	14
galaxy	14
gastspiel	14
gaststätte	14
gedächtnis	14
gefreut	14
gegentore	14
gegnern	14
gehirn	14
gehälter	14
gelitten	14
gemeinnützige	14
gerichtshof	14
gesamtwertung	14
geschoben	14
gesungen	14
getesteten	14
gewidmet	14
gewittern	14
gewordene	14
gibt's	14
gibt’s	14
glanz	14
gnabry	14
graben	14
grafik	14
gremien	14
großaufgebot	14
großmutter	14
grundversorgung	14
gruppenphase	14
gründete	14
guardian	14
götze	14
handballer	14
handlungsbedarf	14
hang	14
hartmann	14
heiligabend	14
heiraten	14
herrschaft	14
herzog	14
hiesigen	14
hinauf	14
hochwasser	14
holten	14
hot	14
härte	14
immobilie	14
impfquote	14
impfstatus	14
infantino	14
initiiert	14
innovative	14
intelligente	14
involviert	14
inzidenzen	14
irene	14
iss	14
jeweilige	14
jonathan	14
justizminister	14
kantonen	14
kanzlers	14
kaufkraft	14
kaufland	14
keines	14
keinesfalls	14
kickl	14
king	14
klagt	14
klimaneutralität	14
klopp	14
knall	14
kommentaren	14
kommentieren	14
kompetenzen	14
konzepte	14
konzerten	14
kooperationspartner	14
kraftstoff	14
kreisliga	14
kreistag	14
kriminelle	14
kuleba	14
kälte	14
künstlers	14
lande	14
landkreise	14
lara	14
leder	14
letzteres	14
leuchtet	14
lieferanten	14
lieferengpässe	14
linde	14
lng	14
lockerung	14
lorenz	14
lost	14
louis	14
lucas	14
lula	14
läufer	14
machbarkeitsstudie	14
mahnt	14
mancher	14
marktanteil	14
mclaren	14
medienbericht	14
melanie	14
mikrofon	14
minderheit	14
minimal	14
ministerpräsidentin	14
mitgefühl	14
moderiert	14
montagvormittag	14
moral	14
morgenstunden	14
motoren	14
musikverein	14
mächtig	14
mögliches	14
nachbarin	14
nachhaltiger	14
nachkommen	14
naher	14
nationaltrainer	14
nato-generalsekretär	14
nato-staaten	14
network	14
neuerungen	14
neumarkt	14
nils	14
notierte	14
ntv	14
nudeln	14
obama	14
obere	14
oldenburg	14
piste	14
plakate	14
podium	14
pool	14
potenziell	14
problematisch	14
professionelle	14
protokoll	14
rangnick	14
realen	14
recep	14
rechnete	14
rechtsextreme	14
regal	14
regenfälle	14
regensburger	14
regierungsrat	14
reiter	14
reißt	14
relevant	14
religion	14
renditen	14
renommierten	14
resonanz	14
respektive	14
ried	14
rio	14
rosa	14
s-bahn	14
sachs	14
salvini	14
santa	14
schafften	14
schaffung	14
scheidung	14
schier	14
schlange	14
schrittweise	14
schwedische	14
schwerpunkte	14
schärfste	14
senatsverwaltung	14
serbischen	14
shows	14
sichert	14
sicherung	14
siebten	14
siedlung	14
simone	14
skoda	14
sogenannter	14
sogenanntes	14
solaranlagen	14
sommerpause	14
sozialdemokraten	14
spaziergänger	14
spielende	14
spitälern	14
sportarten	14
sportchef	14
spotify	14
stationär	14
staub	14
steckte	14
stefanie	14
stichwahl	14
stiko	14
stille	14
streife	14
streifen	14
strompreise	14
studieren	14
stützen	14
supermärkte	14
sylt	14
tageslicht	14
tal	14
tarif	14
tauchen	14
taylor	14
tayyip	14
telefoniert	14
teppich	14
territorium	14
terrorismus	14
thiel	14
toronto	14
torsten	14
treu	14
trieb	14
tödliche	14
ukrainern	14
ukrainisch	14
umfassen	14
ungarische	14
ungeachtet	14
university	14
unlängst	14
unterlag	14
unternommen	14
unterstütze	14
unterzogen	14
unweit	14
updates	14
vehement	14
veranlasst	14
verbaut	14
verbraucherinnen	14
verdiente	14
vereinfacht	14
verfolgte	14
verhält	14
verkehrsmitteln	14
verkraften	14
verkünden	14
vernehmen	14
verpflichtende	14
verstarb	14
verstehe	14
verstärkung	14
verteidigungsministeriums	14
verursachte	14
verwandte	14
viren	14
voice	14
vorabend	14
vorfahrt	14
vorm	14
vorschriften	14
vorzubeugen	14
väter	14
waffenstillstand	14
warburg	14
warnten	14
warte	14
watch	14
weiden	14
weihnachtszeit	14
weitaus	14
weitergeben	14
westfalen	14
willst	14
winkler	14
wirksam	14
wochenenden	14
wohnort	14
worms	14
xiaomi	14
young	14
zahlte	14
zeitlich	14
zelt	14
zelte	14
zentraler	14
zivile	14
zivilgesellschaft	14
zorn	14
zuhören	14
zulässig	14
zunehmenden	14
zusammenschluss	14
zustände	14
zwangsläufig	14
zweitgrößte	14
zögern	14
ärztinnen	14
öffentlicher	14
überarbeitet	14
überaus	14
überdies	14
überlastet	14
übernahmen	14
überraschen	14
übers	14
überschlagen	14
übertroffen	14
üblicherweise	14
aachener	13
abbiegen	13
abfälle	13
abgefeuert	13
abgelöst	13
abgewiesen	13
ablegen	13
abwarten	13
afrikanische	13
ahrtal	13
akten	13
alba	13
allerlei	13
amerikaner	13
amtierenden	13
anderswo	13
andrej	13
angeführt	13
angereist	13
angeschaut	13
angestrebten	13
angetan	13
angreifen	13
angriffskrieges	13
ankündigungen	13
anlegern	13
annäherung	13
anstoß	13
anzunehmen	13
apples	13
arbeitgebern	13
architekten	13
archiv	13
arg	13
arnold	13
asyl	13
atp	13
attraktivität	13
aufgegriffen	13
aufgelöst	13
auflösen	13
aufpassen	13
aufrechtzuerhalten	13
aufruf	13
aufwendig	13
ausfällen	13
ausgeschrieben	13
ausgezahlt	13
ausländer	13
ausreichen	13
ausscheiden	13
auszeichnungen	13
balance	13
bauhof	13
bauten	13
be	13
bearbeitet	13
bedankt	13
bedeutende	13
beeindruckende	13
beendete	13
beendigung	13
beerdigung	13
begehen	13
begrenzen	13
begründen	13
behauptung	13
bekämpft	13
belarussische	13
beleidigungen	13
bemängelt	13
benachbarte	13
benötige	13
beruflichen	13
berufsfeuerwehr	13
beschlüsse	13
besiegen	13
besonderheiten	13
bestehend	13
besuchten	13
betritt	13
bewahrt	13
bewegte	13
bewirken	13
bewährung	13
blicke	13
blues	13
bohrungen	13
bonus	13
br	13
brasilianer	13
buchstaben	13
bulgarien	13
bullen	13
bundesamts	13
bundesstaaten	13
buntes	13
burger	13
bär	13
böden	13
büchern	13
bürgerlichen	13
cdu-politiker	13
charaktere	13
chemie	13
chinesen	13
chips	13
cnn	13
comedian	13
content	13
coronabedingt	13
defensiv	13
depression	13
derer	13
dfb-pokal	13
diakonie	13
diana	13
differenz	13
dividende	13
dna	13
dreifach	13
dunkeln	13
durchgehend	13
düren	13
ea	13
edition	13
effizient	13
effizienter	13
ehrung	13
eindringlich	13
einfamilienhaus	13
eingeplant	13
eingeschlagen	13
eingeschlossen	13
eingeweiht	13
einkaufszentrum	13
einklang	13
einlass	13
einlegen	13
einmalig	13
einnahme	13
einstecken	13
einzelfall	13
einzuhalten	13
eisenstadt	13
emma	13
entschuldigt	13
entsetzt	13
entspannen	13
entwickelten	13
erbe	13
erfolgten	13
erfordert	13
erfunden	13
erheblicher	13
erhebung	13
ermittlern	13
erschaffen	13
erstreckt	13
essenziell	13
estland	13
ewig	13
ewigen	13
experiment	13
facetten	13
fahrers	13
fass	13
fca	13
fehlern	13
feiertage	13
fein	13
fernsehsender	13
fertigung	13
festzustellen	13
franzose	13
free-tv	13
friedliche	13
fröhlich	13
fußball-bundesligisten	13
fußballerinnen	13
führungen	13
fülle	13
füße	13
g-regel	13
garantie	13
gedroht	13
gedrückt	13
geeignete	13
gefährdete	13
gegründeten	13
geheimnis	13
geldpolitik	13
gelobt	13
genauere	13
genossenschaft	13
genres	13
geringeren	13
geschäftsführung	13
gesetzes	13
gestand	13
gestoßen	13
gesundheits	13
gewiss	13
gewohnten	13
gewonnenen	13
gewählten	13
glasgow	13
glatt	13
gleise	13
grab	13
greenpeace	13
gregor	13
griechische	13
grippe	13
großartig	13
großbank	13
großstadt	13
grundlagen	13
grundlegende	13
grundsatz	13
größtes	13
grünheide	13
gutachter	13
halter	13
haufen	13
hautnah	13
heizöl	13
helm	13
henning	13
herrschen	13
herzinfarkt	13
hindernisse	13
hinterfragen	13
hinterlegt	13
hit	13
hitzewelle	13
hochschulen	13
hold	13
hollywood	13
horizon	13
hubert	13
hurrikan	13
höherer	13
höre	13
infektionsschutzgesetz	13
inhaltlich	13
inne	13
innenministeriums	13
integrieren	13
iranischen	13
irgendwas	13
isin	13
islam	13
jackson	13
jahrgang	13
jakob	13
jetzige	13
jugendlicher	13
jüdische	13
kabarettist	13
kalorien	13
kanadier	13
kanzlei	13
kanzleramt	13
kathrin	13
kehl	13
kerstin	13
kiewer	13
kinderbetreuung	13
klimaaktivisten	13
klimapolitik	13
kmu	13
kokain	13
komplexen	13
komplizierter	13
konjunktur	13
konsole	13
konstanz	13
kopfhörer	13
kraftwerke	13
krankenkasse	13
kriminalität	13
kripo	13
kritischer	13
kulturen	13
körner	13
landesliga	13
landwirt	13
laptop	13
laufend	13
lea	13
lebensgefährtin	13
lebensqualität	13
lehmann	13
lehnen	13
lehrerinnen	13
lehrern	13
leistete	13
leitstelle	13
lernt	13
lernte	13
leuchten	13
liberale	13
liess	13
lionel	13
lithium	13
liveticker	13
lobt	13
logisch	13
loswerden	13
luis	13
luxus	13
längste	13
lüften	13
magath	13
manch	13
mané	13
marina	13
marx	13
masked	13
mats	13
mehrwert	13
meistern	13
menschenleben	13
messungen	13
mietern	13
milde	13
mine	13
misst	13
mithalten	13
monatliche	13
montags	13
morde	13
moser	13
munter	13
musical	13
muskeln	13
mühle	13
münzen	13
nachgehen	13
nachhinein	13
nachträglich	13
nachweislich	13
nadine	13
nahrung	13
nasdaq	13
nathalie	13
neuauflage	13
neutralität	13
neymar	13
notenbanken	13
nähere	13
nön	13
obmann	13
offenburg	13
ohr	13
operativen	13
ordentlichen	13
ordnungsamt	13
palast	13
parat	13
parks	13
partners	13
pauschal	13
pech	13
peskow	13
petition	13
pflanze	13
pilot	13
pisten	13
plakat	13
politikerin	13
polizeieinsatz	13
polizeistreife	13
pommes	13
popularität	13
problems	13
produzent	13
professionellen	13
quartier	13
realisieren	13
rechner	13
rechtsstreit	13
reduktion	13
registrierung	13
reguläre	13
reichten	13
reichtum	13
repräsentative	13
riesiger	13
ringen	13
riskiert	13
rosen	13
roter	13
ruhen	13
russell	13
ryan	13
rückblick	13
sack	13
salman	13
sammelt	13
sankt	13
schadet	13
schaffe	13
schauplatz	13
schicht	13
schirm	13
schließungen	13
schmecken	13
schnelltest	13
schottland	13
schrauben	13
schwesig	13
sek	13
senator	13
senders	13
serge	13
sergio	13
sicherzustellen	13
signalisiert	13
sinnvolle	13
sofortige	13
soliden	13
sondersitzung	13
sorten	13
sortiment	13
special	13
spektakuläre	13
spekulieren	13
spendenaktion	13
spezialisten	13
spielbetrieb	13
spielerisch	13
spitzenspiel	13
sporthalle	13
spruch	13
staatsanwalt	13
stabile	13
stammende	13
starkem	13
start-ups	13
stationiert	13
stattfand	13
steirer	13
stellvertretenden	13
sternen	13
streich	13
streitigkeiten	13
stromerzeugung	13
strompreisbremse	13
stände	13
störungen	13
sätzen	13
säule	13
tabellenführung	13
taktik	13
tastatur	13
taxi	13
telefonat	13
tendenziell	13
terrasse	13
terror	13
thematisiert	13
thiem	13
thw	13
titeln	13
torjäger	13
tournee	13
trauen	13
tätern	13
umgekehrt	13
umgeleitet	13
umsonst	13
umweltministerin	13
umzugehen	13
unfällen	13
universitäten	13
unnötig	13
unterschriften	13
unverständnis	13
urban	13
ursprüngliche	13
us-präsidenten	13
vanessa	13
verabschiedung	13
verbleibenden	13
verbrachte	13
verfahrens	13
verfasst	13
vergewaltigt	13
verhelfen	13
verhängen	13
verkehrskontrolle	13
verlegung	13
verlusten	13
versammlungen	13
verschenkt	13
verschwörungstheorien	13
versetzen	13
versionen	13
versorger	13
verstand	13
versteigert	13
verstärkte	13
verursachten	13
verurteilten	13
verwerfungen	13
virologe	13
volksfest	13
vollständigen	13
vonseiten	13
vorbehalten	13
vorgang	13
vornehmen	13
vorort	13
vorsaison	13
vorsitz	13
vorverkauf	13
wach	13
wache	13
wahrnehmen	13
wahrscheinlicher	13
warfen	13
warteten	13
wehren	13
weht	13
weitestgehend	13
weitreichende	13
wertpapier	13
wiederaufnahme	13
wiederwahl	13
winterthur	13
wirkten	13
wirt	13
wirtschaftsforschung	13
wlan	13
woanders	13
wollt	13
woran	13
zeitenwende	13
zeitschrift	13
zuhörer	13
zukünftigen	13
zunehmen	13
zurückgehen	13
zusammenbruch	13
zusammengeschlossen	13
zusammengestoßen	13
zusammenkommen	13
zusätzlicher	13
zuverlässig	13
zweikampf	13
ältesten	13
ö	13
öffnung	13
ökonom	13
österreichischer	13
überfällig	13
übergehen	13
übergriffen	13
überschwemmungen	13
überstanden	13
überwacht	13
übliche	13
übt	13
abendstunden	12
abgelaufen	12
abgelegt	12
abgesetzt	12
abgewehrt	12
abholen	12
ableger	12
abrechnung	12
absatz	12
abschreckung	12
absetzen	12
absicherung	12
absoluter	12
abstimmungen	12
abwechslung	12
abzufedern	12
airport	12
aktienmärkte	12
aktuelles	12
akzente	12
altkanzler	12
aluminium	12
ampelkoalition	12
amtskollegen	12
andrij	12
angepasste	12
angepassten	12
angeschlagen	12
angespannte	12
angetrieben	12
anhaltend	12
anhängern	12
anhörung	12
anlaufstelle	12
annika	12
ansprechbar	12
anweisungen	12
arbeitslosen	12
arbeitswelt	12
arbeitszeit	12
argumentation	12
arsenal	12
aserbaidschan	12
asunción	12
atomkraftwerk	12
aue	12
aufführung	12
aufgelegt	12
aufgeteilt	12
aufregend	12
aufsicht	12
auftritten	12
aufwärts	12
ausfindig	12
ausführungen	12
ausgerüstet	12
ausgezeichnete	12
auskommen	12
ausschlaggebend	12
ausschusses	12
austauschen	12
australische	12
austritt	12
auswärtigen	12
auszugleichen	12
ausüben	12
autofahrern	12
außergewöhnliche	12
bahnhofstraße	12
bahnt	12
baltischen	12
bands	12
barrel	12
bars	12
batman	12
baumann	12
bauvorhaben	12
beabsichtigt	12
beachtet	12
beantragte	12
bedarfs	12
beeindruckend	12
begrenzten	12
beibehalten	12
beihilfe	12
bekanntheit	12
beobachtungen	12
berge	12
bergrettung	12
beruhigt	12
besiegt	12
bestimmungen	12
bestritten	12
besuchs	12
betreffe	12
betreuer	12
betriebssystem	12
bewohnern	12
bezahlte	12
bienen	12
bierhoff	12
bildete	12
bildeten	12
biologischen	12
birgt	12
blackout	12
blockaden	12
bodensee	12
boeing	12
boykott	12
brasiliens	12
braut	12
breites	12
bremse	12
bräuchten	12
bundestags	12
busch	12
buschmann	12
böhm	12
cafés	12
can	12
cdu-chef	12
christmas	12
christus	12
chrupalla	12
claus	12
comedy	12
corona-patienten	12
corona-test	12
corona-virus	12
corona-welle	12
corona-zahlen	12
cristiano	12
dan	12
davos	12
deals	12
deinem	12
designer	12
deutliches	12
dhl	12
diess	12
dilemma	12
diplomatische	12
direktorin	12
dmytro	12
dominierte	12
doppelte	12
drinnen	12
dschungelcamp	12
dächern	12
ebit	12
ebitda	12
eduard	12
eigenverantwortung	12
einbrecher	12
einfaches	12
eingeschaltet	12
eingesetzten	12
eingespart	12
eingriffe	12
einräumen	12
einsparen	12
einzel	12
einzeln	12
einzustellen	12
elke	12
emotionalen	12
endstand	12
energiepauschale	12
engagements	12
engagierten	12
engel	12
entlassung	12
entscheid	12
erfolgs	12
erfreuen	12
erhebungen	12
erik	12
erklärungen	12
erkrankten	12
erleiden	12
ermordung	12
ermöglichte	12
erschließung	12
ersichtlich	12
esslingen	12
europe	12
evakuiert	12
exchange	12
exekutive	12
experimente	12
expert	12
exportiert	12
fachbereich	12
facto	12
fahnen	12
fairen	12
faktisch	12
falscher	12
fangen	12
fdp-fraktion	12
feine	12
fernverkehr	12
festgesetzt	12
flaggschiff	12
fluch	12
flüsse	12
folglich	12
food	12
force	12
fortzusetzen	12
frauenfeld	12
freising	12
friedhof	12
friedrichstraße	12
frischer	12
früchte	12
fundament	12
furcht	12
fußgängerzone	12
fühlten	12
führer	12
fünfmal	12
gaskrise	12
gassen	12
gebot	12
gedauert	12
geführten	12
gegenfahrbahn	12
gegenverkehr	12
gegnerischen	12
geklagt	12
gekracht	12
geldautomaten	12
geliebten	12
gelockert	12
geltende	12
gemeindepräsident	12
gemischt	12
generalsekretär	12
gepflanzt	12
geplatzt	12
geprallt	12
gerechtfertigt	12
geredet	12
gerichts	12
gerückt	12
geschehnisse	12
geschockt	12
geschwister	12
geschwächt	12
geschützte	12
geschützten	12
gesteht	12
gesteuert	12
gestiegener	12
gestritten	12
gestützt	12
getrunken	12
gevelsberg	12
geweckt	12
gewisser	12
gewünschten	12
glaubwürdigkeit	12
gleicher	12
gleichermaßen	12
gleiches	12
gleichnamigen	12
gleichstellung	12
glühwein	12
goldmedaille	12
goretzka	12
graf	12
großeltern	12
grundsteuer	12
grundstücke	12
größen	12
größeres	12
hall	12
handwerker	12
hauch	12
hauptsache	12
hauptversammlung	12
hausaufgaben	12
haustiere	12
hd	12
heide	12
herstellern	12
herthas	12
hinteren	12
hitler	12
hochhaus	12
hochwertigen	12
holetschek	12
hotspot	12
hubertus	12
hunden	12
höhen	12
hütten	12
id	12
ideologie	12
ignoriert	12
importieren	12
ina	12
industrial	12
ingenieure	12
ingo	12
initiatoren	12
instrumente	12
ios	12
isar	12
islamischen	12
jasmin	12
jefferies	12
jobcenter	12
joint	12
journal	12
jr	12
jugendarbeit	12
jurist	12
kanadischen	12
kanäle	12
karim	12
kassenärztlichen	12
kimmich	12
kleinstadt	12
klingen	12
kollidiert	12
komplexität	12
konservativ	12
kontaktpersonen	12
konzipiert	12
kooperationen	12
kreativen	12
kreisstadt	12
kriegsgebiet	12
kundschaft	12
kurios	12
köhler	12
königlichen	12
lagerung	12
landesstraße	12
landesverband	12
landgerichts	12
landsberg	12
landung	12
laster	12
latte	12
laufbahn	12
laufzeiten	12
lebenshaltungskosten	12
lecks	12
legal	12
leichtes	12
lenken	12
lichter	12
liegenden	12
lissabon	12
liz	12
lng-terminals	12
lrs	12
ludwigsburg	12
löcher	12
mahlzeiten	12
mais	12
marko	12
mathias	12
matt	12
matura	12
maximum	12
maßstab	12
medium	12
meiste	12
melbourne	12
mental	12
mercedes-benz	12
messenger	12
mini	12
mitbringen	12
mittagessen	12
mitzunehmen	12
monarchin	12
montagmittag	12
moralische	12
motivieren	12
musikerinnen	12
mächtigen	12
männlich	12
möge	12
münchener	12
nachgedacht	12
nachmittags	12
nachrichtenportal	12
nationalsozialisten	12
nationalteam	12
nebst	12
netzbetreiber	12
neuendorf	12
neuerung	12
neustart	12
neuzugänge	12
niederlassung	12
night	12
nkunku	12
notebook	12
notfälle	12
nützlich	12
obduktion	12
offizieller	12
ok	12
optimale	12
optimiert	12
pakete	12
palette	12
pandemiebedingt	12
parkett	12
passant	12
pfeffer	12
pflegeheim	12
pforzheim	12
phil	12
physisch	12
platzen	12
pocher	12
potential	12
preisanstieg	12
premierministerin	12
privatleben	12
probe	12
probieren	12
professionell	12
profitierten	12
prominenten	12
prompt	12
prorussischen	12
prosieben	12
protagonisten	12
provokation	12
präzision	12
public	12
pur	12
qualifizierte	12
qualitativ	12
radfahren	12
raschen	12
rate	12
rbc	12
reale	12
rechnungshof	12
rechtsanwalt	12
recycling	12
regionalliga	12
repräsentativen	12
riss	12
ritter	12
rnd	12
rotenburg	12
routinier	12
royal	12
ruhigen	12
ruhr	12
russin	12
rückwärts	12
rüdiger	12
samstagmittag	12
sander	12
sap	12
satzung	12
scharfen	12
scherz	12
schieflage	12
schindler	12
schlaf	12
schlechtesten	12
schlägen	12
schnelligkeit	12
school	12
schubert	12
schulhof	12
schulleiter	12
schulter	12
schuster	12
schwule	12
schwächen	12
schönheit	12
seenplatte	12
seitenwechsel	12
serviert	12
sicherheitskräfte	12
siegel	12
silvia	12
sonntags	12
sophie	12
souveränen	12
sowjetischen	12
speichern	12
spielertrainer	12
staatsanwältin	12
staatskanzlei	12
staatsoberhaupt	12
staatssekretär	12
stall	12
state	12
steil	12
steirischen	12
stich	12
strack-zimmermann	12
strafverfahren	12
strahlt	12
strategisch	12
studios	12
stuhl	12
ständige	12
stürmen	12
stürzten	12
suppe	12
support	12
swift	12
tage-inzidenz	12
tanja	12
tank	12
tarifvertrag	12
taucher	12
tc	12
technischer	12
ten	12
terroristen	12
terzic	12
teuren	12
therapien	12
time	12
todes	12
toleranz	12
tony	12
toyota	12
tragischen	12
transaktionen	12
trennt	12
treue	12
tropfen	12
trudeau	12
tunesien	12
typen	12
typisch	12
tötung	12
uhrzeit	12
ukraine-krise	12
umgestellt	12
ungleichheit	12
unmittelbarer	12
unterschätzen	12
unterstellt	12
unterstreicht	12
vage	12
vegas	12
venedig	12
verankern	12
verarbeitung	12
verbrauchern	12
verbund	12
vereinbarungen	12
verfehlt	12
verfolgten	12
vergnügen	12
verkörpert	12
verliebt	12
vermissen	12
vermutung	12
vernetzt	12
vernetzung	12
vernünftige	12
verschlechtert	12
verschont	12
verspätung	12
verteidigte	12
vertraute	12
vertretung	12
vertrieben	12
verursacher	12
verwaltungsrat	12
verwandeln	12
verwandten	12
verzeichneten	12
victoria	12
vogt	12
volvo	12
vorausgesetzt	12
vorgeschrieben	12
vorstandsvorsitzende	12
vorträge	12
vorweisen	12
vr	12
wahlgang	12
wandelt	12
wanderer	12
wartete	12
wasserversorgung	12
web	12
wehrte	12
weine	12
weitergegeben	12
weißer	12
wertet	12
westlicher	12
widerspricht	12
wiegt	12
wimbledon	12
windsor	12
winfried	12
winterspielen	12
wirbel	12
wirtschaftsministerium	12
wohngebiet	12
wormser	12
wovon	12
wozu	12
wundern	12
wurf	12
wöchentlich	12
youngster	12
yvonne	12
zeilen	12
zigaretten	12
zinswende	12
zitat	12
zueinander	12
zugehörigkeit	12
zuger	12
zumeist	12
zurückgeben	12
zusammenleben	12
zusammenspiel	12
zweifellos	12
zwischenfall	12
änderte	12
ärgernis	12
äußerten	12
äußerung	12
öffneten	12
örtliche	12
überfordert	12
übergabe	12
übergewinnsteuer	12
überreicht	12
überreichte	12
überschaubar	12
abgesichert	11
abgewickelt	11
ablaufen	11
abo	11
abpfiff	11
abreise	11
abrufen	11
abs	11
absenkung	11
absichtlich	11
action	11
aktivität	11
alben	11
alexej	11
alice	11
alkoholisiert	11
allemal	11
altach	11
ambulanten	11
amstetten	11
anerkennen	11
anfängen	11
angebots	11
angerufen	11
angeschafft	11
anita	11
anlegen	11
anmerkungen	11
anschuldigungen	11
ansetzen	11
ansätze	11
antikörper	11
antonia	11
antony	11
anwältin	11
anzusehen	11
ap	11
arbeitnehmern	11
arbeitskräfte	11
architekt	11
argumenten	11
aufatmen	11
aufbringen	11
aufgeklärt	11
aufgeregt	11
aufheben	11
aufladen	11
aufstehen	11
ausführlichen	11
ausgedrückt	11
ausgemacht	11
ausgerufen	11
ausgeschöpft	11
ausgiebig	11
auslieferung	11
ausländischer	11
ausnahmsweise	11
ausrücken	11
ausschalten	11
ausschreitungen	11
ausserhalb	11
auszubauen	11
automatisierung	11
autounfall	11
außergewöhnlich	11
bahnstrecke	11
bahnübergang	11
bahrain	11
barrierefrei	11
basierend	11
baukosten	11
baustein	11
bay	11
beach	11
bearbeitung	11
beatrice	11
beck	11
becken	11
bedauert	11
bedeutendsten	11
bedienung	11
beeinträchtigungen	11
befördert	11
begab	11
begegnet	11
begleitete	11
begnügen	11
begrenzte	11
begriffe	11
behindern	11
beifahrerin	11
beiträgen	11
beizutragen	11
bekanntgegeben	11
bekundet	11
belegschaft	11
belegten	11
bemerkten	11
benennen	11
benzema	11
berechnung	11
bereichern	11
bergischen	11
berlusconi	11
berühmt	11
besagt	11
beschaffen	11
beschleunigung	11
beschädigten	11
beseitigen	11
besiegte	11
besorgen	11
bestritt	11
beton	11
betracht	11
betrat	11
betreuen	11
betrunkener	11
beurteilen	11
bewies	11
bewohnerinnen	11
bgh	11
bielefelder	11
binden	11
biodiversität	11
björn	11
blase	11
blaulicht	11
blind	11
bobic	11
bohlen	11
boss	11
brandstiftung	11
brötchen	11
bundesministerium	11
bundesverfassungsgericht	11
bundesverkehrsminister	11
bushaltestelle	11
bußgeld	11
chemische	11
chemnitz	11
chicago	11
clever	11
commerzbank	11
corona-impfpflicht	11
corona-lage	11
crash	11
daily	11
darauffolgenden	11
date	11
dauerhafte	11
debattiert	11
defizit	11
demselben	11
desaster	11
dicken	11
dieselben	11
director	11
doku	11
dokumentieren	11
doppel	11
double	11
draht	11
drang	11
dreck	11
drüber	11
duda	11
duelle	11
durchlaufen	11
durchmesser	11
durchschnittlichen	11
durchsetzung	11
eberl	11
echo	11
een	11
egli	11
ehrgeiz	11
ehrliche	11
einberufen	11
eindämmung	11
einfamilienhäuser	11
eingefahren	11
eingeklemmt	11
eingetragen	11
eingetreten	11
eingewechselte	11
eingezogen	11
einher	11
einreichen	11
einsetzt	11
einsparung	11
eintrafen	11
eintrag	11
einzelner	11
einzigartig	11
elbe	11
elektrifizierung	11
elektrisch	11
elektromobilität	11
elften	11
energiepreisen	11
entertainment	11
entgegenwirken	11
entgegnete	11
entnehmen	11
entscheidender	11
entschädigung	11
entsprechender	11
entworfen	11
episode	11
episoden	11
erdbeben	11
erfasste	11
erfordern	11
erfüllte	11
erfüllung	11
ergänzen	11
ergänzung	11
erlaubnis	11
erreger	11
erstligisten	11
erzieher	11
erzielten	11
eröffneten	11
explodieren	11
fahrplan	11
fahrradfahrer	11
familienmitglieder	11
fasziniert	11
feature	11
feinen	11
feldmann	11
festgelegten	11
festzuhalten	11
fiat	11
finanzausschuss	11
finanzkrise	11
fischen	11
flogen	11
flotte	11
fluggesellschaft	11
flutkatastrophe	11
flutlicht	11
flüchteten	11
flügen	11
forschenden	11
fossile	11
fossiler	11
fotografien	11
freiheitsstrafe	11
freitags	11
fremd	11
french	11
frey	11
früherer	11
futter	11
föderation	11
gedanke	11
gefilmt	11
gegentor	11
geknüpft	11
gelagert	11
gemeinderatssitzung	11
gemeinnützigen	11
gemütlichen	11
genre	11
genutzten	11
georgien	11
geparkten	11
gepostet	11
gernot	11
geruch	11
gerutscht	11
gesamtes	11
gesang	11
geschnitten	11
geschuldet	11
geschädigte	11
geschäfts	11
gesellen	11
gespeichert	11
gesprächs	11
gestalt	11
gesteckt	11
getätigt	11
gewessler	11
gipfels	11
glaubhaft	11
glaubte	11
gleichberechtigung	11
gleicht	11
gläubigen	11
golden	11
goldman	11
gottschalk	11
gratulieren	11
gravierende	11
grundstein	11
gruppierungen	11
gängen	11
gönnt	11
götz	11
gültigkeit	11
haken	11
hallen	11
hattingen	11
hauptgrund	11
hebel	11
heimspielen	11
heiner	11
helga	11
hell	11
henry	11
herausgegeben	11
hersfeld	11
herunter	11
herunterladen	11
herzstück	11
hockey	11
homosexuelle	11
hugo	11
hybrid	11
hyundai	11
hz	11
händlern	11
höxter	11
hütter	11
ihk	11
immunität	11
inbetriebnahme	11
indigenen	11
ines	11
infektionsgeschehen	11
inhaltsstoffe	11
inland	11
innenraum	11
inspirieren	11
inszeniert	11
integrität	11
intendant	11
ipad	11
ironisch	11
irritiert	11
japanische	11
jedermann	11
jeff	11
jemandem	11
johnsons	11
joker	11
jubel	11
juventus	11
kannten	11
kardinal	11
kasper	11
kaufbeuren	11
kaufmann	11
kehren	11
kirmes	11
kitzbühel	11
klagte	11
klappen	11
klassikern	11
klinischen	11
klum	11
knopf	11
kollektiven	11
kombinieren	11
kommandant	11
kommunalpolitik	11
kommunalpolitiker	11
kommunistischen	11
komplizierten	11
komponist	11
konrad	11
koordination	11
kopenhagen	11
kopftuch	11
korrigieren	11
kreativ	11
kreisverkehr	11
krems	11
kreuzungsbereich	11
kryptowährung	11
kursen	11
kurven	11
kühn	11
künstlerischen	11
kürzere	11
ladung	11
lagerhalle	11
landschaften	11
lasten	11
laufzeitverlängerung	11
lautstark	11
leader	11
lebensgefährlich	11
lebensräume	11
lecker	11
lehne	11
lehrerin	11
leitungen	11
lenkrad	11
leonore	11
let's	11
letzterer	11
liebevoll	11
lieferkette	11
lippen	11
lokaler	11
lothar	11
lugano	11
lustenau	11
lächeln	11
lägen	11
maaßen	11
malt	11
mandat	11
massaker	11
maya	11
mehl	11
mehren	11
meiden	11
meinungsfreiheit	11
merkte	11
mia	11
migrationshintergrund	11
millimeter	11
minimieren	11
missstände	11
mitgebracht	11
mitstreiter	11
mittelalter	11
mittelstand	11
mittelständische	11
mittlere	11
modellen	11
modus	11
momenten	11
monarchie	11
monster	11
mutig	11
müdigkeit	11
nachholen	11
nachschub	11
nackt	11
nahtlos	11
namhaften	11
nannten	11
nasser	11
nationalbank	11
nawalny	11
nebenwirkungen	11
neuigkeiten	11
neuwagen	11
nicola	11
niederrhein	11
niederösterreichischen	11
norwegischen	11
notieren	11
novelle	11
nutzerinnen	11
nächte	11
obendrein	11
odermatt	11
olympische	11
oppositionelle	11
optik	11
optimismus	11
orbán	11
orientiert	11
ortschaft	11
ortsvorsteher	11
outfit	11
outperform	11
panther	11
parlamentswahl	11
partnerschaften	11
pascal	11
passagier	11
passagieren	11
peine	11
peinlich	11
personalien	11
personellen	11
perspektivisch	11
petersburg	11
pfanne	11
pfizer	11
pflichten	11
photovoltaik	11
pianist	11
pietro	11
pistole	11
pizza	11
planet	11
plastik	11
platzieren	11
play	11
polizeibericht	11
prinzen	11
prinzipiell	11
prominenz	11
protestiert	11
prävention	11
prüfungen	11
publik	11
qatar	11
qualitäten	11
queeren	11
raab	11
rahmenprogramm	11
raiffeisen	11
raten	11
rauchentwicklung	11
raumfahrt	11
raumstation	11
razzia	11
rechenzentren	11
rege	11
regieren	11
register	11
registrierten	11
regulierung	11
reif	11
rekorde	11
rene	11
repariert	11
repertoire	11
rezepte	11
richteten	11
richtiger	11
richtlinien	11
rita	11
roller	11
rostocker	11
rottweil	11
rt	11
rudi	11
rufe	11
ruhige	11
rundfunks	11
rückblickend	11
rückrunde	11
samuel	11
sandhausen	11
schaltet	11
schatz	11
schaue	11
scheidenden	11
schichten	11
schick	11
schilder	11
schlacht	11
schlimmeres	11
schneiden	11
schnelles	11
schnelltests	11
schrecklich	11
schwaben	11
schwerste	11
schwitzen	11
schätzungsweise	11
scott	11
sechste	11
selbstbestimmung	11
selbstbewusst	11
selenski	11
senegal	11
sepp	11
serhij	11
shell	11
sicherheitspolitik	11
siegerin	11
silva	11
sinkenden	11
skepsis	11
skulptur	11
sobotka	11
solo	11
sonja	11
sorgfältig	11
sozialleistungen	11
spiegelt	11
spielfeld	11
spitzenreiter	11
spitznamen	11
sportlerinnen	11
sportlicher	11
sportstätten	11
spvgg	11
staatsbürgerschaft	11
stadtteilen	11
stamm	11
statistisch	11
staunen	11
staus	11
steckdose	11
stehlen	11
steigert	11
steigerte	11
stellvertretend	11
stephanie	11
steuereinnahmen	11
steuert	11
steuerung	11
stichwort	11
stillen	11
stocken	11
stoppte	11
straftat	11
strasse	11
streben	11
student	11
stürzt	11
sunak	11
syrischen	11
süddeutschen	11
süle	11
tablet	11
tafeln	11
tageszeitung	11
tatsächlichen	11
teenager	11
teich	11
teig	11
tenor	11
thailand	11
tina	11
tode	11
tomaten	11
touren	11
trainers	11
trainings	11
trauerfeier	11
treppe	11
tresor	11
twitterte	11
typische	11
u-bahn	11
umbauten	11
umfassend	11
umgestaltung	11
umkämpften	11
umlage	11
umsetzbar	11
umweltschutz	11
umweltschützer	11
unbestimmten	11
unfallhergang	11
unfalls	11
unfallursache	11
unglücklich	11
uno	11
unsicher	11
unsicheren	11
unterliegt	11
unterrichtet	11
unterstützten	11
unwesen	11
up	11
us-amerikaner	11
usw	11
ute	11
verbergen	11
verbindliche	11
verbirgt	11
verbrauchs	11
verfallen	11
vergangenem	11
vergleichbare	11
verhinderte	11
verhängnis	11
verkehrs	11
verkehrswende	11
verkäufe	11
verlegen	11
verlorenen	11
vermietet	11
verpackung	11
verpflichten	11
verschwindet	11
verschärften	11
versteckte	11
versäumt	11
verteidigungsministerin	11
vertieft	11
verwundert	11
verzögerung	11
vg	11
vhs	11
virtuelle	11
vitali	11
vollsperrung	11
vorgesehenen	11
vorhergesagt	11
vorhersagen	11
vorkommt	11
vorrang	11
vorsorge	11
vs	11
völkermord	11
völkerrechtswidrigen	11
wacker	11
wagens	11
wahllokale	11
waldbrand	11
wales	11
wang	11
warb	11
warentest	11
warnstreik	11
watzke	11
wdr	11
wehrt	11
weihnachtsbaum	11
weithin	11
weiträumig	11
weizen	11
weltcup	11
weltweite	11
werkzeuge	11
weswegen	11
widersprechen	11
wiederholte	11
wiederholten	11
winkt	11
winters	11
wirke	11
wirksamkeit	11
wm-titel	11
wohlbefinden	11
wohlfühlen	11
wohlstand	11
worum	11
wurst	11
wählt	11
wählte	11
wölfe	11
youtube-kanal	11
zahlungsmittel	11
zehnte	11
zeichne	11
zeichnete	11
zentimetern	11
zeug	11
zeugnis	11
ziehe	11
zugeben	11
zugesagt	11
zugeschlagen	11
zugesetzt	11
zugreifen	11
zugänglichen	11
zulässt	11
zusagen	11
zusammengekommen	11
zusehen	11
zuwanderung	11
zwangspause	11
zweijähriger	11
ämter	11
ärgern	11
äußeren	11
ökologischen	11
ökonomischen	11
östlichen	11
überholte	11
überragende	11
übersah	11
überschattet	11
überschreiten	11
übersehen	11
überwiesen	11
abbildung	10
abbruch	10
abdecken	10
abendessen	10
abgeschoben	10
abhängigkeiten	10
abkühlung	10
ablenkung	10
abschaffen	10
abschließenden	10
abschnitten	10
absolutes	10
abwehrspieler	10
abweichen	10
accounts	10
ahnung	10
airline	10
airlines	10
ak	10
akkus	10
akteuren	10
akut	10
albrecht	10
allee	10
allgäu	10
alpha	10
alphabet	10
altdorf	10
amtes	10
analog	10
angedacht	10
angezündet	10
anhält	10
ankamen	10
anrufer	10
anschließende	10
ansteckungen	10
anstrengend	10
antritt	10
anzugehen	10
arbeitende	10
arbeitnehmerinnen	10
arbeitslose	10
argumentierte	10
arnsberg	10
artikeln	10
asiatischen	10
attraktive	10
aufarbeiten	10
aufbewahrt	10
auffallen	10
aufgebot	10
aufgezeigt	10
aufstand	10
aufteilung	10
aufwendige	10
augenblick	10
ausbezahlt	10
ausgeprägt	10
ausgetreten	10
aushalten	10
ausmacht	10
aussprache	10
aussteigen	10
ausweisen	10
auszutauschen	10
auszuüben	10
automaten	10
automatischen	10
außenpolitik	10
bab	10
bachelor	10
baldige	10
ballbesitz	10
baskets	10
basteln	10
batterie	10
batterien	10
baumgartner	10
beben	10
bedrängnis	10
bedürfnissen	10
beeinträchtigung	10
befestigt	10
befürchtung	10
beheben	10
bekannteste	10
bekanntgabe	10
belange	10
belasteten	10
belgischen	10
belief	10
ber	10
berechnen	10
berufsleben	10
beschaffung	10
beschränken	10
besitzerin	10
besserung	10
bestimmung	10
bestmöglich	10
bestzeit	10
besuche	10
betonten	10
betriebskosten	10
bevorstehende	10
bewaffneten	10
bewaffneter	10
bewegungen	10
bewilligt	10
bewohnerin	10
bewundern	10
bezahlten	10
bezifferte	10
bezirks	10
bezirksamt	10
bezirksliga	10
bezirksregierung	10
bilanzierte	10
billig	10
blitz	10
blondine	10
blume	10
blutprobe	10
bosse	10
brady	10
braune	10
braunschweiger	10
bregenz	10
brown	10
brunsbüttel	10
bränden	10
bundesagentur	10
bundesgerichtshof	10
bundeskartellamt	10
challenge	10
chemischen	10
chief	10
chip	10
christen	10
contest	10
core	10
corona-infizierte	10
corona-lockdowns	10
corona-zeit	10
council	10
covid-patienten	10
dachstuhl	10
dachten	10
daimler	10
dankbarkeit	10
dat	10
data	10
dateien	10
datenbank	10
dc	10
deinen	10
dementiert	10
denselben	10
derartigen	10
derzeitigem	10
dfb-pokals	10
di	10
dick	10
dieb	10
dimension	10
dinslaken	10
direkter	10
dirigent	10
dm	10
do	10
dokumentarfilm	10
dokumenten	10
dosis	10
dreh	10
dreieinhalb	10
dreyer	10
drittstaaten	10
drk	10
drohung	10
dunkelziffer	10
dunkler	10
durchweg	10
dächer	10
dünn	10
echtzeit	10
edward	10
eeg-umlage	10
eigentum	10
eimer	10
einbindung	10
eindrucksvoll	10
eindrücke	10
eingebettet	10
eingeholt	10
einmalige	10
einmalzahlung	10
einsam	10
einschränkung	10
einsehen	10
einzigartiges	10
einzudämmen	10
einzuleiten	10
eisen	10
elden	10
elektroauto	10
emmerich	10
empfahl	10
empfindlich	10
empfunden	10
engpässen	10
engsten	10
entfernte	10
entschärfen	10
entsetzen	10
entsorgt	10
entsorgung	10
entwicklern	10
epic	10
ereignissen	10
erfolgreichste	10
ergaben	10
ergebnisses	10
erhaltung	10
erlernen	10
ernten	10
ernähren	10
erschweren	10
erstatten	10
erstmalig	10
erwartung	10
erwägt	10
erzieherinnen	10
erziehung	10
erzählung	10
eskalieren	10
eurozone	10
externen	10
extremer	10
extremisten	10
fache	10
fahrerlaubnis	10
fahrlässig	10
fassaden	10
fatale	10
fbi	10
features	10
fehlverhalten	10
fern	10
festspiele	10
finance	10
finanzamt	10
finnischen	10
fleißig	10
flugplatz	10
flugzeugen	10
forschern	10
fotograf	10
fotografen	10
foundation	10
francisco	10
franco	10
frauenfußball	10
freiheitlichen	10
freiraum	10
freitagvormittag	10
fungiert	10
fußball-bundesligist	10
fv	10
förderungen	10
führungskräfte	10
gabel	10
galler	10
gange	10
gaspreisdeckel	10
gasverbrauch	10
geachtet	10
gebühr	10
gedulden	10
geforce	10
gefährt	10
geförderten	10
geführte	10
gegenseitige	10
gegenständen	10
gegenwärtigen	10
geheimdienste	10
geheime	10
geheimnisse	10
geistig	10
geldes	10
gelernte	10
genervt	10
genesenenstatus	10
genetischen	10
gerücht	10
gesamtschaden	10
geschäftsleute	10
gesetzesentwurf	10
gestalteten	10
geste	10
getestete	10
getrennte	10
getäuscht	10
gewerbe	10
gewisses	10
gewissheit	10
gewöhnen	10
gewöhnlich	10
gewürdigt	10
gezeichnet	10
geübt	10
ginge	10
gladbacher	10
glich	10
gorbatschow	10
grades	10
grafikkarten	10
gras	10
gratulierte	10
grau	10
grazer	10
grote	10
großbrand	10
großteils	10
großvater	10
großzügige	10
grundgesetz	10
grundlegend	10
grünen-politiker	10
gta	10
günstigsten	10
hagel	10
hallo	10
halloween	10
hauptgeschäftsführer	10
heizkosten	10
heißesten	10
herausgabe	10
herausragende	10
herausstellte	10
herben	10
herrchen	10
herrsche	10
herrschenden	10
hessens	10
hetze	10
hilfestellung	10
hindernis	10
hinrunde	10
hinterließ	10
holland	10
holocaust	10
honda	10
hosen	10
hospital	10
häuslicher	10
höchster	10
hündin	10
igor	10
implementierung	10
importe	10
importiert	10
impuls	10
industriellen	10
influenza	10
informatik	10
ing	10
inhaltliche	10
innenhof	10
inspiration	10
integrierten	10
intelligenten	10
intensität	10
inter	10
intervention	10
investmentbank	10
ioc	10
isolieren	10
israels	10
jack	10
jagd	10
jahn	10
jahrelangen	10
jahresanfang	10
jahreshauptversammlung	10
jahreshälfte	10
jahrestag	10
jana	10
jorge	10
junior	10
jüngster	10
kalkuliert	10
kampfjets	10
kanadas	10
kantone	10
kapelle	10
kardashian	10
karlsruher	10
kartoffeln	10
kasten	10
kaution	10
kennenzulernen	10
kette	10
kiosk	10
kirchberg	10
kirsten	10
klose	10
klug	10
knapper	10
know-how	10
kobayashi	10
komitee	10
kompromisse	10
kontaktieren	10
kontaktiert	10
kontinuierliche	10
kopie	10
kostensteigerungen	10
krankenversicherung	10
krefeld	10
kreisel	10
kreisstraße	10
kretschmer	10
kriegt	10
kroaten	10
kuba	10
kämpferisch	10
königs	10
königshaus	10
körperlichen	10
kühne	10
kühnert	10
künstlicher	10
kürzer	10
küssen	10
label	10
lackner	10
laien	10
landeskriminalamt	10
landesweiten	10
landsleute	10
landtags	10
lausitz	10
laute	10
lebensgefährlichen	10
lebensjahr	10
lebensraum	10
lehrpersonen	10
lemke	10
lenkte	10
leonardo	10
leserinnen	10
letzt	10
lichtblick	10
linden	10
linienbus	10
linker	10
litt	10
lloyd	10
losgehen	10
luka	10
luke	10
lächerlich	10
längerfristig	10
längsten	10
lösten	10
maler	10
malerei	10
malte	10
mangelnden	10
mangelware	10
marathon	10
marktes	10
marktwert	10
marode	10
masche	10
massiver	10
mbit	10
mdax	10
mecklenburg-vorpommerns	10
mehrheiten	10
meilenstein	10
menden	10
merke	10
meteorologen	10
mi	10
mieterinnen	10
mietwohnungen	10
mikroplastik	10
milden	10
miller	10
milliardenschweren	10
minderjährige	10
mitbekommen	10
mitgliederversammlung	10
mitteilen	10
mochte	10
moderat	10
modernisiert	10
module	10
mohamed	10
montiert	10
motivierte	10
ms	10
museums	10
music	10
muster	10
mutigen	10
mäßig	10
mühelos	10
mühlhausen	10
mülleimer	10
nachgang	10
nachholbedarf	10
nachlesen	10
nahrungsmitteln	10
nass	10
nationalsozialismus	10
neigen	10
neuerdings	10
neumann	10
nfl	10
niedergelassenen	10
norris	10
nsu	10
nächtlichen	10
oberlandesgericht	10
offenes	10
office	10
officer	10
old	10
olympiastadion	10
orden	10
osnabrücker	10
overweight	10
packt	10
paderborner	10
pakistan	10
palästinenser	10
paragraf	10
pater	10
pendeln	10
personennahverkehr	10
philippe	10
physischen	10
pipelines	10
platzes	10
platzierung	10
podest	10
pole	10
polizeipräsidiums	10
polizeiwache	10
popp	10
portugiesen	10
potenzieller	10
praktischen	10
press	10
pressesprecherin	10
privileg	10
prnewswire	10
produktionskosten	10
programms	10
prozentpunkt	10
prozesses	10
prägen	10
puncto	10
qr-code	10
quartalszahlen	10
queer	10
radikal	10
raffinerie	10
ram	10
rapide	10
rar	10
raste	10
rathausplatz	10
rauchen	10
rauswurf	10
rechtfertigen	10
rechtsaußen	10
rechtswidrig	10
reduzierte	10
rees	10
regelmäßigen	10
regionalverkehr	10
registrierte	10
regulieren	10
reha	10
reiner	10
reisenden	10
relevanz	10
religiösen	10
renommierte	10
rentenversicherung	10
rentnerin	10
rettete	10
revision	10
rhythmus	10
ricciardo	10
riecht	10
riesiges	10
riskant	10
rollt	10
rosenkranz	10
rot-weiß	10
ruhiger	10
rumänischen	10
sabotage	10
sachverständigen	10
salat	10
sam	10
sandro	10
sanieren	10
saskia	10
satelliten	10
saturn	10
schauern	10
schauspiel	10
scheune	10
schlaganfall	10
schlamm	10
schläge	10
schlägerei	10
schmitz	10
schnitzel	10
schob	10
schockiert	10
schoigu	10
schrieben	10
schriftlichen	10
schriftzug	10
schwacher	10
schwachstellen	10
schweizerin	10
schweizerische	10
schweizerischen	10
schwimmer	10
schwulen	10
schwärmt	10
schützenfest	10
science	10
sees	10
seitenlinie	10
selbstverständlichkeit	10
seoul	10
serben	10
shop	10
sicherheitslage	10
siegen-wittgenstein	10
siegerehrung	10
siegtreffer	10
silbereisen	10
skispringen	10
slalom	10
smartbroker	10
sondervermögen	10
sorte	10
sparkassen	10
sparte	10
spaziergang	10
sperre	10
spezialisierten	10
spiegeln	10
spielfilm	10
spielzeug	10
spurlos	10
staatsanleihen	10
staatspräsident	10
staatsregierung	10
stadtbibliothek	10
standpunkt	10
startlöchern	10
stattfindenden	10
steige	10
strafmaßnahmen	10
stralsund	10
straßenrand	10
streifenwagen	10
strengere	10
stresstest	10
stundenkilometern	10
ständen	10
substanzen	10
subventionen	10
superstars	10
swiss	10
systemen	10
söhne	10
südosten	10
süß	10
tagt	10
taktische	10
taschen	10
tb	10
teamchef	10
teamkollege	10
technology	10
tester	10
testungen	10
teuerungsrate	10
teures	10
texten	10
these	10
ti	10
tiefgarage	10
tierarten	10
tiger	10
todesfall	10
trade	10
traut	10
trennten	10
treppenhaus	10
trikots	10
träumt	10
turbine	10
turbulenzen	10
turnhalle	10
turnieren	10
tätigen	10
tüv	10
ubisoft	10
uhren	10
ukrainekrieg	10
ungewohnt	10
unheimlich	10
uniklinikum	10
universitätsklinikum	10
unkompliziert	10
unmissverständlich	10
unna	10
unterfranken	10
unterkünfte	10
unterstrich	10
unvermittelt	10
uri	10
urteilte	10
us-bank	10
us-konzern	10
vegan	10
veit	10
verankert	10
verbal	10
verbands	10
verbotenen	10
verbrauchen	10
verbraucherpreise	10
verbreitete	10
verbuchte	10
verbundenheit	10
verdeutlicht	10
verdoppeln	10
verdreifacht	10
vergleicht	10
vergrößert	10
verhängten	10
verkauften	10
verkürzung	10
verlagert	10
verlangte	10
verlängerte	10
verläufe	10
vermittlung	10
vermutete	10
veronika	10
verpflichtungen	10
versagt	10
verschenken	10
verschwand	10
verschärfung	10
versehentlich	10
versicherungen	10
versprechungen	10
verstärkten	10
vertagt	10
verurteilen	10
verzweiflung	10
veto	10
vierbeiner	10
vitamin	10
viva	10
vizepräsident	10
vollem	10
volleys	10
vonovia	10
voraussichtliche	10
vorbildlich	10
vorhalten	10
vorzulegen	10
vorüber	10
völkerrechts	10
wachsende	10
wagenknecht	10
wagt	10
wahlberechtigten	10
wahnsinnig	10
wahres	10
wahrzunehmen	10
wasserstand	10
we	10
wegzudenken	10
weinen	10
weitergabe	10
weiterlesen	10
welten	10
weltgesundheitsorganisation	10
weltmarkt	10
wendet	10
werdende	10
werdenden	10
wertung	10
wettbewerbs	10
wetterdienstes	10
white	10
widerstands	10
wiedergewählt	10
wiederholung	10
wiens	10
wille	10
wimmer	10
windhorst	10
wings	10
wirtschaftswachstum	10
wissenschaftlerinnen	10
wissler	10
witterung	10
wochenlang	10
woods	10
wunderbare	10
wunderbaren	10
wundert	10
wuppertaler	10
wählern	10
wäsche	10
wünschte	10
würdigte	10
wüste	10
y	10
zeiss	10
zeitalter	10
zentralbanken	10
zentren	10
zeugenaussagen	10
ziegler	10
zubereitet	10
zugelassenen	10
zurückziehen	10
zusage	10
zuschauerinnen	10
zuspruch	10
zwang	10
zweifelsohne	10
zwingt	10
zwölfjährige	10
zählten	10
zähne	10
ökosystem	10
östlich	10
überführt	10
überlegenheit	10
überreste	10
überschlug	10
überweisen	10
übungsleiter	10
abbremsen	9
abgerechnet	9
abgeschaltet	9
abgeschleppt	9
abhängen	9
abitur	9
ablösefrei	9
abonnenten	9
abos	9
abstellen	9
abstiegsrunde	9
abtreibungen	9
abwesenheit	9
achim	9
ad	9
afrikanischen	9
aggressor	9
aiwanger	9
albanien	9
alliierten	9
alpine	9
altenburg	9
altersvorsorge	9
ambiente	9
amerikanern	9
amira	9
amts	9
andauernde	9
andernfalls	9
andrang	9
andre	9
anerkannten	9
anfällig	9
angebunden	9
angegebenen	9
angehört	9
angetroffen	9
angewendet	9
anlaufen	9
annahmen	9
anreiz	9
ansage	9
anschlussstellen	9
anstecken	9
anstehende	9
antje	9
antragsteller	9
anzufangen	9
anzuschauen	9
aok	9
apa-anfrage	9
arbeiterkammer	9
arbeitsalltag	9
arbeitsplätzen	9
argumentieren	9
arrangiert	9
asche	9
ataman	9
athletinnen	9
attackierte	9
attentat	9
attraktives	9
aufbruch	9
aufführungen	9
aufgebracht	9
aufgefangen	9
aufgeladen	9
aufhorchen	9
aufschwung	9
auftragseingang	9
aufzug	9
auseinandersetzen	9
ausgedacht	9
ausgeglichenen	9
ausgelastet	9
ausgeliehen	9
ausgenutzt	9
ausgerückt	9
ausgesagt	9
ausgestaltung	9
ausgewechselt	9
ausgleichen	9
ausgrenzung	9
ausländern	9
ausschnitt	9
ausverkauf	9
ausweiten	9
auswärtige	9
auszahlen	9
auszahlung	9
auszubildenden	9
auszug	9
auszusetzen	9
autobauer	9
automatisieren	9
autoritären	9
außenministeriums	9
avancierte	9
award	9
bahnhöfen	9
bande	9
bass	9
bauwerk	9
beantragten	9
bebauungsplan	9
bedanken	9
bedauern	9
befragen	9
befragte	9
befürchteten	9
befürwortet	9
begehrte	9
beginnenden	9
begraben	9
begriffen	9
behielt	9
behält	9
beifall	9
beiträgt	9
bekanntes	9
bekanntwerden	9
belarussischen	9
beliefen	9
bellingham	9
belta	9
beratern	9
bereichert	9
bereite	9
bergisch	9
berlinale	9
berufe	9
berät	9
bescheiden	9
beschleunigte	9
beschließt	9
beschuldigt	9
beschwert	9
best	9
bestückt	9
betrunken	9
betrunkene	9
betrunkenen	9
beunruhigt	9
bewaffnete	9
bewirbt	9
beworben	9
bewährt	9
bezeichneten	9
bezog	9
bike	9
bilateralen	9
bildungsministerium	9
biologische	9
bischöfe	9
blizzard	9
bluetooth	9
blüten	9
boateng	9
bochumer	9
bodo	9
bog	9
boom	9
boomt	9
bosch	9
brauerei	9
brisante	9
brite	9
bruce	9
bundesamtes	9
bundeskabinett	9
bundestagsabgeordnete	9
bundesvereinigung	9
bundeswirtschaftsministerium	9
burschen	9
byd	9
bädern	9
bälle	9
börsengang	9
bündeln	9
bürgerinitiative	9
bürgerkrieg	9
bürgerversammlung	9
cash	9
charlie	9
christ	9
christdemokraten	9
christentum	9
coca-cola	9
corona-auflagen	9
corona-beschränkungen	9
cosco	9
cruise	9
damaliger	9
darmstädter	9
darstelle	9
datenlage	9
dazugekommen	9
defizite	9
dekret	9
delivery	9
deniz	9
denjenigen	9
denkwürdigen	9
deutete	9
dgb	9
diabetes	9
didi	9
diene	9
diensten	9
dietrich	9
dimensionen	9
diplomatie	9
diskurs	9
diät	9
dominieren	9
doppelpack	9
dotiert	9
dramatischer	9
drensteinfurt	9
dringender	9
dritt	9
drohe	9
drucks	9
dsds	9
duft	9
durcheinander	9
durchfahrt	9
durchgängig	9
durchseuchung	9
durchsuchten	9
durchsuchungen	9
durchziehen	9
dusche	9
dynamisch	9
dörfer	9
dörfern	9
ebay	9
eckpunkte	9
edin	9
effiziente	9
eg	9
ehrenamt	9
eichen	9
eigenheim	9
einfordern	9
eingefroren	9
eingesammelt	9
eingeschränkten	9
eingeschätzt	9
eingesetzte	9
eingesperrt	9
einleiten	9
einsatzbereitschaft	9
einschränken	9
einweihung	9
einzusteigen	9
eisenbahn	9
ellen	9
embargo	9
emirate	9
emiraten	9
empfehlenswert	9
empfinden	9
empört	9
endkunden	9
energielieferungen	9
energiesektor	9
energiesparen	9
ennepetal	9
entfaltet	9
entlastungsmaßnahmen	9
entscheide	9
entstehenden	9
entwendete	9
entwendeten	9
entzogen	9
entzündet	9
er-marke	9
erden	9
erfassen	9
erfassung	9
erforderliche	9
ergattern	9
erhofften	9
erhöhter	9
erika	9
erinnere	9
erlass	9
erlaubten	9
erlebnisse	9
erliegen	9
ernennung	9
erneuter	9
ernsthaften	9
eroberung	9
errichtete	9
errungenschaften	9
ersparen	9
erteilen	9
ertragen	9
erwachsen	9
erwartenden	9
erwartungsgemäß	9
erweisen	9
erweiterte	9
erwies	9
erwirtschaften	9
erwischte	9
erzbistum	9
erzählungen	9
eskalierte	9
et	9
etablierten	9
euroraum	9
expansion	9
export	9
fachkräften	9
fachlich	9
fahrspur	9
faire	9
fashion	9
fda	9
fdp-chef	9
feierabend	9
feierlichen	9
feinde	9
feldkirchen	9
fenstern	9
ferdinand	9
fernen	9
fernwärme	9
festakt	9
filmemacher	9
financial	9
finanz	9
finanzieller	9
finnlands	9
firmenchef	9
fixiert	9
flughafens	9
flächendeckend	9
flüchtenden	9
formulieren	9
forschungsprojekt	9
forst	9
fox	9
fracking	9
fraktionschef	9
freigestellt	9
freitagmittag	9
freundeskreis	9
freundschaften	9
fridays	9
frieren	9
from	9
frühschoppen	9
fsg	9
funke	9
funktioniere	9
funktionierende	9
fußball-weltmeisterschaft	9
füchse	9
fünfstelligen	9
fürchte	9
fürther	9
garagen	9
gastro	9
gates	9
geboostert	9
gedeckt	9
gedicht	9
geforderten	9
gefälscht	9
gegriffen	9
geheiratet	9
gehoben	9
gejagt	9
gekocht	9
gekoppelt	9
gekrönt	9
geldbörse	9
geldpolitischen	9
gelenkt	9
geliebt	9
gelinge	9
gelsenkirchener	9
gemeinderats	9
gemeinderätin	9
generellen	9
geopolitische	9
geopolitischen	9
gepaart	9
gepasst	9
gereinigt	9
geretsried	9
geringfügig	9
gerüchten	9
geschehens	9
geschenkt	9
geschäftsleitung	9
geschäftspartner	9
gesellschaftlich	9
gesicherte	9
gesprächspartner	9
getränk	9
gewaltig	9
gewaltigen	9
gewaltsamen	9
gewandt	9
gewertet	9
gewissermaßen	9
gewähren	9
gitarre	9
gladbeck	9
glückwünsche	9
gmunden	9
gordon	9
graue	9
greuther	9
grimm	9
grundsicherung	9
grundstücks	9
gräueltaten	9
grünen-politikerin	9
guy	9
gänge	9
haie	9
haltestellen	9
ham	9
handys	9
hanna	9
hansa	9
hasen	9
health	9
heftiger	9
heilige	9
heimlich	9
heiratete	9
helle	9
heller	9
helsinki	9
henkel	9
herausragenden	9
herd	9
herrscher	9
herstellers	9
hervorragenden	9
herzens	9
heurigen	9
high	9
hildesheim	9
hilfsorganisationen	9
hilfswerk	9
hindern	9
hingabe	9
hintereinander	9
hinzugezogen	9
hitzewellen	9
hochrangigen	9
hochrechnungen	9
hoeneß	9
hole	9
homberg	9
horizont	9
horror	9
häufen	9
höchststand	9
höheres	9
hörte	9
iaea	9
igel	9
ikea	9
impfkampagne	9
imst	9
industrielle	9
inklusion	9
innenministerin	9
innsbrucker	9
insolvenzen	9
intention	9
internationales	9
investments	9
inzidenzwert	9
irgendeiner	9
israelis	9
italienerin	9
jake	9
jamal	9
janine	9
jeans	9
jeher	9
jessica	9
jesu	9
joel	9
josé	9
jude	9
junges	9
juristisch	9
justizministerium	9
jünger	9
kabul	9
kaili	9
kaminski	9
kampagnen	9
kandidieren	9
karneval	9
katalanen	9
kaufpreis	9
kaufte	9
kempten	9
kennzeichnung	9
kernkraftwerk	9
kerze	9
kickers	9
kiefer	9
kindergartens	9
kindergeld	9
kinofilm	9
kippe	9
kippen	9
klartext	9
klassisch	9
klassischer	9
klettert	9
klicken	9
klingbeil	9
klingeln	9
kollektion	9
komfort	9
kommunale	9
kompensieren	9
komponisten	9
konkreter	9
konstantin	9
konstellation	9
konsumiert	9
kontakten	9
kontinuität	9
konzerns	9
korridore	9
kranke	9
krankenwagen	9
kreativer	9
kredit	9
kreuzbandriss	9
kriegspartei	9
krippen	9
krisenzeiten	9
kundin	9
kunstwerk	9
kuriose	9
kurznachrichtendienst	9
käfer	9
köllner	9
künstlichen	9
küstenwache	9
landesgericht	9
langes	9
langjähriger	9
laptops	9
lask	9
lateinamerika	9
laub	9
lauterbachs	9
lautsprecher	9
lebensstil	9
lech	9
legislaturperiode	9
leibliche	9
leihe	9
leo	9
leoben	9
lernten	9
lesung	9
leuchtenden	9
lg	9
liechtenstein	9
lieferten	9
lies	9
linda	9
linkspartei	9
linux	9
litten	9
little	9
lockte	9
logik	9
loslegen	9
lud	9
lyon	9
lächelt	9
länderspiel	9
löscht	9
lüge	9
ma	9
macrons	9
magentasport	9
magische	9
magistrat	9
mails	9
make-up	9
malen	9
marseille	9
massen	9
massenhaft	9
master	9
masters	9
matarazzo	9
matthew	9
mediengruppe	9
medizinischer	9
medwedew	9
megawatt	9
mehrfamilienhaus	9
meinungsforschungsinstituts	9
meistertitel	9
menschliches	9
mentalität	9
merkmale	9
michail	9
missbrauchs	9
mitbringt	9
mitgliedsländer	9
mitgliedsstaaten	9
mitteleuropa	9
mittlerer	9
moderieren	9
modeste	9
modul	9
monitor	9
morgigen	9
musikschule	9
mutterkonzern	9
märchen	9
märkischen	9
möller	9
mülheimer	9
müttern	9
nachgeholt	9
nachhaltiges	9
nachzudenken	9
nahrungsmittel	9
nationaler	9
nationalpark	9
nationalteams	9
nations	9
nba	9
ne	9
nebenan	9
netflix-serie	9
neubauer	9
neubauten	9
neugierig	9
neumünster	9
neuregelung	9
neuwahlen	9
nfts	9
nickel	9
niclas	9
niedergelegt	9
niedrigere	9
nintendo	9
nische	9
nordhausen	9
nordhessen	9
nordkoreanischen	9
nordrhein-westfälische	9
nordwestlich	9
norwegische	9
notarzthubschrauber	9
notaufnahmen	9
noten	9
notunterkünfte	9
nukleare	9
nzz	9
näheren	9
nähert	9
nötigung	9
obergeschoss	9
obergrenze	9
oberhaupt	9
oberkörper	9
oberwart	9
offenheit	9
offensiven	9
oh	9
olivenöl	9
olympique	9
om	9
oman	9
online-shop	9
order	9
ordnungsgemäß	9
organisator	9
ortschaften	9
out	9
packte	9
paraden	9
parkhaus	9
parteilos	9
passagen	9
passau	9
pasta	9
pcr	9
pedro	9
penny	9
pensionen	9
personalkosten	9
pfalz	9
pfingsten	9
pflegeeinrichtungen	9
pfleger	9
pflegt	9
phasen	9
philadelphia	9
philippinen	9
pilze	9
pink	9
pinzgau	9
platziert	9
platzt	9
plötzlichen	9
pokalsieger	9
polaschek	9
polizeistation	9
portion	9
preises	9
preisgeld	9
preisträger	9
prenzlauer	9
president	9
pride	9
primär	9
privathaushalte	9
probiert	9
produzierten	9
profitabilität	9
prognostiziert	9
prominent	9
prostituierte	9
protagonist	9
protestierenden	9
präsidentschaftswahl	9
psychologin	9
publikums	9
publikumsliebling	9
publisher	9
publiziert	9
puls	9
puma	9
pädagogen	9
pässe	9
quadratkilometer	9
qualifizierten	9
qualifying	9
quote	9
radikale	9
radikalen	9
radler	9
radwege	9
ralph	9
raphael	9
ratgeber	9
rathauschef	9
rauchwolke	9
raumtemperatur	9
rausch	9
rechne	9
rechtskurve	9
rechtsprechung	9
reduzierten	9
regierungspartei	9
regierungspräsidium	9
regionaler	9
reichsbürger	9
relevanten	9
rendi-wagner	9
renner	9
rennleiter	9
rennserie	9
repräsentieren	9
restliche	9
rheinland	9
rhetorik	9
richtern	9
riesenrad	9
rivalen	9
robust	9
rohstoffpreise	9
rolling	9
romantischen	9
ronald	9
routen	9
routine	9
ruder	9
ruinen	9
russe	9
ryzen	9
rängen	9
rückspiel	9
sa	9
sachdienliche	9
sachspenden	9
saisonbeginn	9
samstags	9
schaffhausen	9
schallenberg	9
schalten	9
schande	9
scharrenbach	9
scheiben	9
schlosspark	9
schlusspfiff	9
schmal	9
schneidet	9
schnittstelle	9
schottischen	9
schreibe	9
schröders	9
schuldenbremse	9
schulkinder	9
schulleiterin	9
schulleitung	9
schulweg	9
schulze	9
schuppen	9
schusswaffe	9
schwamm	9
schwarzes	9
schwede	9
schweine	9
schwelle	9
schwerem	9
schwierigkeit	9
schürze	9
schüssen	9
season	9
seehöhe	9
segment	9
selbstbewusstsein	9
selbstständigkeit	9
seltenheit	9
senkt	9
sensation	9
sensibilisiert	9
sensible	9
session	9
sicherheitsbehörden	9
sichtbare	9
siegt	9
silke	9
silvio	9
singles	9
skifahren	9
slogan	9
smarte	9
soeben	9
sofortigen	9
solidarisch	9
sommermonaten	9
souveränität	9
spahn	9
spannender	9
spencer	9
spender	9
spezielles	9
spielzeiten	9
sprengstoff	9
späte	9
spätere	9
square	9
staatsfernsehen	9
staatsschutz	9
staatsstraße	9
stabilen	9
stadium	9
stadler	9
stadtgemeinde	9
stadträte	9
stammspieler	9
stanley	9
steinen	9
stephen	9
sticht	9
stimmzettel	9
stones	9
strafkammer	9
strafrechtliche	9
streamen	9
strikt	9
strobl	9
strompreis	9
strukturellen	9
strömten	9
stämme	9
stühle	9
summen	9
supreme	9
swr	9
südkoreanischen	9
süßen	9
t-online	9
tabellenspitze	9
tablets	9
tagesschau	9
tags	9
talbrücke	9
talk	9
tanks	9
tanzt	9
tarife	9
tasse	9
tatjana	9
tatzeit	9
taxifahrer	9
te	9
techniker	9
teilmobilmachung	9
teilnahmen	9
telefonieren	9
tennisspieler	9
tessin	9
testzentrum	9
themas	9
thor	9
thunder	9
thurgau	9
tiergarten	9
tierpark	9
tierschützer	9
tische	9
tja	9
todesfällen	9
torchancen	9
totalschaden	9
touchierte	9
traditionen	9
trainierte	9
transfers	9
traurige	9
trauung	9
trennte	9
tresen	9
trost	9
truck	9
trunkenheit	9
trümmern	9
turbulent	9
uckermark	9
uli	9
ulm	9
ultra	9
umbringen	9
umfassendes	9
umgegangen	9
umlauf	9
umwege	9
undenkbar	9
unerwünschten	9
ungarns	9
ungeimpft	9
ungerecht	9
unionsfraktion	9
unterfangen	9
untergang	9
untergrund	9
unterschrieb	9
unterschrift	9
unzufriedenheit	9
us-außenminister	9
us-medien	9
valencia	9
valentin	9
vandalismus	9
var	9
vatikan	9
vegane	9
veganen	9
veranstalten	9
verbandsgemeinde	9
verborgen	9
verbotene	9
verbraucherzentralen	9
verdienste	9
vereinbar	9
vergewaltigung	9
vergleichbaren	9
vergütung	9
verhandlungstisch	9
verheerend	9
verhältnismäßig	9
verhängte	9
verkaufte	9
verkündung	9
verletzen	9
verlässlich	9
verlässliche	9
verläufen	9
vernichtet	9
vernommen	9
vernunft	9
verpackt	9
verpackungen	9
verschlossenen	9
versenden	9
versicherer	9
verstoßes	9
verständigte	9
vertraglich	9
vertragsverlängerung	9
vertriebenen	9
verwandelte	9
verwehrt	9
verweigern	9
verweigerte	9
verweilen	9
verwendete	9
verwendeten	9
verzweifelt	9
verzweifelte	9
vielseitig	9
vienna	9
vierstelligen	9
villingen-schwenningen	9
visionen	9
voigt	9
volksbank	9
vollbrand	9
vollmond	9
vollumfänglich	9
vollzug	9
vorangegangenen	9
voraussicht	9
vorbehalte	9
vorfalls	9
vorfällen	9
vorgegangen	9
vorgeschmack	9
vorgesehene	9
vorgesetzten	9
vorgestellte	9
vorgestellten	9
vorjahresquartal	9
vorreiter	9
waage	9
wahlbeteiligung	9
wahlergebnis	9
wahlrecht	9
wahlsieg	9
wandels	9
wandten	9
warnstreiks	9
warteschlangen	9
wartezeit	9
wartung	9
waschen	9
weckt	9
week	9
wegfallen	9
weiblich	9
weihnachtsferien	9
weiterfahrt	9
weitergehende	9
weiterkommen	9
weißt	9
welch	9
wels	9
weltgrößten	9
weltmeisterschaften	9
weltrangliste	9
weltraum	9
werdet	9
werften	9
wertvollste	9
westlich	9
widerspiegeln	9
widmete	9
wiederherstellung	9
wiedervereinigung	9
wiegen	9
wildtiere	9
wilfried	9
wilhelmshaven	9
winzer	9
wirklichen	9
wirksamen	9
wochenmarkt	9
woelki	9
wohn	9
wohngeld	9
wohnhauses	9
wohnhäuser	9
wohnungsunternehmen	9
wolfenbüttel	9
wolke	9
wrack	9
währungshüter	9
wöchentlichen	9
xvi	9
your	9
zapfsäulen	9
zehnjährige	9
zehnten	9
zeitfenster	9
zeitlichen	9
zentrums	9
ziert	9
zirkus	9
zoos	9
zubereitung	9
zuflucht	9
zufriedenstellend	9
zugeschnitten	9
zulassen	9
zunge	9
zurückfahren	9
zurückgekommen	9
zurückgetreten	9
zurückhaltung	9
zurückkommen	9
zusehends	9
zustellung	9
zuständigkeitsbereich	9
zuverlässigkeit	9
zweifache	9
zweifelt	9
zweistelligen	9
zweitligisten	9
zwickau	9
zwölften	9
ähnlichem	9
ärztekammer	9
äußere	9
öffentlich-rechtliche	9
öfters	9
österreicherinnen	9
übereinstimmend	9
überholt	9
überraschte	9
übersetzung	9
übertraf	9
überträgt	9
überzogen	9
abbauen	8
abenden	8
abendkasse	8
abflug	8
abgelaufene	8
abgeordnetenhaus	8
abgeraten	8
abgespielt	8
abgrund	8
abheben	8
abkürzung	8
ablöse	8
ablösen	8
abnehmer	8
abramowitsch	8
abriss	8
abrufbar	8
abschlag	8
abschrecken	8
absichern	8
abteilungen	8
abwehrchef	8
abzubilden	8
abzuschließen	8
achse	8
achtet	8
adolf	8
adressen	8
agenturen	8
aggressiven	8
airbus	8
akribisch	8
aktionstag	8
aktivieren	8
aktivist	8
aktivistinnen	8
akuten	8
alarmstufe	8
alberto	8
alcaraz	8
aleksandar	8
alleinerziehende	8
alljährlich	8
alltags	8
ambitioniert	8
amtlichen	8
anderweitig	8
anfahrt	8
anfordern	8
anfühlt	8
angeben	8
angeblicher	8
angedeutet	8
angehöriger	8
angelegenheiten	8
angestrebt	8
anhaltender	8
anheben	8
animieren	8
anke	8
anmeldungen	8
annektierten	8
anonyme	8
anrainer	8
anrufen	8
anschlusstreffer	8
ansprechen	8
anstreben	8
antike	8
anwender	8
anwohnern	8
anziehen	8
anzulegen	8
appenzell	8
arbeitsgemeinschaft	8
arbeitslosenquote	8
arbeitsunfall	8
arbeitszeiten	8
arizona	8
ark	8
armenien	8
artenschutz	8
artenvielfalt	8
arthur	8
arztpraxen	8
assist	8
asylbewerber	8
atlantik	8
atomausstieg	8
atomkraftwerken	8
attraktion	8
audio	8
auffallend	8
auffälligkeiten	8
aufgearbeitet	8
aufgefahren	8
aufgeführt	8
aufgegangen	8
aufgehalten	8
aufgehängt	8
aufklären	8
auflaufen	8
aufsteigen	8
aufstiegsrennen	8
auftraggeber	8
auftritts	8
aufwärmen	8
aufzuhalten	8
aufzustellen	8
aufzutreten	8
augenscheinlich	8
auktion	8
ausdauer	8
ausführliche	8
ausführung	8
ausgangspunkt	8
ausgebildete	8
ausgebremst	8
ausgelost	8
ausgeweitet	8
ausharren	8
auskünfte	8
ausreise	8
ausruhen	8
australischen	8
ausverkauften	8
ausweisung	8
auswählen	8
autonomen	8
außenwelt	8
außergewöhnliches	8
außerordentlich	8
awo	8
azubis	8
bachmann	8
back	8
badegäste	8
bahnsteig	8
banden	8
bange	8
bangen	8
bares	8
barfuß	8
bartsch	8
basieren	8
basketballer	8
baten	8
battle	8
bauernhof	8
bauherren	8
bauliche	8
bauunternehmen	8
bayerischer	8
beachtung	8
beauftragte	8
bedenkt	8
bedeutend	8
bedingten	8
bedrohlich	8
bedürftige	8
beethoven	8
befahrbar	8
befindliche	8
befürworter	8
begrenzung	8
begrüße	8
begünstigt	8
beherbergt	8
beherrschen	8
behrens	8
behutsam	8
beispielhaft	8
bekennen	8
bekommst	8
belagerten	8
belastete	8
belegung	8
beleidigte	8
beliebtes	8
beliefern	8
belohnung	8
bemängelte	8
benachteiligt	8
benannte	8
bereinigte	8
bereinigten	8
bereiteten	8
berenberg	8
bergland	8
berlinern	8
bernstein	8
beruhen	8
besatzer	8
bescheren	8
bestaunen	8
bestehendes	8
bestenfalls	8
besteuerung	8
bestrebungen	8
bestürzt	8
betrachtung	8
betreffenden	8
betreibern	8
betriebenen	8
betriebsrat	8
betrugs	8
beträge	8
betrügern	8
beurteilt	8
beurteilung	8
beweggründe	8
bewerbern	8
bewundert	8
bewusstlos	8
bezirke	8
bg	8
biel	8
billionen	8
binde	8
binder	8
birmingham	8
biss	8
blessuren	8
blockchain	8
blonde	8
bloss	8
blutentnahme	8
bode	8
bond	8
booster-impfung	8
borrell	8
bosnien	8
boys	8
brachen	8
brandenburgischen	8
brandes	8
brannten	8
bratislava	8
brauch	8
breuer	8
bronzemedaille	8
brooklyn	8
broschüre	8
brutale	8
brutalität	8
bräuchte	8
buchs	8
buckingham-palast	8
budgets	8
build	8
bulls	8
bundesgesundheitsministerium	8
bundeskanzlerin	8
bundesliga-saison	8
bundesligist	8
bundle	8
button	8
bußgelder	8
bären	8
bönen	8
captain	8
carmen	8
catherine	8
cathy	8
champion	8
charlène	8
chefcoach	8
christa	8
christlichen	8
claude	8
cold	8
controller	8
coole	8
corona-jahr	8
corona-jahren	8
couch	8
coup	8
cover	8
czaja	8
dahingehend	8
dallas	8
damm	8
dankeschön	8
darstellungen	8
dauerten	8
davies	8
debakel	8
definition	8
demokratischer	8
denise	8
derjenige	8
derjenigen	8
derlei	8
derselbe	8
detroit	8
devils	8
dfb-team	8
diamanten	8
differenzen	8
dinner	8
diskothek	8
diskutierten	8
distanziert	8
disziplinen	8
diversität	8
dominanz	8
don	8
donnerstags	8
donnerstagvormittag	8
doris	8
dorothea	8
drastischen	8
draussen	8
dreijährige	8
dreisten	8
drexler	8
dringende	8
drohten	8
drosselung	8
drängte	8
duisburger	8
dune	8
durchbrochen	8
durchgeführten	8
dänen	8
dänische	8
déi	8
düster	8
düstere	8
e-bike	8
e-mobilität	8
edith	8
effektive	8
effektiver	8
eiern	8
eigenständig	8
einbeziehung	8
eindeutige	8
einfahrt	8
einflüsse	8
einfuhr	8
eingebüßt	8
eingeleiteten	8
eingerichtete	8
einkaufspreise	8
einladen	8
einreisen	8
einschalten	8
einschätzungen	8
einsetzbar	8
einspruch	8
eintraf	8
eintragen	8
einzugehen	8
eiskalt	8
electronic	8
elegant	8
elversberg	8
elvis	8
emil	8
emirat	8
emotionaler	8
empfindet	8
endgültigen	8
endrunde	8
energiekonzerne	8
energieunternehmen	8
englands	8
ennepe-ruhr-kreis	8
entfielen	8
entgegenzuwirken	8
enthaltenen	8
entnahme	8
entrüstung	8
entspreche	8
enttäuschenden	8
equipment	8
erdbeeren	8
erdöl	8
erfahrungsgemäß	8
erfinder	8
erfolgreiches	8
erhitzt	8
erkranken	8
erkundet	8
erläutern	8
erlöse	8
ermittlungsgruppe	8
ernannte	8
ers	8
erschienenen	8
erschließen	8
erstmeldung	8
ertrag	8
ertrinken	8
erwirtschaftet	8
erwärmt	8
erwünscht	8
erzdiözese	8
eröffnungsfeier	8
eröffnungsspiel	8
esc	8
esv	8
etablierte	8
eu-mitgliedstaaten	8
europameister	8
eurovision	8
ex-freundin	8
ex-klub	8
exemplare	8
existenzielle	8
explodierenden	8
express	8
ey	8
fabio	8
fabriken	8
fachmagazin	8
fahndet	8
familienunternehmen	8
familiären	8
fantastische	8
fdp-fraktionschef	8
fdp-politiker	8
feiner	8
ferienwohnungen	8
fernando	8
feststellung	8
festung	8
festzulegen	8
feuerwerkskörper	8
ff	8
finanzlage	8
finnen	8
flieger	8
floridas	8
flossen	8
flüssen	8
fokussiert	8
followern	8
forbidden	8
forsa	8
forster	8
fortgeführt	8
fotografie	8
fotografieren	8
foyer	8
fpö-chef	8
fracht	8
freiheitliche	8
freiwilliger	8
freizeitpark	8
fressen	8
freundlicher	8
frischem	8
frisst	8
fristen	8
fronten	8
frustriert	8
frühzeitige	8
funken	8
funktionierte	8
furchtbar	8
fussball	8
fußball-nationalspieler	8
fußballfans	8
fündig	8
fürstenfeldbruck	8
g-plus-regel	8
gabriele	8
gamer	8
ganzer	8
gases	8
gaspipeline	8
gastieren	8
gbyte	8
gebannt	8
gebastelt	8
gedeckelt	8
gegebenen	8
gegebenheiten	8
gegenkandidaten	8
gegenwärtige	8
gegnerische	8
gegners	8
geheimdienst	8
geheimen	8
gehäuse	8
geisel	8
gelegene	8
gelieferten	8
geltung	8
gemeinsamer	8
gemeinwohl	8
genehmigte	8
genehmigungen	8
generalversammlung	8
genesung	8
georgia	8
geprägten	8
geraumer	8
geringem	8
geringerem	8
geringsten	8
geschadet	8
gescheiterten	8
geschult	8
geschwindigkeiten	8
geschädigten	8
geschäftsmann	8
geschäftsstelle	8
gesperrten	8
gestellten	8
gestohlenen	8
gesundheitssystems	8
gesundheitszustand	8
geworben	8
gewordenen	8
gezündet	8
ghana	8
gier	8
giovanni	8
glasfaser	8
gleichgeschlechtliche	8
gleis	8
glückliche	8
glückwunsch	8
gr	8
granit	8
grausam	8
grausamen	8
great	8
greifswald	8
gremiums	8
grenzüberschreitende	8
grey	8
griffen	8
grossbritannien	8
grosses	8
grossi	8
großartiger	8
großeinsatz	8
gruppierung	8
grössere	8
größenordnung	8
größtem	8
gründet	8
grünflächen	8
gudrun	8
göring-eckardt	8
günstigere	8
günstigeren	8
hafenstraße	8
halfen	8
hallenbad	8
handball	8
handschuhe	8
handvoll	8
hans-joachim	8
harmlos	8
harmlosen	8
harz	8
haupt	8
hauptplatz	8
hausnummer	8
haustier	8
haustür	8
hawaii	8
heimgesucht	8
heimisch	8
heimischer	8
heiter	8
heizt	8
hellen	8
helligkeit	8
hemd	8
hemer	8
henrik	8
herausforderer	8
herausstellen	8
hero	8
herzblut	8
hinbekommen	8
hindurch	8
hintere	8
hinterkopf	8
hinterließen	8
hintern	8
hinzugekommen	8
hochrangige	8
hochzeiten	8
hofer	8
holstein	8
honig	8
hopfen	8
hospitalisierungsrate	8
human	8
humanitären	8
hype	8
häusliche	8
häuslichen	8
höchstgeschwindigkeit	8
hüpfburg	8
ian	8
ideale	8
idealfall	8
ignorieren	8
illusion	8
immens	8
immense	8
immensen	8
indiana	8
indikator	8
indischen	8
influencer	8
info	8
ingenieur	8
ingrid	8
inhaberin	8
initiator	8
inkrafttreten	8
innenräumen	8
inneres	8
interpretation	8
irgendeinem	8
ironie	8
irre	8
isst	8
italia	8
jacke	8
jahrhunderte	8
jahrzehntelange	8
jaissle	8
japaner	8
japans	8
jauch	8
jerusalem	8
jong	8
jubelt	8
julius	8
juristen	8
jülich	8
kalkül	8
kampfhandlungen	8
kampfpanzer	8
kanzlerin	8
kasachstans	8
kassieren	8
katastrophal	8
katastrophen	8
katholischer	8
kbv	8
kevelaer	8
kiews	8
kirchengemeinden	8
klara	8
klargestellt	8
klavier	8
kleinem	8
kleintransporter	8
klimaneutralen	8
klischees	8
kogler	8
kollektiv	8
kombi	8
kommender	8
kommerzielle	8
kommissar	8
kompakt	8
komödie	8
konditionen	8
konstruktion	8
kontrollierte	8
konvoi	8
konzerts	8
kopfverletzungen	8
koste	8
kosteten	8
kostüm	8
kraftstoffe	8
kraftwerk	8
kraus	8
kreiert	8
kreisgebiet	8
kreislauf	8
krimi	8
kräuter	8
ktm	8
kuhn	8
kulinarik	8
kulinarische	8
kultureinrichtungen	8
kundgebungen	8
kunstmuseum	8
kursieren	8
kurzarbeit	8
kurzes	8
kyrgios	8
kälter	8
königspaar	8
kühler	8
kühlt	8
kündigten	8
künstlich	8
lachend	8
lacher	8
lagarde	8
lahr	8
landeschef	8
landeseigenen	8
landshut	8
landwirtschaftliche	8
lausanne	8
lebendig	8
lebensmittelpreise	8
lebensunterhalt	8
leber	8
legalisierung	8
leise	8
leistungsträger	8
leitplanke	8
leni	8
lenkt	8
leonhard	8
leonie	8
leopold	8
lese	8
liebte	8
lieferengpässen	8
lieferschwierigkeiten	8
liegend	8
listen	8
live-ticker	8
lkws	8
lotto	8
luftraum	8
luftwaffe	8
lässig	8
maar	8
machtlos	8
magic	8
manchem	8
mancherorts	8
maps	8
marbach	8
marburg	8
marie-agnes	8
markierte	8
marktgemeinde	8
matthäus	8
maverick	8
mcdonald's	8
medikament	8
meisters	8
melissa	8
menschlicher	8
messehalle	8
meteorologe	8
metzgerei	8
mez	8
mild	8
militärisches	8
min	8
minen	8
mirko	8
missionen	8
misstrauen	8
mitgehen	8
mitgründer	8
mitleidenschaft	8
mitsamt	8
mitsingen	8
mitspielen	8
mittelschicht	8
mobbing	8
mobilisierung	8
mobility	8
moderna	8
mohr	8
montage	8
montreal	8
moralisch	8
moschee	8
mozart	8
msv	8
munde	8
murat	8
musiala	8
mutige	8
m²	8
mächtigsten	8
mélenchon	8
mörder	8
mühsam	8
münchens	8
münze	8
mützenich	8
nabu	8
nachbarländern	8
nachrichtendienst	8
nackte	8
nationalratspräsident	8
nato-mitgliedschaft	8
nebeneinander	8
nee	8
nest	8
neuanfang	8
neujahr	8
neukunden	8
neun-euro-ticket	8
neunte	8
neustrelitz	8
newsletter	8
next	8
ngo	8
nichtsdestotrotz	8
nidwalden	8
niedergang	8
niedersachsen-wahl	8
niedersachsens	8
niederschlagsmenge	8
niederösterreichs	8
niedrigste	8
nielsen	8
niet	8
nigeria	8
nikola	8
nizza	8
nordischen	8
nordkurier	8
normen	8
north	8
nutze	8
obendrauf	8
oberhalb	8
oberösterreichischen	8
obhut	8
offenkundig	8
ohrfeige	8
optimierung	8
ordner	8
organisatorischen	8
orion	8
oscars	8
oslo	8
ostdeutschland	8
ostermontag	8
outfits	8
paares	8
packung	8
pamela	8
panne	8
parkplätzen	8
parlamente	8
pastor	8
paula	8
paxlovid	8
pay	8
pcie	8
pegel	8
pence	8
pensionierte	8
personals	8
persönlicher	8
peru	8
petro	8
peugeot	8
pfarre	8
pfarrerin	8
pflegebedürftige	8
pflichtspielen	8
phoenix	8
pilotprojekt	8
pin	8
pkk	8
plakaten	8
platter	8
plenum	8
pluspunkt	8
plädierte	8
polizeihubschrauber	8
polizeirevier	8
polster	8
populäre	8
positioniert	8
praktiken	8
preiserhöhung	8
price	8
prien	8
prima	8
privates	8
privatpersonen	8
privatsphäre	8
produzierte	8
projektes	8
protestierten	8
prozentsatz	8
prozession	8
prämien	8
prüfstand	8
psychologische	8
pure	8
putzen	8
radverkehr	8
raketenangriff	8
rampenlicht	8
rangliste	8
raser	8
rationiert	8
reagiere	8
realisierung	8
rebounds	8
rechenschaft	8
rechnerisch	8
rechtsstaatlichkeit	8
recklinghausen	8
referendum	8
regelfall	8
regelmässig	8
regelt	8
regierungschefin	8
regierungsvertreter	8
regt	8
regulär	8
reibungslos	8
reiht	8
reinhardt	8
reinickendorf	8
rektor	8
remake	8
renate	8
rennens	8
renten	8
reparatur	8
reparieren	8
republikanischen	8
resultate	8
resultierte	8
retter	8
reus	8
revier	8
rick	8
riese	8
riesen	8
rings	8
ringstraße	8
riskieren	8
risse	8
river	8
roberts	8
rohre	8
rollenspiel	8
romantisch	8
romantische	8
rot-weiss	8
rouven	8
royalen	8
rudolph	8
run	8
rundschau	8
ränge	8
rückflug	8
rückgabe	8
rückläufig	8
rückmeldungen	8
rückschläge	8
rückseite	8
rühren	8
saarlouis	8
sackgasse	8
saisonniederlage	8
sale	8
sanierungsarbeiten	8
satte	8
sattel	8
sbb	8
schadenersatz	8
schale	8
schalker	8
scharfer	8
scheine	8
schied	8
schief	8
schiffes	8
schifffahrt	8
schildern	8
schlechteste	8
schlucken	8
schlösser	8
schmalen	8
schmutz	8
schneedecke	8
schnellere	8
schnäppchen	8
schonen	8
schreckschusspistole	8
schreibtisch	8
schulklassen	8
schulte	8
schultz	8
schwachstelle	8
schwangeren	8
schwarz-grün	8
schwarzwald	8
schweinsteiger	8
schwieriges	8
schärfere	8
schüren	8
sechsstelligen	8
selbstbewusste	8
selbstverteidigung	8
seltsamen	8
sendet	8
sensibilität	8
sensiblen	8
seriös	8
sexismus	8
shops	8
sichtbarkeit	8
siegener	8
sina	8
sing	8
sjewjerodonezk	8
skandale	8
sofa	8
sogleich	8
solar	8
soldatinnen	8
solltet	8
sonnenbrille	8
sonnenuntergang	8
sonnigen	8
sonstigen	8
sorry	8
sotschi	8
soul	8
south	8
spalten	8
sparten	8
spaziergänge	8
speicherung	8
spektrum	8
sperrungen	8
spezialisierte	8
spielerische	8
spieltage	8
spieltagen	8
spinnen	8
spitzen	8
sportvorstand	8
sprechers	8
springsteen	8
spätsommer	8
ssv	8
staatlich	8
staatschefs	8
stadlober	8
stadtentwicklung	8
stadtfest	8
stadträtin	8
stadtzentrum	8
stahlen	8
stahlwerk	8
stammenden	8
stammplatz	8
standardmäßig	8
standbein	8
stans	8
statur	8
steffi	8
steirische	8
stellenweise	8
stellvertreter	8
stempel	8
sternzeichen	8
steuerberater	8
steuersenkung	8
steuerte	8
steve	8
steven	8
stiller	8
stolzen	8
strache	8
straffung	8
strahlen	8
streifte	8
strenger	8
stromausfall	8
stromkosten	8
strukturelle	8
strömen	8
sumy	8
sun	8
switch	8
symbole	8
sympathische	8
sánchez	8
sächsische	8
säulen	8
südliche	8
südwest	8
süße	8
süßigkeiten	8
tabu	8
tass	8
tatsachen	8
tauschen	8
techniken	8
teilhabe	8
teilhaben	8
telefone	8
tempolimit	8
terminals	8
testet	8
testpflicht	8
teuerste	8
teuersten	8
th	8
theoretische	8
thermometer	8
thriller	8
thron	8
tieferen	8
tiefes	8
tiefsten	8
tieres	8
tischen	8
todesopfer	8
todesstrafe	8
tool	8
topspiel	8
totale	8
traktoren	8
treffens	8
trierer	8
trophäe	8
tweets	8
typischen	8
ueli	8
umbruch	8
umfangreiches	8
umgezogen	8
umkämpft	8
umsatzwachstum	8
umstellen	8
umziehen	8
unangenehme	8
unbemerkt	8
unbürokratisch	8
unerwarteten	8
unesco	8
ungenau	8
ungerechtigkeit	8
ungern	8
ungleichheiten	8
unnötige	8
unruhen	8
unschuld	8
unterbrechen	8
unterhalt	8
unterhändler	8
unterkünften	8
untermauern	8
unterschätzt	8
untersuchte	8
untätigkeit	8
unverzichtbar	8
unvorstellbar	8
unzen	8
urner	8
urteile	8
uvp	8
valley	8
vegetation	8
venus	8
veranschlagt	8
verbandsliga	8
verbote	8
verbraucherschützer	8
verbrennen	8
verdrängen	8
vereinbaren	8
verfassungsgerichtshof	8
verfeinern	8
verfolger	8
verfügte	8
vergab	8
verhaftung	8
verhältnissen	8
verklagt	8
verknüpft	8
verließen	8
verlässlichkeit	8
vermeldet	8
verpassten	8
verpflichtend	8
verringerung	8
verrückte	8
verschaffte	8
verschlechterung	8
verschrieben	8
verschärfte	8
versetzte	8
versichern	8
verstaatlichung	8
verständigten	8
versöhnung	8
vertreterinnen	8
verunsicherung	8
verwalten	8
verzichtete	8
veränderte	8
videoansprache	8
vielem	8
villarreal	8
viral	8
virtuell	8
visa	8
vodafone	8
vorangetrieben	8
vorderen	8
vorfahren	8
vorgabe	8
vorgeschlagenen	8
vorjahren	8
vornehmlich	8
vorpommern-greifswald	8
vorschlagen	8
vorstandsmitglied	8
vorstandsvorsitzender	8
vorstoss	8
vorurteile	8
vorwand	8
vorwärts	8
voss-tecklenburg	8
waffensysteme	8
wagte	8
wahltag	8
wahrer	8
waldes	8
waldstück	8
walldorf	8
warnstufe	8
warschauer	8
wartungsarbeiten	8
wasserkraft	8
way	8
wedding	8
wegstecken	8
weihnachtsfest	8
weihnachtsgeschäft	8
weimarer	8
weiterführende	8
weiterlaufen	8
weiterspielen	8
weltgrößte	8
wendepunkt	8
wertete	8
wertpapiere	8
wertvoll	8
wesentlicher	8
wetterlage	8
wetters	8
wichtigster	8
wienerinnen	8
willy	8
windkraftanlagen	8
wintersaison	8
wirkliche	8
wirkstoff	8
wirtschaftlicher	8
wirtschaftskrise	8
wirtschaftsleistung	8
wirtschaftsweise	8
wirtz	8
wissenschaftlern	8
wissenschaftlich	8
witcher	8
wochenbeginn	8
wohngebäude	8
wohnungsbrand	8
wolodimir	8
wunden	8
wunderschöne	8
wunderschönen	8
wwf	8
währungen	8
wärmepumpen	8
wörter	8
wörtlich	8
würdigen	8
yb	8
yoga	8
youtuber	8
zauber	8
zehnmal	8
zeitgemäß	8
zeynep	8
ziehung	8
zielgeraden	8
zielt	8
zielte	8
zins	8
zivilisation	8
zo	8
zubehör	8
zugeschaltet	8
zugrunde	8
zugängliche	8
zukommt	8
zurückbringen	8
zurückgelegt	8
zurückkehrt	8
zurücklegen	8
zurücktreten	8
zusammengearbeitet	8
zusammengetragen	8
zusammenhängen	8
zusammensetzung	8
zuschauen	8
zuschüsse	8
zuversicht	8
zweibrücken	8
zweitligist	8
zwiebeln	8
zählbares	8
ähneln	8
ähnlicher	8
älterer	8
ängstlich	8
ärmsten	8
ärztliche	8
öl-embargo	8
özdemir	8
überarbeitung	8
überdenken	8
überdurchschnittlich	8
überflüssig	8
überfüllt	8
überlegung	8
überraschende	8
überrollt	8
überschrift	8
überstehen	8
übertreffen	8
übte	8
üppig	8
a-jugend	7
aaron	7
abbrechen	7
abgedreht	7
abgeklärt	7
abgeschafft	7
abgestellten	7
abgrenzung	7
ablehnen	7
abschließende	7
abschlusstraining	7
abschläge	7
absehbare	7
absehen	7
absteigen	7
abverlangt	7
abweichungen	7
abwärtstrend	7
abziehen	7
ac	7
achleitner	7
adeyemi	7
adventskalender	7
age	7
agierende	7
ahmad	7
ai	7
aires	7
airports	7
akte	7
akteur	7
aktives	7
akute	7
akzeptabel	7
alaba	7
alarmbereitschaft	7
albtraum	7
alfons	7
alleinstellungsmerkmal	7
allermeisten	7
allgemeinheit	7
allgäuer	7
allradantrieb	7
alois	7
altbekannte	7
alternativer	7
altersklasse	7
althaus	7
ambitionierte	7
ambitionierten	7
ampel-parteien	7
ampel-regierung	7
anc	7
andersherum	7
aneinander	7
anfertigen	7
anfing	7
anführt	7
angebotenen	7
angefragt	7
angegangen	7
angeklagter	7
angelaufen	7
angelehnt	7
angeln	7
angels	7
angemeldeten	7
angemessene	7
anger	7
angeregt	7
angeschlagenen	7
angestellt	7
angestellter	7
angestoßen	7
angestrebte	7
anhieb	7
anker	7
ankündigte	7
anlässe	7
anschein	7
anschliessend	7
anschlägen	7
anspielung	7
ansteckend	7
ansteht	7
anzusprechen	7
anzutreffen	7
anzuwenden	7
appelliere	7
arbeits	7
arbeitsagentur	7
arbeitslos	7
arbeitsminister	7
arbeitsvertrag	7
areals	7
argentinier	7
arne	7
arolsen	7
aroma	7
associated	7
astra	7
asv	7
asylwerber	7
atelier	7
atemnot	7
atemschutz	7
attackieren	7
attraktionen	7
atv	7
aufenthaltsqualität	7
auferstehung	7
auffrischimpfung	7
auffrischung	7
aufgehört	7
aufgestiegen	7
aufgezeichnet	7
aufholjagd	7
aufkleber	7
aufrufen	7
aufräumarbeiten	7
aufschluss	7
auftretenden	7
aufwachsen	7
aufzeichnung	7
aufzeigen	7
augenmerk	7
aula	7
ausblenden	7
ausbreitet	7
ausgearbeitet	7
ausgebreitet	7
ausgeraubt	7
ausgeschaltet	7
ausgespielt	7
ausgewählte	7
ausgibt	7
auslaufende	7
ausprobiert	7
ausreichenden	7
aussah	7
ausspricht	7
ausstrahlung	7
austragung	7
austragungsort	7
auszeichnen	7
autors	7
außergewöhnlichen	7
aviv	7
bafin	7
bag	7
bahnverkehr	7
balmoral	7
bang	7
barack	7
barclays	7
bargeldbetrag	7
barley	7
barrierefreie	7
barrieren	7
bart	7
bauabschnitt	7
baue	7
bauplätze	7
bauteile	7
bautista	7
beamter	7
beamtin	7
beamtinnen	7
beanspruchen	7
beauftragten	7
beauty	7
bebauungsplans	7
beckham	7
beckmann	7
bedeutenden	7
bedrohe	7
beeinträchtigen	7
beerdigt	7
befeuert	7
befristet	7
befürchte	7
begibt	7
begleichen	7
begründungen	7
behandlungen	7
behauptungen	7
beheizt	7
beherzt	7
behindert	7
beieinander	7
beispiellosen	7
bekenntnis	7
beleg	7
belgische	7
beliefert	7
bemerken	7
bemerkenswerte	7
benutzer	7
beobachteten	7
bergauf	7
bergbau	7
bergwacht	7
berichts	7
beruflicher	7
berühmtesten	7
bescheinigt	7
beschlagnahmten	7
beschleunigten	7
beschusses	7
beschädigen	7
besichtigen	7
besichtigt	7
besichtigung	7
besonderheit	7
besorgnis	7
besorgniserregend	7
besserer	7
bestellten	7
bestseller	7
beta	7
betreffend	7
betriebs	7
betrugsmasche	7
beugen	7
bewaffnet	7
bewegten	7
bewerbungen	7
bewertete	7
bewusste	7
bewährten	7
bezeichnend	7
bezirksvertretung	7
biathlon	7
biergarten	7
bildungseinrichtungen	7
billie	7
biomasse	7
bisweilen	7
blockierten	7
blue	7
blöd	7
bo	7
bob	7
boe	7
boostern	7
boote	7
borkenkäfer	7
brad	7
brasilianische	7
braunau	7
bravo	7
breiteren	7
brennende	7
brennenden	7
brenner	7
brennholz	7
brennstoffen	7
brett	7
britin	7
broker	7
brutaler	7
bruttoinlandsprodukts	7
brügge	7
bub	7
buben	7
buches	7
buchhandlung	7
bucht	7
buchungen	7
buenos	7
bundesaußenministerin	7
bundesheer	7
bundeskriminalamt	7
bundesversammlung	7
burgdorf	7
bushaltestellen	7
bushido	7
buslinie	7
by	7
böller	7
bürgerlichem	7
bürgertests	7
cad	7
call	7
campingplatz	7
cannes	7
caroline	7
casino	7
cassis	7
charité	7
chefarzt	7
christliche	7
colorado	7
comic	7
conte	7
cornelia	7
corona-situation	7
corona-variante	7
corona-zeiten	7
corp	7
corporation	7
credo	7
cyberpunk	7
dahmen	7
dario	7
datei	7
datenmengen	7
davis	7
deaktiviert	7
deckt	7
deep	7
defensiven	7
deggendorf	7
deiner	7
deloitte	7
demonstrierten	7
demos	7
demzufolge	7
denkmalschutz	7
depot	7
dermaßen	7
desinformation	7
detaillierten	7
deutschem	7
devise	7
diagnostiziert	7
diebesgut	7
diebstahls	7
diebstähle	7
diego	7
dienstes	7
dienstleister	7
diverser	7
diw	7
diözese	7
djk	7
dlrg	7
dog	7
doktor	7
don't	7
doppelter	7
dormagen	7
dorn	7
dortmunds	7
down	7
downing	7
dragon	7
drastische	7
drehten	7
drogeneinfluss	7
drucken	7
durschnittlichen	7
durst	7
dynamische	7
dämmerung	7
dämpfen	7
dämpfer	7
däne	7
döner	7
dünger	7
düsteren	7
e-auto	7
e-bikes	7
e-fuels	7
e-rezept	7
echtheit	7
eckernförde	7
eder	7
egon	7
eifel	7
eigenkapital	7
eilish	7
einbiegen	7
einfallen	7
einflussnahme	7
einfrieren	7
eingearbeitet	7
eingeben	7
eingefangen	7
eingeläutet	7
einhalten	7
einheitlich	7
einhergehen	7
einkaufswagen	7
einkommensteuer	7
einleitung	7
einsatzbereit	7
einsatzstelle	7
einsehbar	7
einstellt	7
einvernehmen	7
einzelfällen	7
einzelhändler	7
einzusparen	7
elias	7
eliten	7
endes	7
energieeffizienz	7
energiewirtschaft	7
engels	7
enrico	7
entfalten	7
entgegennehmen	7
entgegenzusetzen	7
enthielten	7
enttäuschend	7
entzug	7
epoche	7
epstein	7
erben	7
erdoğan	7
erfahrt	7
erfinden	7
erfindung	7
erforschen	7
erfährst	7
erhalte	7
erhaltet	7
erhebt	7
erhob	7
erhoffte	7
erhöhungen	7
eriksen	7
erlangte	7
erleichterungen	7
erlernte	7
ermordeten	7
ermutigen	7
erneuern	7
erneuerung	7
erpressung	7
errechnet	7
erregen	7
erscheinung	7
erschreckend	7
erstellung	7
erteilte	7
ertönt	7
erwähnen	7
erwärmung	7
erzgebirge	7
eskaliert	7
esken	7
etappen	7
eu-parlaments	7
eugh	7
eupener	7
euren	7
euro-zone	7
europacup	7
europaparlament	7
eurosport	7
ex-frau	7
ex-soldat	7
ex-weltmeister	7
exemplarisch	7
fachleuten	7
fachwissen	7
fachärzte	7
fahrenden	7
fahrern	7
fahrgast	7
fahrlässiger	7
fahrplanwechsel	7
fahrrädern	7
falcon	7
falk	7
farm	7
fasste	7
faszination	7
fatalen	7
fcb	7
feder	7
federer	7
federn	7
fehl	7
feierlich	7
feines	7
feldern	7
fertige	7
festgeschrieben	7
festhält	7
festigen	7
festnahmen	7
festplatz	7
festspielen	7
feuers	7
feuerwehrhaus	7
fiala	7
finanzvorstand	7
fischsterben	7
fledermäuse	7
floss	7
floyd	7
fluglinie	7
flugverkehr	7
flüchtigen	7
flüchtlingskrise	7
folter	7
forbes	7
formate	7
formulierung	7
forscherinnen	7
forschungsteam	7
fortnite	7
forward	7
fotografiert	7
fps	7
fr	7
frauchen	7
frauenhaus	7
freibäder	7
freigesetzt	7
freistaats	7
freundes	7
freundlichen	7
freuten	7
frisches	7
frost	7
frühsommer	7
fußball-nationalmannschaft	7
fußstapfen	7
fußweg	7
fw	7
fördergelder	7
fördermittel	7
förderprogramm	7
führender	7
fünfer	7
füreinander	7
gaal	7
galten	7
gameplay	7
gastgebern	7
gastgewerbe	7
gattin	7
geantwortet	7
gebet	7
gebissen	7
geborenen	7
geburten	7
geerntet	7
gefallenen	7
gefangenen	7
geflossen	7
gefundenen	7
gefährdeten	7
gefälschte	7
gefühlen	7
gegenspieler	7
gegenwind	7
geglaubt	7
geh	7
gehör	7
geistige	7
geistiger	7
gekennzeichnet	7
geklettert	7
geldgeber	7
geldhaus	7
gelungene	7
gelungenen	7
gemeindegebiet	7
gemeindehaus	7
gemeinderatswahl	7
gemeindevertretung	7
gemengelage	7
genaues	7
genauigkeit	7
generelle	7
genfer	7
genoss	7
genutzte	7
geparkt	7
geplanter	7
gerechte	7
gerichtsverfahren	7
geräts	7
geräusche	7
geräuschunterdrückung	7
gesammelte	7
geschont	7
geschäftsmodelle	7
geschäftszahlen	7
geschätzten	7
gesessen	7
gesetzten	7
gesicherten	7
gespann	7
gesperrte	7
gestarteten	7
gestürmt	7
gesundheitlich	7
gesundheitsministeriums	7
gesundheitsversorgung	7
gesünder	7
getanzt	7
gewaltige	7
gewalttat	7
gewollt	7
gewählte	7
gewässern	7
geywitz	7
gezielten	7
ggf	7
ghz	7
gianni	7
gibts	7
gift	7
gigantisch	7
giorgia	7
gisela	7
giuseppe	7
glaubten	7
gleichaltrigen	7
glücklicher	7
goethe	7
gottesdiensten	7
gratuliert	7
grillen	7
gros	7
großflächig	7
großhandel	7
großraum	7
großstädte	7
großveranstaltungen	7
grundlegenden	7
grundrechte	7
gruselig	7
gräber	7
grösse	7
grün-weißen	7
gunsten	7
gustav	7
gutscheine	7
gängige	7
gänse	7
gänsehaut	7
haderte	7
haftanstalt	7
hajdaj	7
halbiert	7
haller	7
handels	7
handelsbeziehungen	7
handelspartner	7
handhabung	7
hannah	7
harmonie	7
harter	7
hartes	7
hassan	7
hauptbahnhofs	7
hauptmann	7
hausbesitzer	7
haustieren	7
hdr	7
hecke	7
heer	7
heimspiele	7
heinemann	7
helikopter	7
herangeführt	7
herausfinden	7
herauszuholen	7
herbeizuführen	7
herbstferien	7
heruntergeladen	7
hervorgehoben	7
herzlichen	7
hey	7
hierdurch	7
hilflos	7
hilfsgüter	7
hilfsorganisation	7
hineinziehen	7
hingelegt	7
hinkt	7
hinterbliebenen	7
hinz	7
hinzufügen	7
historisches	7
hitzige	7
hochgerechnet	7
hochladen	7
hochsommer	7
hochtouren	7
hofften	7
holmes	7
homburg	7
homosexualität	7
hort	7
huet	7
hundes	7
husten	7
hänsel	7
hättet	7
häuschen	7
höhepunkte	7
hühner	7
hütteldorfer	7
idealen	7
idealerweise	7
identisch	7
ihrerseits	7
immunisierung	7
immunschutz	7
impfdosen	7
impfpass	7
import	7
importstopp	7
indessen	7
indische	7
indiz	7
indonesischen	7
ingolstadt	7
inhaftiert	7
innenverteidigung	7
instanz	7
inszenieren	7
intensivieren	7
intensiviert	7
interesses	7
invasoren	7
ip	7
irina	7
iris	7
irischen	7
irpin	7
irritationen	7
isabel	7
islamisten	7
ivan	7
jagen	7
jagt	7
jahrelange	7
jahrelanger	7
jahrhunderten	7
jair	7
jason	7
jean	7
jeep	7
jemen	7
jenny	7
joggen	7
josh	7
journalismus	7
journalistinnen	7
jubelte	7
jubiläums	7
judith	7
jule	7
jungtiere	7
justizministerin	7
justizvollzugsanstalt	7
jüngerer	7
kalajdzic	7
kamerun	7
kamin	7
kapitalismus	7
kapitol	7
kaputten	7
karibik	7
karsten	7
kasseler	7
kater	7
kaufempfehlung	7
kennedy	7
kenntnisse	7
kerber	7
kerner	7
kernkraftwerke	7
kfw	7
khan	7
kilian	7
kinderwagen	7
kirchheim	7
kirchlichen	7
kisten	7
kletterten	7
klinikums	7
klosterneuburg	7
klubobmann	7
kluge	7
kläranlage	7
knacken	7
kohl	7
kollaps	7
kolumbien	7
komisch	7
kommando	7
kommunaler	7
komplizierte	7
komponente	7
konstruktive	7
konsumieren	7
kontaktbeschränkungen	7
kontert	7
kontingent	7
kontraproduktiv	7
kontroverse	7
konventionelle	7
korrekturen	7
korruptionsstaatsanwaltschaft	7
kostüme	7
krankenhausgesellschaft	7
krasse	7
kreieren	7
kriegsverbrecher	7
krisenstab	7
kronprinz	7
ksv	7
kufen	7
kuh	7
kult	7
kulturschaffende	7
kumpel	7
kund	7
kunststoff	7
kupfer	7
kurden	7
kurdischen	7
kuss	7
kümmerten	7
kürzungen	7
küsten	7
ladestationen	7
lahm	7
lampen	7
lanciert	7
landau	7
landesamtes	7
landesebene	7
landeskriminalamtes	7
landespolizeidirektion	7
landeten	7
langensalza	7
laschet	7
laser	7
lass	7
launch	7
lby	7
lebenden	7
leckereien	7
legacy	7
lego	7
lehren	7
lehrlinge	7
leitgeb	7
leitl	7
leitlinien	7
leopard	7
liedern	7
liegende	7
liegenschaften	7
liessen	7
ligen	7
light	7
likes	7
lindemann	7
list	7
logistikzentrum	7
lohnerhöhungen	7
lombardi	7
lte	7
ludwigshafen	7
lunge	7
läge	7
länderspielpause	7
löw	7
lützerath	7
mac	7
machthaber	7
machtübernahme	7
made	7
mafia	7
magdalena	7
magenta	7
magischen	7
magnussen	7
mahnwache	7
mahrer	7
maischberger	7
makel	7
malaysia	7
malware	7
mandant	7
mandate	7
mandy	7
manuell	7
margit	7
markanten	7
marktteilnehmer	7
marlene	7
mary	7
matter	7
mattersburg	7
mazda	7
maßstäbe	7
mediale	7
medienberichte	7
medizinisch	7
meeresspiegel	7
mega	7
mehrfamilienhauses	7
memmingen	7
menschenrechtsverletzungen	7
menschlichkeit	7
mexico	7
migrantinnen	7
milder	7
millionär	7
minder	7
minimum	7
miriam	7
mischen	7
mislintat	7
missachtet	7
misshandelt	7
misshandlung	7
mist	7
mitbewohner	7
mitmenschen	7
mittagszeit	7
mitverantwortlich	7
mobiltelefon	7
models	7
moers	7
mohammed	7
monheim	7
monte	7
mordfall	7
morgenmagazin	7
moses	7
moskwa	7
motion	7
motiven	7
motogp	7
motorräder	7
motorsport	7
msc	7
musikerin	7
mutmaßlicher	7
muß	7
mysteriösen	7
nachbarländer	7
nachdenklich	7
nachgelassen	7
nachlass	7
nachziehen	7
nahegelegenen	7
natalie	7
naturkatastrophen	7
nebeneffekt	7
nebenkosten	7
negatives	7
nelson	7
nervosität	7
nett	7
neu-ulm	7
neugestaltung	7
neuhaus	7
neuheiten	7
neukirchen	7
neukölln	7
neunkirchen	7
neuschnee	7
neuwied	7
nevada	7
ngos	7
nhl	7
niederberger	7
niederschläge	7
niemeier	7
nissan	7
noah	7
nordhäuser	7
nordwesten	7
nordöstlich	7
norm	7
notfallplan	7
notlage	7
nowak	7
nowitzki	7
nutzfläche	7
nägel	7
nähern	7
oberliga	7
oberschenkel	7
oberverwaltungsgericht	7
objekten	7
objektiv	7
obwalden	7
off	7
ohnmacht	7
olga	7
olympiasieger	7
onkel	7
ook	7
opa	7
orchestra	7
ordnet	7
orgel	7
orientierte	7
ortsteilen	7
ostersonntag	7
ostwestfalen	7
ottawa	7
otte	7
outlook	7
oyten	7
pa	7
pandemiejahr	7
pankow	7
pannen	7
parlamentswahlen	7
parteichefin	7
pasewalk	7
passe	7
paulina	7
pauschale	7
pausen	7
people	7
personalie	7
petersen	7
petr	7
pfarrkirche	7
pfefferspray	7
philosophie	7
pick	7
pilsen	7
pixeln	7
pkw-fahrer	7
planmäßig	7
platten	7
platzverweis	7
playoffs	7
plädoyer	7
plätzchen	7
pocht	7
pokalspiel	7
politikerinnen	7
polizeibeamte	7
polizeidienststelle	7
polizeigewahrsam	7
polizistinnen	7
popmusik	7
populär	7
posiert	7
powerplay	7
praktischer	7
preisdeckel	7
pressegespräch	7
pressen	7
privatbank	7
produktionen	7
profit	7
profitierte	7
prognostizierte	7
prägt	7
prägte	7
prämiert	7
präsidentschaft	7
präsidium	7
psychiatrische	7
psychologie	7
punktet	7
punktgewinn	7
quartararo	7
quoten	7
rache	7
ramelow	7
rannte	7
rapp	7
rassistische	7
rassistischen	7
ratlos	7
raubüberfall	7
rauchgasvergiftung	7
reaktiviert	7
reaktoren	7
recherchiert	7
rechtsgrundlage	7
rechtspopulisten	7
rechtsradikalen	7
reflektieren	7
regelwerk	7
regierenden	7
reh	7
reihenfolge	7
reinhold	7
reiten	7
religiöse	7
reportern	7
resch	7
ressource	7
rettet	7
rettungsdienste	7
reul	7
rheinfelden	7
rheinland-pfälzischen	7
ricarda	7
richtlinie	7
riet	7
riskante	7
ritual	7
road	7
robbie	7
robert-koch-instituts	7
rode	7
rollerfahrer	7
romane	7
rosneft	7
royale	7
rsv	7
rubrik	7
rucksack	7
ruiniert	7
rummel	7
ruth	7
rädern	7
rückendeckung	7
rückwirkend	7
sachbeschädigung	7
sachverständiger	7
saga	7
saisonspiel	7
salihamidzic	7
salzburgs	7
samen	7
sammelten	7
samstagvormittag	7
sanft	7
sangen	7
sanierungen	7
sattelzug	7
saubere	7
schach	7
schalter	7
schaltete	7
scham	7
schauspielerinnen	7
schausteller	7
scheiden	7
scheidende	7
schenkt	7
schienenverkehr	7
schiller	7
schilling	7
schiri	7
schlagzeug	7
schlank	7
schlappe	7
schlegel	7
schliessen	7
schlitten	7
schlotterbeck	7
schlüpft	7
schmale	7
schmerzhafte	7
schneit	7
schnelleren	7
schnellste	7
schrumpft	7
schränkt	7
schub	7
schuhen	7
schulbetrieb	7
schusswaffen	7
schwebt	7
schweinfurt	7
schwächsten	7
schwärmen	7
schädel	7
schädlich	7
seat	7
sehnen	7
sehnsucht	7
sektoren	7
selbstständige	7
selenskyjs	7
senats	7
serbe	7
servieren	7
sicherten	7
sichtbarer	7
siebte	7
sieges	7
siegtor	7
silent	7
silvesternacht	7
simpel	7
simulator	7
simuliert	7
six	7
smarter	7
sofia	7
sofortiger	7
sog	7
soja	7
sonderlich	7
sonnenenergie	7
sonnenfinsternis	7
soviel	7
sozialistischen	7
spa	7
spd-politikerin	7
spears	7
speck	7
spezialitäten	7
spider-man	7
spielerin	7
spielerischen	7
spielers	7
spielmacher	7
spielstätten	7
spielverlauf	7
spittal	7
spitzt	7
spitäler	7
spontane	7
sportlern	7
spranger	7
sprint	7
sprit	7
sprunghaft	7
sprüche	7
sri	7
staatskonzern	7
staatssekretärin	7
stabilisierung	7
stach	7
stadteinwärts	7
stadtkirche	7
stadtmuseum	7
stalin	7
start-up	7
starter	7
stationäre	7
stationären	7
staubsauger	7
steigend	7
steigerungen	7
steile	7
stellplätze	7
stellschrauben	7
stellungen	7
sterblichen	7
steuererklärung	7
stewart	7
stick	7
stießen	7
stimmberechtigten	7
stirn	7
stockholm	7
strafraums	7
strafrechtlich	7
strafstoß	7
strafverfolgung	7
straubing	7
straßenbeleuchtung	7
streichung	7
streitkräften	7
stroh	7
studentin	7
studiums	7
study	7
stücken	7
stürze	7
stütze	7
stützt	7
summit	7
surfen	7
sydney	7
sylvia	7
symbolfoto	7
symbolischen	7
synagoge	7
söldner	7
sömmerda	7
sören	7
südamerika	7
südfrankreich	7
südstadt	7
südwestfalen	7
t-shirts	7
tabak	7
tabellenplatz	7
tabellenzweiten	7
tagebuch	7
tagesverlauf	7
taiwans	7
takt	7
tampa	7
tatbestand	7
tattoo	7
tatverdächtiger	7
tauchten	7
taxonomie	7
tedesco	7
teilnehmende	7
teller	7
temporär	7
tendenzen	7
terawattstunden	7
teresa	7
terminen	7
testfahrten	7
testkapazitäten	7
teststrategie	7
theaters	7
theo	7
theresa	7
thesen	7
thioune	7
thun	7
tiefere	7
tierarzt	7
titelgewinn	7
titelkampf	7
todesopfern	7
tokajew	7
tornado	7
torschützen	7
totalen	7
tottenham	7
touchiert	7
touristische	7
tragende	7
trainern	7
transporters	7
trasse	7
trauriger	7
treiber	7
tristan	7
trübt	7
tsmc	7
ttc	7
tuchel	7
turbulenten	7
täuschen	7
ukrainekriegs	7
umbauen	7
umfahren	7
umgeht	7
umliegende	7
umsteigen	7
umstrittener	7
umwandeln	7
umweltausschuss	7
umweltfreundlich	7
unbemannte	7
unbeschreiblich	7
unermüdlich	7
unerwartete	7
ungemein	7
ungeschlagen	7
ungewöhnliches	7
unglaublichen	7
universal	7
unmittelbare	7
unsinn	7
unterbinden	7
unterdrückt	7
untere	7
unterführung	7
unterhält	7
unterliegen	7
unterschritten	7
unterstrichen	7
unterstützern	7
unterzeichnete	7
unterzeichneten	7
unterziehen	7
untreue	7
uraufführung	7
urkunde	7
urne	7
us-investmentbank	7
us-repräsentantenhauses	7
usb	7
velo	7
verabredet	7
veraltet	7
verbalen	7
verbrachten	7
verbringt	7
verbänden	7
verdoppelte	7
verdächtigt	7
verehrt	7
vereinbarte	7
vereinfachen	7
vereinigte	7
verfasser	7
verfehlte	7
verfügbare	7
verfüge	7
vergrößern	7
verheerende	7
verhinderten	7
verkehren	7
verkehrsbehinderungen	7
verkehrsbetriebe	7
verkehrsmittel	7
verkehrssenatorin	7
verkehrt	7
verkürzt	7
verkürzte	7
verlagern	7
verlagerung	7
verliere	7
verlobten	7
vermelden	7
vernehmung	7
vernichten	7
verpflegung	7
verrühren	7
verschwanden	7
verstößen	7
verteuerten	7
vertrauten	7
vertreiben	7
verunsichert	7
verwaltungsgebäude	7
verwarnung	7
verwirklichen	7
verwöhnt	7
verwüstung	7
verzehr	7
verzeihen	7
vfr	7
vice	7
vielerlei	7
vielseitigkeit	7
vielversprechend	7
vinci	7
virtual	7
visum	7
vizebürgermeister	7
vizemeister	7
volkswirtschaften	7
volt	7
vorbilder	7
vorführung	7
vorgehensweise	7
vorgelegten	7
vorgeschichte	7
vorige	7
vorliege	7
vorstellbar	7
vorsätzlich	7
vorteilen	7
vorweihnachtszeit	7
vorwurfs	7
vorzeitigen	7
vorzustellen	7
votum	7
vox	7
vulkan	7
wahrzeichen	7
waldeck-frankenberg	7
waldviertel	7
walk	7
wallner	7
wandert	7
warendorf	7
wassermangel	7
wasserwacht	7
wc	7
wecken	7
weckte	7
weggang	7
weggezogen	7
weiler	7
weilt	7
weinheim	7
weinzierl	7
weiterarbeiten	7
weiterentwickeln	7
weiterentwickelt	7
weiterzumachen	7
weißem	7
welpen	7
weltfußballer	7
weltrekord	7
weltverband	7
werdegang	7
werks	7
wermutstropfen	7
weser	7
western	7
westeuropa	7
wettbewerben	7
wettkämpfen	7
wiederkehr	7
wiesbadener	7
wiesn	7
winde	7
windenergie	7
windgeschwindigkeiten	7
windrad	7
windschutzscheibe	7
winterliche	7
wirtschaftsstandort	7
witten	7
witze	7
witzige	7
wm-finale	7
wohne	7
wohnfläche	7
woidke	7
wolkig	7
wow	7
wurzel	7
wäldern	7
wärmer	7
würdigung	7
yannick	7
yoshida	7
ze	7
zehntel	7
zeichnungen	7
zeitgenössischen	7
zeitschriften	7
zensus	7
zertifikat	7
zijn	7
zirka	7
zivilbevölkerung	7
zocken	7
zufriedenheit	7
zugefügt	7
zugelassene	7
zugesichert	7
zugespitzt	7
zugetraut	7
zugverkehr	7
zugzwang	7
zumutung	7
zuordnen	7
zurückgegeben	7
zurückgelassen	7
zusammenfassung	7
zusammenprall	7
zustrom	7
zuständen	7
zutage	7
zuzuordnen	7
zögert	7
zügel	7
ärgerte	7
ärmeren	7
ärztlichen	7
äthiopien	7
äußersten	7
überfahren	7
überlebte	7
übermittelte	7
übernachtungen	7
überragenden	7
überragender	7
überraschenderweise	7
überschaubaren	7
überschreitet	7
überwachen	7
überweisungen	7
überwiegt	7
überwältigt	7
abba	6
abbas	6
abbringen	6
abc	6
abfindung	6
abgeholzt	6
abgeleitet	6
abgeordneter	6
abgeschossen	6
abgesprochen	6
abgänge	6
ableiten	6
abonnement	6
abrupt	6
abschaltung	6
abschiebung	6
abschätzen	6
absehbarer	6
absolventen	6
absolvierten	6
absperrungen	6
abstands	6
abständen	6
abtransportiert	6
abwechslungsreiche	6
abwechslungsreiches	6
abzubauen	6
abzusetzen	6
abzüge	6
academy	6
accessoires	6
achtjährige	6
achtmal	6
acker	6
activision	6
adfc	6
agierte	6
agrarpolitik	6
ahnen	6
aigner	6
ajax	6
aka	6
aktienkurs	6
aktionär	6
aktivierung	6
aktivismus	6
akzent	6
akzeptierte	6
alan	6
alaska	6
alexa	6
alexanderplatz	6
alina	6
alkoholkonsum	6
allerhand	6
allgemeines	6
alltäglichen	6
alm	6
alpinen	6
altbekannten	6
altena	6
amateurfußball	6
amini	6
amoklauf	6
amphibien	6
amtsgerichts	6
analystin	6
anbauen	6
anbetracht	6
anbieters	6
anderson	6
androhung	6
anfassen	6
anfänge	6
angebaut	6
angedroht	6
angefertigt	6
angeführten	6
angehende	6
angelangt	6
angelegte	6
angelegten	6
angelika	6
angenehme	6
angepeilt	6
angepeilten	6
angerer	6
angeschlagene	6
angesteckt	6
angrenzende	6
anheizen	6
ankam	6
anklagen	6
ankündigt	6
anlegerinnen	6
anlehnung	6
anleitung	6
anregen	6
anrichten	6
ansatzweise	6
anschließender	6
anspannung	6
anstand	6
anteilseigner	6
antiken	6
antreffen	6
antónio	6
anwachsen	6
anwalts	6
anzuerkennen	6
anzuheben	6
anzumelden	6
anzumerken	6
anzuziehen	6
appellieren	6
aquarium	6
arbeitenden	6
arbeitskreis	6
armbanduhr	6
arroganz	6
artemis	6
artikels	6
asfinag	6
assistent	6
association	6
asteroiden	6
astronaut	6
athen	6
atletico	6
atlético	6
atmen	6
attestierte	6
atx	6
aufenthalts	6
aufenthaltsort	6
auffällige	6
auffälligen	6
aufgebraucht	6
aufgemacht	6
aufgenommenen	6
aufgepasst	6
aufgesetzt	6
aufholen	6
aufnimmt	6
aufregen	6
aufrufe	6
aufschrei	6
aufspüren	6
aufstockung	6
auftaucht	6
auftragsbücher	6
auftrat	6
aufweist	6
aufzubrechen	6
aufzufüllen	6
aufzuheben	6
aufzulösen	6
aufzuzeigen	6
augenzeugen	6
augustin	6
ausbilden	6
ausblieb	6
ausbrach	6
ausbrechen	6
auseinanderzusetzen	6
ausflugsziele	6
ausführen	6
ausgehend	6
ausgelassen	6
ausgerollt	6
ausgestatteten	6
ausgestiegen	6
ausging	6
aushelfen	6
ausleihen	6
ausliefern	6
ausnahmesituation	6
ausnahmezustand	6
ausschöpfen	6
ausschüssen	6
aussenminister	6
ausstatten	6
ausstehenden	6
aussteller	6
aussuchen	6
australiens	6
austrian	6
auswerten	6
auswirkt	6
auswärtssieg	6
auszuschalten	6
authentisch	6
autoindustrie	6
autokonzern	6
autoritäre	6
autorität	6
autoverkehr	6
außenspiegel	6
away	6
babenhausen	6
bachelorette	6
bachmut	6
baden-baden	6
baden-württembergs	6
badener	6
bahnhofs	6
bali	6
ballon	6
barthel	6
bauart	6
bauausschuss	6
baubeginn	6
bauchtasche	6
baugenehmigung	6
bauphase	6
baurecht	6
beansprucht	6
beantwortete	6
becher	6
bedecken	6
bedrohliche	6
bedrohten	6
bedrohungen	6
bedürfe	6
bedürfnis	6
beeindruckenden	6
beeindruckendes	6
beeren	6
befehlshaber	6
befindlichkeiten	6
befreiungsschlag	6
befreundet	6
befugnisse	6
befähigt	6
befürworten	6
begegnungsstätte	6
begehrten	6
begeht	6
begehung	6
begleiterin	6
begonnenen	6
begreifen	6
begutachtung	6
behaupteten	6
beheimatet	6
beherbergen	6
behälter	6
behördlichen	6
beigelegt	6
beirren	6
beisein	6
beistehen	6
bejubelt	6
bekleidung	6
belangen	6
belege	6
beleuchten	6
beleuchtete	6
belieben	6
beliebteste	6
belohnungen	6
belästigung	6
bemängeln	6
benefizkonzert	6
benko	6
benz	6
beobachte	6
beraterin	6
beratungs	6
bergab	6
bergamo	6
bergkamen	6
bergsteiger	6
bergstraße	6
bergungsarbeiten	6
berlin-brandenburg	6
berlin-mitte	6
berset	6
berthold	6
beruht	6
berühren	6
berührung	6
besagte	6
besaß	6
beschafft	6
beschaffungskosten	6
bescherte	6
beschränkung	6
beschädigungen	6
beschämend	6
beschützt	6
besonderem	6
bespricht	6
bestandsaufnahme	6
bestehender	6
bestellungen	6
bestem	6
bestreben	6
bestrebt	6
betreuten	6
betriebene	6
betrogen	6
betrugen	6
bevölkerungsgruppen	6
beweglichkeit	6
bewirkt	6
bi	6
bibel	6
bibi	6
biegt	6
bilderbuch	6
bildqualität	6
bildschirme	6
biogas	6
biografie	6
bischofshofen	6
blamage	6
blatter	6
blau-gelben	6
blitzer	6
bloße	6
bloßen	6
bluse	6
blutigen	6
blutspende	6
bluttat	6
blöcke	6
bohrlöcher	6
bombardiert	6
bombardierung	6
booten	6
bottroper	6
boxen	6
boy	6
brahms	6
brandgefährlich	6
braten	6
brei	6
bremens	6
bremst	6
brennstoffe	6
brennstoffzellen	6
brian	6
briefwahl	6
brisant	6
british	6
britney	6
browser	6
bruttoinlandsprodukt	6
brüsseler	6
bsv	6
buchbar	6
buchmesse	6
budgetiert	6
bundesanwaltschaft	6
bundesbauministerin	6
bundesbürger	6
bundeshauptstadt	6
bundeshaushalt	6
bundeskanzleramt	6
bundeskanzlers	6
bundestages	6
bundesvorsitzende	6
busbahnhof	6
butter	6
bvz	6
bw	6
bäckereien	6
bänken	6
bäuerinnen	6
böblingen	6
böses	6
bündelt	6
bündner	6
bündnisses	6
bürgerbeteiligung	6
bürgerschaft	6
bürokratischen	6
card	6
care	6
carina	6
carolina	6
cartes	6
cast	6
cdu-fraktion	6
cem	6
centre	6
cham	6
chancenlos	6
charmanten	6
charming	6
charts	6
chat	6
chats	6
chemikalien	6
chemotherapie	6
christi	6
chronik	6
chronische	6
circus	6
college	6
company	6
constantin	6
control	6
copyright	6
corinne	6
corona-bedingten	6
corona-demos	6
corona-erkrankung	6
corona-fällen	6
corona-gipfel	6
corona-impfstoff	6
corona-verordnung	6
corona-zwangspause	6
coronabedingten	6
coronakrise	6
coronavirus-pandemie	6
county	6
coupons	6
cpu	6
craig	6
csd	6
csu-chef	6
cube	6
cybersicherheit	6
dagmar	6
dankt	6
dark	6
darmkrebs	6
darzustellen	6
dauere	6
dauerhaften	6
dave	6
dazugehörige	6
dead	6
deadline	6
deaktivieren	6
deck	6
deckung	6
defekt	6
defekte	6
defekten	6
definierten	6
dehoga	6
delegierte	6
dementierte	6
demir	6
depots	6
detlef	6
deutschlandticket	6
dezentralen	6
diablo	6
diagnosen	6
dichtung	6
dienstags	6
diente	6
dino	6
direktion	6
dirigenten	6
diskutierte	6
division	6
djir-sarai	6
djs	6
doll	6
dominique	6
doppelpass	6
dorfgemeinschaftshaus	6
dorfstraße	6
drachen	6
drangen	6
drehmoment	6
dreijährigen	6
dreistelligen	6
dreitägigen	6
dringenden	6
drittens	6
drittligist	6
drittligisten	6
drive	6
drum	6
drunter	6
drückten	6
ducati	6
ducksch	6
duellen	6
duett	6
duldung	6
durchatmen	6
durchbrechen	6
durchkommen	6
durchsetzt	6
durchstarten	6
durststrecke	6
dws	6
düngemittel	6
dünner	6
e-commerce	6
e-motor	6
ecuador	6
edinburgh	6
egg	6
ehemaliges	6
ehesten	6
ehrenmitglied	6
ehrlichen	6
ehrungen	6
eichsfeld	6
eigenschaft	6
eigentümern	6
eilt	6
einbrüchen	6
einbußen	6
einfließen	6
eingebaut	6
eingedrungen	6
eingeführten	6
eingekauft	6
eingelassen	6
eingeschlafen	6
eingeschrieben	6
eingestellten	6
eingewechselt	6
eingewiesen	6
einkommens	6
einlassen	6
einlädt	6
einmischen	6
einsatzort	6
einschlägigen	6
einseitig	6
einstelligen	6
einstimmigen	6
eintreffenden	6
einträge	6
einvernehmlich	6
einwanderer	6
einwohnerinnen	6
einzelfälle	6
einzelteile	6
einzulegen	6
einzurichten	6
einzuschränken	6
einzuschätzen	6
eisdiele	6
eisern	6
eisernen	6
eisigen	6
eitelkeit	6
elektrischer	6
elektrofahrzeuge	6
elternteil	6
ema	6
embryonen	6
emittenten	6
empfehle	6
empfindliche	6
emsland	6
enbw	6
endeffekt	6
energiebedarf	6
energieknappheit	6
energiepreispauschale	6
energiequelle	6
energiesicherheit	6
enerhodar	6
engine	6
ensembles	6
entgegenkommendes	6
entscheidendes	6
entschließen	6
entschärft	6
entsorgen	6
entspannten	6
entspannter	6
entstehung	6
equity	6
erachtet	6
erahnen	6
erarbeiteten	6
erbaut	6
erblickte	6
erderwärmung	6
erding	6
erdinger	6
ereigneten	6
erfahrenen	6
erfassten	6
ergebe	6
ergänzend	6
erhaltene	6
erhobenen	6
erhoffen	6
erlag	6
erlaubte	6
erlegen	6
erlösung	6
ermittelte	6
ermittlung	6
erneuerte	6
ernsthaftigkeit	6
erntet	6
erprobt	6
errungen	6
ersatzteile	6
erschwerend	6
erspart	6
ersthelfer	6
erstickt	6
erstklassigen	6
erstversorgung	6
erwachsener	6
erweckt	6
erweiterten	6
erwogen	6
erwägung	6
erzeugerpreise	6
eth	6
eu-beitritt	6
eu-mitgliedsstaaten	6
eurem	6
eurer	6
europäern	6
eva-maria	6
evans	6
eve	6
exemplar	6
exil	6
exklusive	6
exportieren	6
faber	6
fachausschuss	6
fachblatt	6
fachhandel	6
fachzeitschrift	6
faden	6
fahrbahnrand	6
fahrlässige	6
fahrradstraße	6
fahrverbot	6
fallstricke	6
falsches	6
family	6
farce	6
fasten	6
fastenzeit	6
fcn	6
federal	6
fehlerfrei	6
felbermayr	6
feldes	6
feldkirch	6
fellner	6
fertigt	6
festhalle	6
festland	6
festlich	6
festnehmen	6
feuerwehrleuten	6
feuerwehrsprecher	6
filter	6
finanzmärkten	6
firmensitz	6
five	6
fixieren	6
flaggen	6
flair	6
flankiert	6
flaute	6
fleck	6
flexiblen	6
flexibler	6
floh	6
flohmarkt	6
flott	6
flüchtlingspolitik	6
flüssig	6
folie	6
formal	6
formaten	6
forschen	6
forscht	6
fortbildung	6
fortführung	6
fortgeschrittenen	6
fortlaufend	6
frachter	6
fragezeichen	6
fragten	6
französischer	6
fred	6
freedom	6
freigeschaltet	6
freisetzen	6
frequenz	6
freudenstadt	6
friede	6
friedrichshain	6
friends	6
fritsch	6
frontmann	6
fsme	6
fugen	6
fuhrmann	6
funde	6
fungieren	6
funktionalität	6
furchtbaren	6
fuss	6
fußball-bundes	6
fußballs	6
fußballspiel	6
fußgängerin	6
fußt	6
fälligen	6
fälschlicherweise	6
fäuste	6
führungsrolle	6
füllt	6
fünfter	6
fürchtete	6
fürst	6
g-plus	6
gala	6
gangster	6
garderobe	6
gary	6
gashahn	6
gasheizungen	6
gaskraftwerke	6
gastbeitrag	6
gaststätten	6
gateway	6
gebauten	6
gebilligt	6
gebirge	6
gebrauchen	6
gebrauchte	6
gebüsch	6
gedenkstätte	6
geeigneten	6
gefangene	6
gefasste	6
gefeierten	6
gefesselt	6
geformt	6
gefährliches	6
gefährlichsten	6
gefälschten	6
geförderte	6
gegangene	6
gegenseitigen	6
gegensteuern	6
gegenstimmen	6
gegenwehr	6
gehindert	6
gehäuft	6
gehörenden	6
geistigen	6
gekickt	6
gekleidet	6
geknackt	6
gekonnt	6
gekürzt	6
geladenen	6
gelagerten	6
gelangte	6
geldbeutel	6
gelebte	6
gelohnt	6
geländes	6
gemeindebezirk	6
gemeinderäte	6
gemeindeversammlung	6
gemeindeverwaltung	6
gemeinsamkeiten	6
gemischte	6
gemälden	6
gemüter	6
genaueren	6
gendern	6
genesenen	6
genetische	6
genozid	6
genügen	6
genützt	6
georges	6
gepackt	6
gequält	6
gerechter	6
gerichtshofs	6
geringverdiener	6
gesammelten	6
gesamtumsatz	6
geschehe	6
geschenken	6
geschicke	6
geschlechter	6
geschmückt	6
geschmückten	6
geschosse	6
geschweige	6
geschwiegen	6
geschworenen	6
geschädigt	6
geschäftsentwicklung	6
gesellschafter	6
gesichtern	6
gespickt	6
gespült	6
gespürt	6
geständig	6
geständnis	6
gesundheitsbranche	6
gesundheitseinrichtungen	6
gesundheitsministerin	6
gesundheitswesens	6
geteilten	6
getrost	6
getrübt	6
gewahrt	6
gewandelt	6
gewappnet	6
gewehr	6
geweiht	6
gewerbliche	6
gewinnung	6
gewonnene	6
gewölbe	6
gewünschte	6
gezeigten	6
ghost	6
gifhorn	6
gigantischen	6
gigawatt	6
girls	6
giroud	6
gislason	6
glarus	6
glatten	6
glaubens	6
gleichgewicht	6
gleichschritt	6
gleisen	6
gletscher	6
glied	6
globaler	6
globalisierung	6
glücklichen	6
glückliches	6
gnade	6
gntm	6
goldpreis	6
good	6
gote	6
grabstein	6
gravierenden	6
greg	6
greifbar	6
greizer	6
grenzgebiet	6
grenzt	6
grenzübergang	6
grenzüberschreitenden	6
griner	6
grinst	6
grippewelle	6
grossem	6
grosser	6
grosz	6
großflächigen	6
großprojekt	6
grundnahrungsmittel	6
grundsätze	6
grunewald	6
gruß	6
grösser	6
grünem	6
grünstreifen	6
guardiola	6
guide	6
gummersbach	6
gun	6
gurken	6
gustavo	6
guterres	6
guthaben	6
gängigen	6
göttingen	6
gültige	6
güssing	6
gütern	6
gütersloh	6
haften	6
haftstrafen	6
hainer	6
halbfeld	6
halbseitig	6
handelswoche	6
handtuch	6
hans-peter	6
hardliner	6
harris	6
hartmut	6
hasan	6
haslauer	6
hauptrunde	6
hauptverhandlung	6
hausbewohner	6
haushalts	6
haushaltsausschuss	6
haushaltsentwurf	6
hausmitteln	6
hausverbot	6
hausärzte	6
havertz	6
hbo	6
hehl	6
heikle	6
heiko	6
heilbronn	6
heimerfolg	6
heimniederlage	6
heimrecht	6
heimteam	6
heinen-esser	6
heizperiode	6
heißer	6
helferinnen	6
hellhörig	6
hellofresh	6
herangezogen	6
herausfordernden	6
herausgestellt	6
herauskommen	6
herauskommt	6
herein	6
herkömmlichen	6
herner	6
heroin	6
heruntergefahren	6
hervorrufen	6
heulen	6
heutiger	6
hilfsaktion	6
hill	6
hing	6
hintergründen	6
hinterm	6
hinzukommen	6
hiobsbotschaft	6
historie	6
hitlers	6
hobbys	6
hochhalten	6
hochrangiger	6
hollywood-star	6
hospitalisierungsinzidenz	6
hotelzimmer	6
hotspots	6
humorvoll	6
hunderttausend	6
hunt	6
höchstwahrscheinlich	6
höcke	6
höherem	6
höhlen	6
hörten	6
hübner	6
hübsche	6
hügel	6
hülle	6
ibm	6
ida	6
idol	6
ik	6
ikone	6
impftermine	6
inbegriff	6
independent	6
industriebetriebe	6
industrienationen	6
industrieunternehmen	6
innenpolitische	6
innenstädte	6
insolvenzverwalter	6
instandhaltung	6
institutionellen	6
instrumenten	6
intellektuellen	6
intelligent	6
intendantin	6
intensivmedizinisch	6
intensivmedizinischer	6
interagieren	6
interessanter	6
inwiefern	6
iphones	6
iraner	6
irans	6
irgendeine	6
irgendwelchen	6
iserlohner	6
isolationspflicht	6
ita	6
jaguar	6
jahresfrist	6
jahrgänge	6
jamie	6
janeiro	6
jannik	6
janosch	6
jawort	6
jeglicher	6
jerome	6
jet	6
jimmy	6
joana	6
joko	6
jose	6
josep	6
jost	6
jugendamt	6
jugendfeuerwehr	6
junioren	6
juristin	6
juristischen	6
juror	6
jutta	6
jva	6
jüdischer	6
kadaver	6
kairo	6
kakao	6
kamila	6
kanälen	6
kapitänin	6
kappen	6
kapsel	6
kari	6
karlsfeld	6
katalog	6
katars	6
katastrophalen	6
katastrophenschutz	6
kategorisch	6
katholiken	6
kaufering	6
kehrtwende	6
kekse	6
kellner	6
kernenergie	6
kernkraft	6
kessler	6
kfz	6
kinosaal	6
kippte	6
kirchenkreis	6
kissingen	6
klappmesser	6
klassenverbleib	6
kleidungsstücke	6
kleinbus	6
kleinerer	6
kleinwagen	6
klick	6
kliemann	6
klimaanlage	6
klimafreundlich	6
klimas	6
klopfen	6
kluft	6
klänge	6
knaller	6
knüpft	6
kobel	6
koch-instituts	6
kollektive	6
koller	6
kolonie	6
komitees	6
kommissionspräsidentin	6
kompensiert	6
komplizen	6
komponiert	6
konkretes	6
konkurrent	6
konkurs	6
konstanten	6
konstatierte	6
konstrukt	6
konstruktiv	6
kontaktaufnahme	6
kontrast	6
kontroversen	6
konzernchef	6
konzernen	6
konzerthaus	6
koordinierte	6
kopfschmerzen	6
kopfschütteln	6
korb	6
korbach	6
korbinian	6
korn	6
korneuburg	6
korrektur	6
korrigiert	6
kost	6
kostenloser	6
kracht	6
kraftstoffen	6
kraftvoll	6
kragen	6
krankenschwester	6
krankenstand	6
krankheitsbedingt	6
kreationen	6
kreatives	6
kreislaufwirtschaft	6
kreisumlage	6
kreisverband	6
kremlsprecher	6
kremser	6
kriegsausbruch	6
kriegsschiffe	6
kriterium	6
kräftiger	6
krönte	6
krönung	6
kulturstaatsministerin	6
kulturzentrum	6
kummer	6
kunstwerken	6
kursplus	6
kutsche	6
kz	6
källenius	6
kölns	6
königsblauen	6
köpft	6
köpfte	6
körpers	6
kühlung	6
küken	6
künftiger	6
kürzen	6
kürzeren	6
laasphe	6
lade	6
ladestation	6
ladesäulen	6
laimer	6
landesgrenze	6
landeskrankenhaus	6
landeskriminalamts	6
landkreisen	6
landsmann	6
landtagswahlen	6
landwirtschaftskammer	6
langeweile	6
lanka	6
laternen	6
lauern	6
lawrence	6
layla	6
lebensgefährliche	6
led	6
legitime	6
lehrermangel	6
lehrstellen	6
leiblichen	6
leichnam	6
leidenschaftlich	6
leisteten	6
leitende	6
lesben	6
lesern	6
lesungen	6
letzteren	6
leuchtende	6
leverkusener	6
leverkusens	6
libanon	6
liebevolle	6
lilly	6
limburg	6
lina	6
lindau	6
lindern	6
lindert	6
linksverteidiger	6
live-musik	6
live-stream	6
lizenz	6
lkh	6
lobbyisten	6
lockern	6
logischerweise	6
lsw	6
luna	6
lustige	6
lwiw	6
länderspiele	6
länderübergreifende	6
lörracher	6
löschte	6
löschzüge	6
lüfter	6
lüneburg	6
lüttich	6
machbar	6
machenschaften	6
machst	6
magazine	6
major	6
mandl	6
mangelhafte	6
mangelte	6
manipulation	6
manipuliert	6
mannschaftsleistung	6
mantel	6
marek	6
margen	6
marihuana	6
marin	6
mariä	6
markenzeichen	6
markieren	6
marktkapitalisierung	6
marktwirtschaft	6
marokkos	6
marvel	6
maryam	6
maschen	6
massengrab	6
matches	6
materials	6
mathematik	6
mathilde	6
mattarella	6
mauern	6
mb	6
mdr	6
medical	6
medicine	6
mehrfache	6
mehrfachraketenwerfer	6
mehrjährigen	6
meinten	6
menschenrechtsorganisationen	6
mentor	6
merklich	6
merkmal	6
merkur	6
merkwürdig	6
met	6
metzger	6
mexikanische	6
mietvertrag	6
migros	6
mikroorganismen	6
militärexperte	6
militärhilfe	6
militärischer	6
mill	6
minderheiten	6
mischt	6
missachtete	6
missachtung	6
mistelbach	6
mitarbeit	6
mitfahren	6
mitgemacht	6
mittags	6
mitteldeutschen	6
mittelfranken	6
mittragen	6
mittwochmittag	6
mitwirken	6
mobil	6
moderate	6
modernsten	6
modi	6
monza	6
moralischen	6
morgenpost	6
motors	6
mountain	6
movie	6
mrna	6
mundschutz	6
murray	6
musicals	6
musikalisches	6
musizieren	6
muskelkraft	6
musks	6
muslime	6
muslimischen	6
mutation	6
muttertag	6
mykolajiw	6
mythos	6
mächtige	6
männchen	6
mäuse	6
mäßiger	6
mücken	6
münden	6
mündliche	6
mündlichen	6
nachbargemeinden	6
nachfolgeregelung	6
nachgekommen	6
nachgesagt	6
nachher	6
nachweise	6
nachzugehen	6
nadja	6
nahverkehrs	6
naiv	6
narrativ	6
natalia	6
nationalgarde	6
nationalhymne	6
nato-beitritt	6
naturpark	6
naturschutzgebiet	6
naturschützer	6
nebenklage	6
nebenrolle	6
neid	6
neigt	6
neo	6
nestlé	6
net	6
netze	6
netzen	6
netzes	6
neuartige	6
neuausrichtung	6
neubaus	6
neuerlichen	6
neulich	6
neusiedl	6
neusiedler	6
neuste	6
neustädter	6
newcomer	6
niederländerin	6
niederschlag	6
niedersächsische	6
niedrigwasser	6
niels	6
niemann	6
niendorf	6
niki	6
nirgends	6
nog	6
nokia	6
nominierte	6
nominierung	6
nordamerikanische	6
norddeutschen	6
norddeutschland	6
nordrhein-westfalens	6
normaler	6
notebooks	6
notfallplans	6
nova	6
novavax	6
nummern	6
nutzbar	6
nächten	6
nächtliche	6
nägeln	6
nützen	6
oase	6
oberbürgermeisterin	6
oberland	6
oberstaatsanwalt	6
oberstdorf	6
oberstes	6
objekt	6
obligatorischen	6
ocean	6
odenthal	6
oecd	6
offensivspieler	6
offizielles	6
offizier	6
offline	6
olg	6
oligarch	6
operiert	6
oppositionsführer	6
oppositionspartei	6
optimalen	6
optional	6
optischen	6
orkantiefs	6
ortenau	6
ortes	6
ortsbürgermeister	6
ostdeutsche	6
osterferien	6
osteuropäischen	6
osze	6
owsjannikowa	6
ozean	6
ozon	6
paars	6
palma	6
palme	6
palmen	6
palmer	6
paradox	6
paralympischen	6
parcours	6
parierte	6
parlamentarier	6
part	6
partnerstadt	6
passiere	6
patch	6
patriarchen	6
patrik	6
pausenlos	6
pausieren	6
pawel	6
peinliche	6
pelé	6
pendlerpauschale	6
penzberg	6
perfektion	6
performt	6
personenbezogenen	6
peters	6
pfand	6
pfeifen	6
pfeiffer	6
pferden	6
pfingstwochenende	6
pflegebereich	6
pflegepersonal	6
pharma	6
pharmakonzern	6
phasenweise	6
philharmonie	6
physiker	6
pi	6
pille	6
pilz	6
pizzeria	6
place	6
planungssicherheit	6
platt	6
platzierte	6
play-offs	6
plug-in-hybride	6
pochen	6
podestplatz	6
podestplätze	6
pohl	6
pokémon	6
polizeidirektion	6
polizeigewerkschaft	6
polizeiliche	6
polizeipräsident	6
popkultur	6
portionen	6
porträt	6
porträtiert	6
portugiese	6
postauto	6
postbank	6
posts	6
potter	6
pracht	6
pragmatische	6
praktikum	6
preist	6
preisträgerinnen	6
premium	6
prinzipien	6
probanden	6
professorin	6
programmen	6
programmiert	6
prosiebensat	6
provozieren	6
prozentige	6
prozessoren	6
präparate	6
präsidentenberater	6
präsidentenwahl	6
präziser	6
prüfe	6
psychiatrie	6
publikation	6
publikationen	6
puerto	6
pullover	6
pumpen	6
pyeongchang	6
pyrotechnik	6
péter	6
pünktlichkeit	6
qr-codes	6
qualifikationen	6
querdenker	6
quest	6
quo	6
racing	6
radikaler	6
raiffeisenbank	6
raketenangriffe	6
raketenbeschuss	6
rampe	6
rangers	6
rares	6
rasanter	6
rasse	6
rassistisch	6
rast	6
rathauses	6
ratio	6
ratssitzung	6
rau	6
raub	6
rc	6
reality	6
rebellion	6
rechtfertigung	6
rechtsextremen	6
rechtslage	6
rechtssicherheit	6
redner	6
reformieren	6
regale	6
regelsätze	6
regens	6
regenschauer	6
regierungsbildung	6
regimes	6
regina	6
regionalligisten	6
regte	6
rehlinger	6
reibungslosen	6
reife	6
reisebus	6
rekordhoch	6
relegation	6
relevante	6
remote	6
remscheider	6
renaissance	6
rendsburg	6
rennstall	6
rennt	6
rentnerinnen	6
reparaturen	6
report	6
republikanische	6
reserviert	6
resilienz	6
restlos	6
resultierende	6
resümierte	6
rettungs	6
rettungskräften	6
reue	6
revanche	6
revolutioniert	6
richtiges	6
rico	6
riegel	6
riesengroß	6
riesling	6
rishi	6
risikofaktoren	6
risikogruppen	6
rissen	6
rmb	6
rollstuhl	6
rollstuhlfahrer	6
roma	6
romeo	6
rosenheim	6
rosenthal	6
rossi	6
rotem	6
rotes	6
rtlzwei	6
ruhnert	6
rushdie	6
ryanair	6
ryoyu	6
räte	6
räumlichen	6
römischen	6
rückhalt	6
rückkehrer	6
rücklagen	6
rücknahme	6
rückweg	6
saarländischen	6
saatgut	6
sabitzer	6
sachschadens	6
sachsenhausen	6
sackte	6
sahne	6
sahra	6
saint-germain	6
sainz	6
saisonal	6
saisonfinale	6
salon	6
salvador	6
sammer	6
sang	6
sanken	6
sanktionspaket	6
santiago	6
sauerland	6
sauerstoff	6
schaufenster	6
schauten	6
scheich	6
schicksalsschlag	6
schiedsgericht	6
schiefgehen	6
schlagartig	6
schlagzeile	6
schlangenlinien	6
schlau	6
schlechtem	6
schlepper	6
schleswig-holsteins	6
schleudern	6
schliefen	6
schliesst	6
schließe	6
schlimmen	6
schlimmes	6
schlosses	6
schlussfolgerung	6
schlüpfen	6
schlüsse	6
schmitt	6
schnappen	6
schnappschuss	6
schreckliche	6
schreiber	6
schreien	6
schreitet	6
schriftstellerin	6
schränke	6
schuhbeck	6
schuhwerk	6
schulferien	6
schumann	6
schwab	6
schwanken	6
schwankungen	6
schwarz-weiß	6
schwarzenegger	6
schwaz	6
schwebte	6
schwelm	6
schwerverletzten	6
schwerwiegende	6
schwerwiegenden	6
schwindet	6
schwingt	6
schwul	6
schwäbisch	6
schwäbischen	6
schämen	6
schützenpanzer	6
score	6
screenshot	6
screenshots	6
sechzig	6
seifert	6
sell	6
seltsame	6
senf	6
senkte	6
sensationell	6
sensibel	6
sensibilisieren	6
sensor	6
separat	6
serbiens	6
serbische	6
serena	6
setting	6
sexualität	6
shenzhen	6
shoppen	6
shopping	6
sibirien	6
sicherheitsbedenken	6
sicherheitsdienst	6
sicherheitsgarantien	6
sicherheitskonferenz	6
sicherheitsrats	6
sichtweise	6
sichtweite	6
side	6
siedlungen	6
siehst	6
sierra	6
silbermedaille	6
simple	6
sindelfingen	6
sinnen	6
sittenpolizei	6
sizilien	6
skala	6
skigebiet	6
slowenischen	6
snb	6
sockel	6
sohle	6
solinger	6
solisten	6
solutions	6
somalia	6
sommaruga	6
sommerliche	6
sommerwelle	6
sonderausstellung	6
sondershausen	6
sonnencreme	6
sortiert	6
sozialdemokrat	6
sozialhilfe	6
sozialistische	6
spaniens	6
sparsam	6
speed	6
spektakulär	6
spezifische	6
spiegel-informationen	6
spielberg	6
spielgerät	6
spielminuten	6
spielplan	6
spike-protein	6
spin-off	6
spionage	6
spitzenwert	6
sportgelände	6
sportverein	6
spot	6
spott	6
sprachlos	6
sprangen	6
springer	6
sprunggelenk	6
spurensuche	6
ssd	6
ssds	6
staatsanwälte	6
staatspräsidenten	6
stabiler	6
stabilisiert	6
stacheldraht	6
stade	6
stadien	6
stadtauswärts	6
stadtautobahn	6
stadtbild	6
stadtbücherei	6
stadtmarketing	6
stadtpolitik	6
stadtrand	6
stadtsenat	6
stadtteile	6
stadtverordneten	6
stage	6
stammten	6
stamp	6
standing	6
stark-watzinger	6
starren	6
stauen	6
stellantis	6
stellungnahmen	6
stichtag	6
stiehlt	6
stier	6
stiften	6
stocker	6
stockt	6
stolberg	6
stolpersteine	6
stoppt	6
straffen	6
strafgerichtshof	6
strahlkraft	6
strahlung	6
strang	6
strange	6
strassen	6
strauß	6
straßengraben	6
straßenmeisterei	6
straßenseite	6
straßenverkehrsordnung	6
streicht	6
streuen	6
strikte	6
stroll	6
strombedarf	6
stufen	6
sturmflut	6
sturms	6
styles	6
städtetag	6
städtischer	6
ständerat	6
störche	6
stünde	6
stürme	6
stürmten	6
su	6
sukzessive	6
summer	6
sundern	6
superbenzin	6
superbike-wm	6
supermarktes	6
survey	6
suspendiert	6
suzuki	6
sympathie	6
sympathien	6
synthetische	6
sz	6
säure	6
südens	6
südkoreas	6
südtiroler	6
tabellen	6
tabellenkeller	6
talentierte	6
tarifverhandlungen	6
taskforce	6
tathergang	6
tattoos	6
tatverdacht	6
tatzeitpunkt	6
tatzeitraum	6
taufe	6
tauschten	6
technisches	6
tegen	6
teilnehmerin	6
telefonate	6
telegram-kanal	6
teleskop	6
tennis-star	6
tennisspielerin	6
tesla-chef	6
testphase	6
testspiele	6
testspielen	6
thematik	6
thematisieren	6
therme	6
thierry	6
things	6
thrones	6
thuner	6
thüringens	6
ticker	6
tiefpunkt	6
tierheime	6
tierische	6
tierschutzgesetz	6
tierwelt	6
tigray	6
tinder	6
titels	6
titelverteidigung	6
tochtergesellschaft	6
topmodel	6
totschlag	6
touristinnen	6
tower	6
tracht	6
traded	6
traffic	6
tragweite	6
trainerwechsel	6
trainingsplatz	6
transferfenster	6
transfermarkt	6
traurigen	6
treibhausgase	6
trete	6
triple	6
trockener	6
trockenes	6
tschernihiw	6
tschernobyl	6
täters	6
täterschaft	6
tölz-wolfratshausen	6
tönen	6
tötet	6
tübingen	6
tübinger	6
u-ausschusses	6
u-haft	6
ukraine-flüchtlinge	6
ukrainerin	6
ukrainischem	6
umbenennung	6
umfangreich	6
umgeben	6
umgehört	6
umgelegt	6
umgestaltet	6
umgewandelt	6
umleitungen	6
umsatzes	6
umstrittenes	6
umverteilung	6
umwelthilfe	6
un-vollversammlung	6
unbeantwortet	6
unbegründet	6
unbeschwerte	6
unbestritten	6
under	6
unerlässlich	6
unfallverursacher	6
ungebremst	6
ungebrochen	6
ungeeignet	6
ungehindert	6
ungeklärten	6
ungemütlich	6
ungenutzt	6
unglücks	6
uniform	6
uniklinik	6
unnötigen	6
unrealistisch	6
unschuldig	6
unsicherer	6
unterbringen	6
unterdrückung	6
untergehen	6
unterirdische	6
unterlegen	6
untermauert	6
unternehmerischen	6
unterrichten	6
unterschenkel	6
unterschreiben	6
unterzeichnen	6
unumgänglich	6
unwirksam	6
unwohl	6
unze	6
unzähligen	6
upgrade	6
urgestein	6
urteils	6
urteilsverkündung	6
urteilt	6
us-amerikanerin	6
us-sender	6
vakzine	6
valneva	6
variieren	6
venezuela	6
venture	6
ventures	6
veranstaltungsreihe	6
verantwortlicher	6
verantwortungsvolle	6
verbandspräsident	6
verbannen	6
verbesserten	6
verbrannt	6
verbrennung	6
verbucht	6
verdachtsfall	6
verdankt	6
verdichten	6
verdienst	6
verdrängt	6
vereinsgeschichte	6
verfügten	6
vergaben	6
vergeht	6
vergleiche	6
vergleichswert	6
verhalf	6
verhaltens	6
verhielt	6
verhütung	6
verkehrsunfällen	6
verkehrsunternehmen	6
verkehrsverbünde	6
verkehrszeichen	6
verkleidet	6
verkäuferin	6
verkürzten	6
verl	6
verlangsamt	6
verleiten	6
verlieben	6
verlierern	6
verlorene	6
vermag	6
vermarktung	6
vermehren	6
vermeldete	6
vernünftig	6
verschicken	6
verschlafen	6
verschlossen	6
verschuldet	6
versenkt	6
versicherten	6
verspüren	6
versteckten	6
verständigung	6
verteilte	6
verteuern	6
vertrauens	6
vertreibung	6
verträgen	6
verwaltungsgerichtshof	6
verwaltungsrats	6
verwandelten	6
verwundet	6
verzehrt	6
verzögerte	6
veröffentlichungen	6
vi	6
videoaufnahmen	6
vierfache	6
vierschanzentournee	6
viertelstunde	6
vietnam	6
villacher	6
vincent	6
virusvarianten	6
viserys	6
vizekanzler	6
volksmusik	6
vollendet	6
vollends	6
volleyball	6
vollständiger	6
voranzubringen	6
vorarbeiten	6
vorausgegangen	6
vorbereiteten	6
vorbörslichen	6
vorerkrankungen	6
vorgehalten	6
vorgeschriebene	6
vorgeschriebenen	6
vorgezogene	6
vorgängerin	6
vorhang	6
vorhersage	6
vorjahresvergleich	6
vorkehrungen	6
vorkrisenniveau	6
vorlagen	6
vorlauf	6
vormittags	6
vorweg	6
vorwerfen	6
vorzeichen	6
vorzüge	6
vögeln	6
völker	6
völkerrecht	6
waffenruhe	6
wahlberechtigte	6
wahlkreisen	6
wahlweise	6
wahrlich	6
waldbesitzer	6
war's	6
wartenden	6
warzone	6
waschmaschine	6
wassermassen	6
wasserverbrauch	6
websites	6
wechselnde	6
wechselten	6
weges	6
weggefallen	6
wehen	6
weibchen	6
weich	6
weigern	6
weihnachtliche	6
weihnachtsfeier	6
weihnachtsmann	6
weingut	6
weisungen	6
weiterführen	6
weitergeleitet	6
weiterzugeben	6
weitesten	6
weitgehenden	6
weitreichenden	6
wells	6
weltkrieges	6
weltmarktführer	6
weltspitze	6
weltstar	6
wendung	6
wenzel	6
wermelskirchen	6
wertvollen	6
wespen	6
wessen	6
weste	6
wettbewerbsfähigkeit	6
wette	6
wettkämpfe	6
widerfahren	6
widerlegt	6
widerspiegelt	6
widersprochen	6
widersprüche	6
wiederfinden	6
wieser	6
wilder	6
wiler	6
wilhelmstraße	6
willingen	6
willis	6
wink	6
wintersemester	6
winzige	6
winzigen	6
wirkenden	6
wirksame	6
wirtschaftsbeziehungen	6
wochenstart	6
wogen	6
wohnte	6
wohnungsbau	6
wohnungsmarkt	6
wolfram	6
wolfsburgs	6
work	6
worüber	6
wracks	6
wright	6
wurm	6
wählerinnen	6
wählten	6
wähnt	6
wärmepumpe	6
wärmere	6
wöginger	6
würdest	6
würdigt	6
xe	6
xhaka	6
yakin	6
yoon	6
yougov	6
ypg	6
yusuf	6
zahlten	6
zahlungsdienstleister	6
zahn	6
zandvoort	6
zapfsäule	6
zehntausend	6
zehntausenden	6
zeitdruck	6
zeitnahe	6
zeitreise	6
zeitumstellung	6
zelebrieren	6
zemmour	6
zenit	6
zeremonie	6
zerlegt	6
zerreißen	6
zerstörte	6
zertifikate	6
zertifizierung	6
ziegen	6
zielgerichtet	6
zielsetzung	6
zoff	6
zuallererst	6
zuckerberg	6
zugabe	6
zugeführt	6
zugegen	6
zugehen	6
zuges	6
zugesprochen	6
zugspitze	6
zulässigen	6
zuordnung	6
zurechtkommen	6
zurückblicken	6
zurückgehalten	6
zurückgerufen	6
zurückgeworfen	6
zurückhalten	6
zurückkehrte	6
zurücklassen	6
zurückzugeben	6
zusammenkunft	6
zusammenlegung	6
zusammenstößen	6
zusammentreffen	6
zuschauende	6
zuständigkeit	6
zutreffend	6
zuverlässige	6
zwecken	6
zwecks	6
zweistellig	6
zwischenbilanz	6
zwischenstopp	6
zäh	6
zähle	6
zündeten	6
à	6
ämtern	6
ändere	6
ärgerlich	6
ärzt	6
äste	6
öffentliches	6
ögb	6
ögk	6
ökologischer	6
ökonomische	6
ökosysteme	6
örtlich	6
übereinstimmen	6
überführen	6
übergab	6
übergewicht	6
übergreifen	6
überholspur	6
überlebenden	6
übernachten	6
übernachtung	6
übernächsten	6
überraschenden	6
übersee	6
überstunden	6
übertrifft	6
überwiegende	6
überwies	6
überzeugend	6
aarau	5
abbilden	5
abe	5
abendlichen	5
abfall	5
abgefangen	5
abgegebenen	5
abgehoben	5
abgelassen	5
abgelenkt	5
abgerutscht	5
abgeschwächt	5
abgestürzt	5
abgetragen	5
abholung	5
ablenken	5
ablesen	5
about	5
abreißen	5
abschlussbericht	5
abschuss	5
absprachen	5
absteiger	5
abstiegskandidaten	5
abstände	5
abtasten	5
abtreten	5
abtun	5
abweichenam	5
abwickeln	5
abwägung	5
abwärts	5
abzuhalten	5
abzulenken	5
abzusagen	5
abzusichern	5
acer	5
achterbahnfahrt	5
achtsamkeit	5
adele	5
adi	5
administration	5
adoption	5
adressiert	5
adriano	5
advanced	5
adventszeit	5
adventure	5
adäquat	5
affen	5
afrikas	5
ages	5
ahlen	5
ahnte	5
ahr	5
ahv	5
airpods	5
aisch	5
akkulaufzeit	5
aktienmärkten	5
aktivistin	5
akuter	5
akws	5
alarmierung	5
albums	5
algorithmus	5
alleingang	5
alleingänge	5
alleiniger	5
allergien	5
allergiker	5
allerheiligen	5
allgegenwärtig	5
allgemeiner	5
almaty	5
alpe	5
altbau	5
altehrwürdigen	5
altem	5
altenheim	5
altenholz	5
altersgruppen	5
altersklassen	5
altona	5
alzheimer	5
amerikanischer	5
ammoniak	5
amphetamin	5
analysierte	5
anastasia	5
anbelangt	5
anbraten	5
anbrennen	5
ancelotti	5
andernorts	5
andeutungen	5
andorra	5
anfänger	5
anführen	5
angab	5
angefasst	5
angehe	5
angeheizt	5
angelina	5
angelpunkt	5
angeordnete	5
angerechnet	5
angesicht	5
angibt	5
angleichung	5
anhaltspunkte	5
anhang	5
anhin	5
anhören	5
anklamer	5
anknüpfen	5
ankündigen	5
anmutenden	5
annette	5
anno	5
anrechnung	5
anschaffen	5
anschaulich	5
anschläge	5
ansporn	5
anspruchsvollen	5
ansprüchen	5
anstalt	5
ansteckender	5
anstellung	5
anteilen	5
anteilnahme	5
anteilsscheine	5
antigentests	5
antisemitischer	5
antrat	5
antreibt	5
anträgen	5
anvisierte	5
anwaltskosten	5
anwenden	5
anwohnerin	5
anziehungspunkt	5
anzugreifen	5
anzuhalten	5
apfel	5
apolda	5
apostel	5
apotheker	5
aragon	5
arbeitskräften	5
arbeitsleben	5
arbeitslosengeld	5
arbeitsschritte	5
architekturbüros	5
archive	5
archäologen	5
arktis	5
armeen	5
arts	5
arzneimittel	5
asowschen	5
assange	5
asset	5
assistenten	5
assists	5
astrid	5
astronauten	5
asylpolitik	5
ateliers	5
atemwege	5
atlas	5
atmet	5
atom	5
atomenergie	5
atomkraftwerks	5
attentäter	5
atteste	5
attraktiven	5
aufbaut	5
aufeinanderfolgenden	5
auffahrunfall	5
aufgedeckt	5
aufgeflogen	5
aufgereiht	5
aufgeschlagen	5
aufgespielt	5
aufgetragen	5
aufhält	5
auflistung	5
aufmachung	5
aufpralls	5
aufpreis	5
aufrechterhaltung	5
aufräumen	5
aufsehenerregenden	5
aufsichtsratschef	5
aufsteigt	5
aufstiegsrunde	5
aufstrebenden	5
auftaktmatch	5
auftaktspiel	5
aufwendigen	5
aufwendiger	5
aufwärtstrend	5
aufzufangen	5
auges	5
augsburgs	5
aurich	5
ausarbeitung	5
ausbaus	5
ausbeute	5
ausbeutung	5
ausbilder	5
ausbildungsplätze	5
ausbreiten	5
ausfahrt	5
ausflüge	5
ausfuhr	5
ausfüllen	5
ausgebucht	5
ausgedehnte	5
ausgefüllt	5
ausgehandelt	5
ausgerichteten	5
ausgeräumt	5
ausgeschriebenen	5
ausgestoßen	5
ausgewiesene	5
ausgezogen	5
ausgleichszahlungen	5
aushängeschild	5
ausklingen	5
auslaufenden	5
ausleben	5
ausläuft	5
ausnahmefällen	5
ausnahmslos	5
ausreichende	5
ausrufezeichen	5
ausrutscher	5
ausschau	5
ausscheidet	5
ausschüttung	5
ausspielen	5
aussprechen	5
austragen	5
auswechslung	5
ausweg	5
auszeiten	5
ausziehen	5
auszuführen	5
auszulösen	5
auszumachen	5
auszuräumen	5
auszusprechen	5
auszusteigen	5
auszuweisen	5
auszuweiten	5
auszuziehen	5
autobahnmeisterei	5
autofahren	5
autohersteller	5
automatisierte	5
automobilhersteller	5
automobilindustrie	5
automotive	5
autopsie	5
außenbereich	5
außenpolitischen	5
außenstellen	5
außenwand	5
außergewöhnlicher	5
außerordentlichen	5
awoniyi	5
aws	5
az	5
backup	5
backups	5
badischen	5
bahncard	5
baier	5
baldigen	5
baldiges	5
balingen	5
ballett	5
baltikum	5
bamberger	5
bangladesch	5
bankkonto	5
bann	5
banner	5
barbie	5
baselbieter	5
basf	5
basispunkte	5
baubranche	5
bauchgefühl	5
baumarkt	5
bauprojekt	5
baus	5
