de	153672
la	92251
el	74579
que	70387
en	68593
y	56288
a	47741
los	35549
se	29358
del	27821
un	25669
las	24239
con	23786
por	23019
para	21152
una	19664
no	16902
es	15924
su	15902
al	13467
lo	11116
más	10076
como	9351
ha	8968
este	8046
sus	5818
pero	5637
fue	5140
también	4858
esta	4776
o	4714
desde	4162
años	4101
ya	4052
entre	3855
le	3833
está	3786
si	3711
sin	3655
sobre	3561
han	3514
son	3298
dos	3289
todo	3126
hay	3084
hasta	2979
ser	2974
muy	2964
cuando	2927
tiene	2781
parte	2629
año	2594
personas	2576
además	2502
donde	2489
porque	2431
durante	2428
todos	2401
me	2358
así	2345
dijo	2280
gobierno	2258
según	2236
país	2167
uno	2121
puede	2116
día	2058
nos	2044
contra	2037
solo	1985
estado	1937
después	1926
millones	1913
ese	1907
tras	1873
están	1855
nacional	1826
presidente	1817
ahora	1799
cada	1785
eso	1780
tiempo	1776
sido	1749
hace	1732
vez	1719
esto	1697
otros	1687
momento	1668
tres	1661
ante	1653
e	1649
hacer	1641
ciudad	1629
primera	1587
días	1578
vida	1573
gran	1565
había	1559
qué	1548
estos	1517
lugar	1512
pasado	1508
mismo	1482
hoy	1473
mientras	1466
tanto	1463
cuenta	1456
esa	1455
otro	1452
trabajo	1440
quien	1438
era	1434
horas	1422
caso	1408
menos	1381
antes	1368
partido	1368
aunque	1356
nuevo	1355
bien	1354
mundo	1350
equipo	1347
fueron	1341
hecho	1337
forma	1333
ni	1319
mejor	1318
mi	1308
luego	1306
será	1305
mayor	1267
primer	1266
mucho	1264
semana	1256
tener	1245
te	1244
tienen	1241
manera	1232
salud	1214
nueva	1202
embargo	1190
seguridad	1181
siempre	1155
va	1155
acuerdo	1146
casa	1144
poder	1130
cómo	1113
algo	1109
les	1106
algunos	1087
otra	1065
través	1064
general	1062
estados	1060
ellos	1053
estas	1051
todas	1048
pueden	1047
mil	1019
situación	1016
ver	1016
importante	1007
otras	993
estar	991
medio	989
él	989
muchos	972
meses	970
méxico	967
grupo	962
unos	960
centro	957
estaba	952
final	945
sea	937
yo	928
españa	926
frente	914
sí	908
cuatro	902
poco	902
toda	901
unidos	900
tipo	898
debe	892
hizo	890
estamos	885
ello	873
proyecto	870
sociales	868
zona	868
nivel	867
mes	862
familia	861
autoridades	857
policía	855
san	852
casos	851
tan	849
haber	845
ucrania	843
tenemos	841
quienes	840
tu	840
último	838
nada	831
casi	828
nuestro	821
euros	812
gente	810
público	800
ella	798
historia	796
países	796
mundial	792
política	792
sino	792
nuestra	791
mujer	786
información	785
social	784
ley	778
proceso	778
mujeres	776
programa	774
junto	772
servicio	772
sector	769
fin	767
aún	763
viernes	762
redes	761
lunes	760
total	754
domingo	753
hacia	752
podría	748
argentina	747
dentro	746
cual	745
sistema	745
puntos	744
persona	741
cualquier	739
datos	739
rusia	738
cinco	734
últimos	733
tuvo	732
mañana	730
agua	723
dar	716
respecto	714
varios	714
entonces	713
trata	711
decir	708
lado	708
empresa	707
cambio	700
cerca	700
covid	691
muchas	691
veces	689
sábado	687
segundo	686
bajo	685
número	682
dio	674
cosas	670
hombre	670
personal	669
sentido	669
desarrollo	666
dólares	665
posible	665
misma	660
segunda	659
incluso	657
martes	657
pandemia	657
empresas	653
noche	648
informó	647
tenía	645
debido	639
jueves	638
nunca	638
guerra	637
diferentes	636
miércoles	630
grandes	629
dice	628
mercado	627
ministerio	627
niños	627
punto	626
servicios	626
señaló	623
hora	618
objetivo	618
minutos	614
tarde	613
atención	612
partir	611
hemos	607
temporada	607
internacional	603
seguir	603
fuera	599
próximo	599
llegar	598
región	597
sólo	596
comunidad	594
julio	594
siendo	594
ciento	593
provincia	590
sigue	590
pues	589
club	588
joven	588
asimismo	585
enero	581
algunas	571
paso	567
población	566
encuentro	565
investigación	559
nosotros	559
ministro	555
problemas	554
última	554
conocer	553
juego	553
local	553
llegó	552
seis	551
largo	547
relación	545
falta	544
mayoría	543
apoyo	541
nuevos	541
decisión	540
pesos	540
precios	539
van	538
octubre	536
serie	534
aseguró	533
edad	532
indicó	532
fecha	531
precio	530
ambos	529
espera	529
junio	528
justicia	528
pública	528
carrera	527
juan	526
varias	526
gracias	523
josé	523
ejemplo	520
dinero	518
espacio	517
cuerpo	516
partidos	515
buena	514
calle	514
marzo	514
uso	513
diciembre	511
madrid	511
medidas	511
septiembre	511
tal	509
aquí	507
cargo	505
explicó	505
defensa	504
agregó	502
plan	502
derechos	500
da	498
oficial	497
esos	496
prensa	493
pueblo	492
alto	491
cabo	490
capital	490
derecho	490
noviembre	490
encuentra	489
realizar	489
real	488
tema	487
vamos	487
unas	486
mayo	485
haya	484
todavía	481
parece	480
realidad	480
control	479
director	479
economía	478
medida	477
medios	477
dicho	475
hospital	474
producción	474
actividades	473
acciones	471
energía	471
comisión	470
municipio	470
sociedad	470
agosto	469
claro	469
riesgo	469
jornada	468
actividad	465
municipal	464
línea	463
trabajadores	463
comunicado	462
oportunidad	461
evitar	460
futuro	459
sería	459
calidad	456
quiere	456
europa	455
condiciones	453
educación	453
muerte	453
primero	453
carlos	452
problema	452
resultado	452
igual	450
nuestros	449
podemos	449
tenido	448
fútbol	447
puesto	447
ahí	446
productos	446
abril	445
central	444
equipos	444
victoria	444
nuevas	443
luis	441
sur	440
mano	439
recursos	439
camino	438
ayuda	437
principal	436
finalmente	435
nombre	435
febrero	434
nadie	433
hubo	432
ir	432
violencia	432
especial	431
aumento	430
semanas	430
área	428
compañía	426
crisis	426
norte	426
trabajar	426
valor	426
creo	424
lópez	424
usuarios	423
actual	422
anterior	422
red	422
pesar	421
tendrá	420
fiscal	414
obra	414
organización	414
mejores	413
ayer	412
mayores	412
deben	411
estoy	411
destacó	410
alrededor	408
alta	408
conjunto	408
consejo	408
resultados	407
respuesta	406
habían	405
inflación	404
jóvenes	404
madre	403
ningún	403
hechos	402
necesario	402
twitter	402
buen	401
inicio	401
menor	401
afirmó	400
cuanto	400
salir	400
selección	400
actualmente	399
experiencia	399
familias	399
campaña	397
dado	397
universidad	397
federal	396
haciendo	396
buenos	395
civil	395
esas	395
baja	394
gestión	394
allí	393
evento	393
primeros	392
estuvo	391
vehículos	391
luz	389
he	387
mensaje	387
tomar	387
jugadores	386
único	386
dirección	385
locales	385
liga	384
hombres	383
viene	383
hijos	382
pareja	382
protección	381
estará	380
música	379
presencia	378
hijo	377
informe	377
congreso	376
ellas	376
santa	376
cámara	375
unidad	375
vecinos	375
acceso	374
expresó	374
marca	374
serán	374
últimas	373
difícil	372
interior	372
momentos	372
comenzó	371
jefe	371
participación	371
venezuela	371
víctimas	370
obras	369
pueda	369
quedó	369
reunión	369
tengo	369
alguna	367
habrá	367
república	367
anunció	366
pudo	366
fuerza	365
paz	365
algún	364
fuerte	364
fuerzas	364
siete	363
capacidad	362
fernández	362
modelo	362
maría	361
padre	361
pasar	361
propuesta	361
visto	361
líder	360
marco	360
base	359
mucha	359
ciudadanos	358
propio	358
mal	357
lleva	356
busca	355
elecciones	355
plazo	354
zonas	353
permite	352
cantidad	351
libertad	351
proyectos	351
vehículo	351
crecimiento	349
sánchez	349
causa	348
ejecutivo	348
tampoco	347
económica	346
resto	346
interés	344
mantener	343
ganar	342
acción	341
campo	341
estudio	341
poner	341
gas	339
idea	339
pese	339
estaban	338
fiscalía	338
grande	338
hacen	338
ataque	337
ex	335
gobernador	335
posibilidad	335
compromiso	334
comunicación	334
volver	334
víctima	334
cambios	333
administración	332
banco	332
hablar	331
humanos	331
cuales	329
fuentes	329
principales	329
fuego	327
grupos	327
tierra	327
china	326
cultura	326
miembros	326
dejar	325
imagen	325
dejó	324
media	324
ninguna	324
políticas	324
puedan	324
modo	323
trabajando	323
acto	322
departamento	322
metros	321
calles	320
recibió	320
mejorar	319
adelante	318
amor	318
llevar	318
video	318
colombia	316
ocho	316
ruso	315
torneo	315
añadió	314
favor	314
presente	314
saber	314
alguien	313
máximo	313
jugador	312
copa	311
impacto	311
instituto	311
jugar	311
plataforma	311
manuel	310
político	310
río	309
temas	309
territorio	308
habría	307
libre	307
mediante	307
encuentran	306
seguro	306
tarjeta	306
orden	305
somos	305
amigos	304
escuela	304
importantes	304
podrán	304
profesional	304
español	303
plaza	303
alcalde	302
palabras	302
cabe	301
s	301
demanda	300
económico	300
inversión	300
lucha	300
allá	299
propia	299
transporte	299
vuelta	299
entidad	298
gol	298
mí	298
estadounidense	297
cabeza	296
eran	296
industria	296
necesidad	296
puerto	295
asociación	294
elementos	293
existe	293
técnico	292
unión	292
especialmente	291
estadio	291
enfermedad	290
hicieron	290
armas	289
ayuntamiento	289
edición	289
pedro	289
popular	289
regional	289
mandatario	288
pruebas	288
familiares	287
realizó	287
kilómetros	286
vivienda	286
aires	285
sede	285
cara	284
explica	284
mis	284
estatal	283
ocurrió	283
judicial	282
relaciones	282
distintos	281
garcía	281
prueba	281
titular	281
éxito	281
encontrar	280
formación	280
podrá	280
tercera	280
mitad	279
muestra	279
obstante	279
queda	279
construcción	278
estudiantes	278
hija	278
secretaría	278
tecnología	278
barrio	277
manos	277
menores	277
salida	277
agentes	276
comentó	276
cruz	276
tribunal	276
logró	275
sabe	275
web	275
apenas	274
consumo	274
corte	274
turismo	274
visita	274
argentino	273
entrega	273
escenario	273
lista	273
marcha	273
recibir	273
agencia	272
producto	272
venta	272
contar	271
iba	271
secretario	271
cierto	270
importancia	270
imágenes	270
llevó	270
presentó	270
the	270
asegura	269
centros	268
entrevista	268
verdad	268
hacerlo	267
posición	267
trabajos	267
vista	267
fondo	266
iniciativa	266
mesa	266
rodríguez	266
cifra	265
llegada	265
miguel	265
pago	265
pasa	265
pasó	265
viaje	265
accidente	264
ambiente	264
américa	264
mar	264
médico	264
padres	264
funcionarios	263
sean	263
lograr	262
militar	262
superior	262
nación	261
niveles	261
unidades	261
atrás	260
clave	260
movimiento	260
partes	260
distintas	259
espacios	259
llamado	259
película	259
localidad	258
sostuvo	258
vía	258
única	258
diario	257
ocasiones	257
provincial	257
queremos	257
chile	255
quiero	255
responsabilidad	255
duda	254
instituciones	254
costa	253
m	253
manifestó	253
nuestras	253
pacientes	253
alimentos	252
cumplir	252
mantiene	252
miles	252
papel	252
pasada	252
podrían	252
ve	252
verano	252
color	251
dosis	251
juegos	251
juez	251
putin	251
quieren	251
siguiente	251
suma	251
contrato	250
ingresos	250
opción	250
pidió	250
realmente	250
lugares	249
ofrece	249
brasil	248
electoral	248
etapa	248
motivo	248
quién	248
señala	248
europea	247
siguen	247
bueno	246
detalles	246
llega	246
juntos	245
vivir	245
entrada	244
estrategia	244
género	244
sitio	244
declaraciones	243
incremento	243
pp	243
sectores	243
crear	242
internacionales	242
título	242
artista	241
pocos	241
profesionales	241
tercer	241
buscar	240
delito	240
diferencia	240
francisco	240
bastante	239
fácil	239
juicio	239
pagar	239
ruta	239
aquellos	238
comercio	238
considera	238
diez	238
intervención	238
necesita	238
periodista	238
reforma	238
cantante	237
conocido	237
esté	237
oferta	237
públicos	237
realizado	237
barcelona	236
contexto	236
contó	236
finales	236
conflicto	235
contacto	235
decidió	235
emergencia	235
tus	235
digital	234
disfrutar	234
institución	234
razón	234
voy	234
confirmó	233
periodo	233
próximos	233
noticia	232
clientes	231
jorge	231
parque	231
políticos	231
tendrán	231
denuncia	230
diálogo	230
ejército	229
ganó	229
martín	229
negocio	229
ocasión	229
penal	229
primeras	229
significa	229
dieron	228
pablo	228
puedes	228
recordó	228
encima	227
qatar	227
diputados	226
h	226
nueve	226
plata	226
premio	226
puso	226
soy	226
ayudar	225
biden	225
conseguir	225
francia	225
generar	225
natural	225
oposición	225
salió	225
amarilla	224
ambas	224
dónde	224
materia	224
reducir	224
tiempos	224
cambiar	223
común	223
guardia	223
representa	223
aire	222
estudios	222
mexicano	222
compra	221
fase	220
función	220
prisión	220
cierre	219
gonzález	219
ministra	219
obtener	219
públicas	219
tasa	219
terminó	219
áreas	219
categoría	218
demás	218
dicen	218
máxima	218
cosa	217
grados	217
curso	216
principio	216
perú	215
representantes	215
alberto	214
alemania	214
existen	214
fiesta	214
obrador	214
confianza	213
instalaciones	213
presupuesto	213
tenga	213
versión	213
cultural	212
león	212
peor	212
pequeño	212
puerta	212
televisión	212
volvió	212
empezó	211
operación	211
participar	211
positivo	211
recuperación	211
responsable	211
andrés	210
generación	210
justo	210
oficina	210
voz	210
continúa	209
declaró	209
destino	209
expertos	209
laboral	209
completo	208
delitos	208
esfuerzo	208
global	208
incluye	208
promedio	208
banda	207
debería	207
disposición	207
encontraba	207
española	207
libro	207
mismos	207
niño	207
pensar	207
tuvieron	207
debate	206
grave	206
llegado	206
próxima	206
vive	206
votos	206
antonio	205
ciudades	205
cuidado	205
escribió	205
triunfo	205
peso	204
sanciones	204
valores	204
caída	203
detenido	203
empleo	203
fundamental	203
oficiales	203
operaciones	203
pedido	203
referencia	203
sabemos	203
actor	202
isla	202
villa	202
cuarto	200
deporte	200
diferente	200
instagram	200
origen	200
presentación	200
pronto	200
sé	200
alcanzar	199
santiago	199
martínez	198
perder	198
u	198
actualidad	197
avenida	197
comunidades	197
directora	197
familiar	197
frontera	197
blanco	196
cita	196
corazón	196
cuestión	196
daños	196
deja	196
competencia	195
diseño	195
entorno	195
firma	195
lejos	195
negro	195
organizaciones	195
supuesto	195
aplicación	194
campeón	194
contenido	194
continuar	194
decisiones	194
búsqueda	193
cree	193
presidenta	193
conferencia	192
contrario	192
declaración	192
fondos	192
organismo	192
recuerda	192
vio	192
autoridad	191
comercial	191
creación	191
ejercicio	191
funcionario	191
mostró	191
planes	191
virus	191
discurso	190
nacionales	190
siglo	190
unido	190
abierto	189
artículo	189
c	189
cristina	189
cuentas	189
detrás	189
dicha	189
indica	189
legal	189
municipales	189
objetivos	189
perdió	189
recientemente	189
sexual	189
supone	189
vacunación	189
dolor	188
inició	188
recordar	188
bomberos	187
colaboración	187
compañeros	187
dejado	187
derecha	187
habla	187
noticias	187
operativo	187
recibido	187
altura	186
municipios	186
presenta	186
pérez	186
respeto	186
coronavirus	185
habitantes	185
lluvias	185
opinión	185
puedo	185
quería	185
sesión	185
toma	185
arma	184
carga	184
comprar	184
cuál	184
dios	184
diputado	184
efectos	184
goles	184
opciones	184
análisis	183
arte	183
debemos	183
efecto	183
entrar	183
garantizar	183
integrantes	183
policial	183
puestos	183
solución	183
viviendas	183
diego	182
distrito	182
domicilio	182
foto	182
fundación	182
ingreso	182
izquierda	182
llegaron	182
ocurrido	182
posteriormente	182
tengan	182
tratamiento	182
velocidad	182
décadas	181
esperar	181
madrugada	181
tienes	181
constitución	180
deportivo	180
miedo	180
minuto	180
murió	180
médicos	180
oportunidades	180
pequeños	180
audiencia	179
democracia	179
disponible	179
división	179
presidencia	179
reciente	179
acceder	178
detalló	178
entrenador	178
labor	178
presión	178
rápido	178
solamente	178
usar	178
dan	177
edificio	177
intención	177
líderes	177
tránsito	177
agenda	176
fuertes	176
principalmente	176
procesos	176
registro	176
teléfono	176
tenían	176
apertura	175
candidato	175
consecuencia	175
diversos	175
esposa	175
funciones	175
investigaciones	175
n	175
pleno	175
resolución	175
sacar	175
valencia	175
verde	175
cadena	174
castillo	174
actriz	173
blanca	173
eventos	173
portavoz	173
principios	173
rusos	173
ubicado	173
época	173
asistencia	172
costo	172
destaca	172
documento	172
empleados	172
festival	172
gusta	172
necesidades	172
peligro	172
pena	172
programas	172
síntomas	172
internet	171
mínimo	171
planta	171
podía	171
temperatura	171
aproximadamente	170
conocimiento	170
deberá	170
militares	170
teniendo	170
animales	169
artistas	169
comida	169
darle	169
deuda	169
dijeron	169
díaz	169
presentado	169
realiza	169
sala	169
alejandro	168
ataques	168
atender	168
beneficios	168
cifras	168
hará	168
palacio	168
particular	168
pie	168
presentar	168
realizará	168
reino	168
régimen	168
suficiente	168
ciudadanía	167
crimen	167
federación	167
hotel	167
par	167
precisamente	167
tomó	167
ventaja	167
clases	166
colegio	166
conductor	166
fernando	166
morena	166
ofrecer	166
pase	166
puertas	166
seguidores	166
tratar	166
amigo	165
celebración	165
estilo	165
oro	165
publicado	165
activos	164
avance	164
cine	164
diversas	164
hernández	164
podido	164
propuestas	164
regiones	164
totalmente	164
york	164
campeonato	163
cuba	163
exterior	163
física	163
impuestos	163
invasión	163
participantes	163
período	163
sistemas	163
tráfico	163
doble	162
material	162
negocios	162
carretera	161
cuentan	161
esperan	161
fe	161
habló	161
hermano	161
histórico	161
boca	160
comité	160
concluyó	160
delantero	160
directamente	160
propios	160
pueblos	160
reconocimiento	160
sufrió	160
canal	159
enorme	159
fines	159
fuente	159
infraestructura	159
jesús	159
publicó	159
pérdida	159
soluciones	159
adultos	158
corrupción	158
cuyo	158
escuelas	158
estarán	158
pantalla	158
propiedad	158
razones	158
regreso	158
rey	158
simplemente	158
situaciones	158
turno	158
cargos	157
casas	157
consecuencias	157
hogar	157
otan	157
pregunta	157
publicación	157
resulta	157
señor	157
suerte	157
completamente	156
informado	156
intereses	156
mexicana	156
migrantes	156
señalado	156
sueño	156
trabaja	156
acerca	155
anteriores	155
estadounidenses	155
humano	155
robo	155
similar	155
ucraniano	155
clase	154
coche	154
feliz	154
figura	154
llamada	154
petróleo	154
rusa	154
texto	154
alianza	153
dirigente	153
identidad	153
mercados	153
policías	153
vivo	153
aquel	152
cielo	152
david	152
estén	152
teatro	152
vacuna	152
actuación	151
beneficio	151
cáncer	151
inglés	151
javier	151
junta	151
lesiones	151
pasos	151
pedir	151
previsto	151
registró	151
tendencia	151
acusado	150
buenas	150
cuáles	150
entidades	150
esperanza	150
exteriores	150
inteligencia	150
nuevamente	150
preocupación	150
recorrido	150
rendimiento	150
responsables	150
convirtió	149
francés	149
ido	149
incendio	149
perdido	149
pide	149
radio	149
terminar	149
alerta	148
apuntó	148
carta	148
debajo	148
heridos	148
herramientas	148
mensajes	148
muestran	148
ocurre	148
p	148
terreno	148
causas	147
corto	147
cuarta	147
dando	147
derrota	147
dólar	147
enfermedades	147
hacía	147
investigadores	147
logrado	147
móvil	147
nicolás	147
rival	147
comentarios	146
distancia	146
formas	146
golpe	146
mencionó	146
reporte	146
sergio	146
tareas	146
vienen	146
abogado	145
afirma	145
entender	145
km	145
permanente	145
posibles	145
produjo	145
rueda	145
trimestre	145
alumnos	144
anunciado	144
california	144
constitucional	144
demasiado	144
niñas	144
nota	144
porcentaje	144
probable	144
página	144
reducción	144
requiere	144
vicepresidenta	144
visión	144
advirtió	143
afectados	143
calor	143
ciclo	143
clara	143
escena	143
inmediato	143
lanzamiento	143
mismas	143
médica	143
pequeña	143
recién	143
recuperar	143
torno	143
trasladado	143
usted	143
ámbito	143
ángel	143
anuncio	142
condición	142
elección	142
fotos	142
gobiernos	142
llevado	142
mejora	142
múltiples	142
naciones	142
prevención	142
prácticamente	142
registrado	142
reveló	142
suelo	142
técnica	142
abrir	141
aumentar	141
auto	141
córdoba	141
impuesto	141
necesitan	141
rica	141
ritmo	141
temperaturas	141
ventas	141
vuelve	141
acuerdos	140
aspectos	140
b	140
dudas	140
eléctrica	140
gasto	140
habitual	140
hubiera	140
invierno	140
palabra	140
periodistas	140
pone	140
refirió	140
registraron	140
récord	140
uu	140
bienes	139
década	139
estrella	139
g	139
gómez	139
hayan	139
horario	139
latina	139
líneas	139
puente	139
rápidamente	139
vacaciones	139
asamblea	138
avanzar	138
construir	138
convocatoria	138
críticas	138
cámaras	138
estructura	138
heridas	138
italia	138
maduro	138
socios	138
superar	138
viajes	138
amonestado	137
características	137
cayó	137
consideró	137
ee	137
empezar	137
genera	137
igualdad	137
memoria	137
normal	137
piel	137
rusas	137
tradicional	137
actuar	136
combustible	136
cuestiones	136
destacar	136
dominicana	136
elegir	136
hacerse	136
haga	136
afecta	135
asegurado	135
bienestar	135
buscan	135
compartir	135
conoce	135
encontró	135
estación	135
messi	135
meta	135
moscú	135
parecer	135
sangre	135
solicitud	135
suele	135
t	135
ti	135
washington	135
abierta	134
actos	134
alza	134
aspecto	134
autor	134
cerrar	134
contagios	134
explicado	134
feria	134
integral	134
inversiones	134
mandato	134
naturaleza	134
representante	134
sol	134
canción	133
comparación	133
kiev	133
larga	133
ministros	133
presentes	133
práctica	133
resolver	133
roja	133
tipos	133
términos	133
comienzo	132
convertido	132
cuerpos	132
detención	132
estás	132
lluvia	132
películas	132
presidencial	132
probablemente	132
ropa	132
usuario	132
directo	131
miembro	131
movimientos	131
pasajeros	131
permitirá	131
pudieron	131
realizaron	131
rápida	131
seguirá	131
segundos	131
trump	131
utilizar	131
azul	130
conocida	130
económicos	130
establecer	130
exposición	130
funcionamiento	130
mala	130
mantenimiento	130
modelos	130
números	130
planeta	130
pocas	130
privado	130
reconoció	130
uruguay	130
vacunas	130
vaya	130
viajar	130
aguas	129
comenzar	129
cárcel	129
futbolista	129
precisó	129
profesor	129
promoción	129
próximas	129
quedaron	129
ríos	129
senado	129
amenaza	128
asuntos	128
candidatos	128
cientos	128
clasificación	128
código	128
destacado	128
disponibles	128
documentos	128
factores	128
i	128
leyes	128
llevan	128
marcó	128
materiales	128
mental	128
motivos	128
objeto	128
productores	128
tramo	128
tren	128
altas	127
cancha	127
carreras	127
carácter	127
convertirse	127
europeo	127
graves	127
ideas	127
iglesia	127
intento	127
lanzó	127
populares	127
suministro	127
amenazas	126
avión	126
comienza	126
directa	126
ecuador	126
empresarios	126
enrique	126
escuchar	126
espectáculo	126
estuvieron	126
mamá	126
pro	126
recurso	126
subrayó	126
talento	126
ue	126
voto	126
ángeles	126
amplia	125
añade	125
decreto	125
delante	125
desarrollar	125
informaron	125
luna	125
muertes	125
respondió	125
ronda	125
rural	125
clima	124
concreto	124
detenidos	124
discusión	124
error	124
generales	124
imposible	124
independencia	124
intendente	124
intentar	124
produce	124
residentes	124
tarea	124
aeropuerto	123
aprobación	123
capaz	123
civiles	123
dará	123
deportes	123
deseo	123
fechas	123
fiscales	123
infantil	123
iniciar	123
llamó	123
posibilidades	123
visitantes	123
viven	123
abrió	122
alegría	122
anual	122
bajas	122
electricidad	122
galicia	122
hablando	122
inicial	122
musical	122
potencial	122
prevé	122
psoe	122
tendría	122
torres	122
transmisión	122
ciudadana	121
consumidores	121
duelo	121
duro	121
escolar	121
instancia	121
pasando	121
proteger	121
reina	121
reuniones	121
sola	121
tantos	121
arriba	120
bancos	120
colectivo	120
concierto	120
diferencias	120
empate	120
encontraron	120
esfuerzos	120
especiales	120
fiestas	120
historias	120
hogares	120
juárez	120
potencia	120
premios	120
querido	120
rafael	120
siquiera	120
acompañado	119
celebrar	119
complejo	119
evolución	119
incluyendo	119
independiente	119
mexicanos	119
muerto	119
ojos	119
piloto	119
reyes	119
ubicada	119
ustedes	119
actores	118
altos	118
buscando	118
caer	118
celebra	118
colonia	118
comerciales	118
decía	118
falleció	118
mostrar	118
niña	118
organizado	118
pan	118
provincias	118
quedan	118
resultó	118
ricardo	118
tamaño	118
ven	118
balón	117
cerró	117
cumbre	117
encuentros	117
facebook	117
ganado	117
gustavo	117
ii	117
instalación	117
llama	117
misión	117
muertos	117
quedado	117
alcanzó	116
aniversario	116
apunta	116
asesinato	116
asunto	116
dirigentes	116
docentes	116
expresidente	116
funciona	116
incendios	116
isabel	116
jornadas	116
ola	116
personaje	116
personales	116
respectivamente	116
rojo	116
sale	116
secretaria	116
vuelto	116
apoyar	115
cero	115
ciencia	115
drogas	115
honor	115
monto	115
plataformas	115
plena	115
riesgos	115
rosario	115
siente	115
subida	115
subir	115
trabajan	115
zaragoza	115
alcance	114
convenio	114
crédito	114
dato	114
eeuu	114
formar	114
museo	114
participaron	114
perfil	114
procedimiento	114
rol	114
rosa	114
us	114
vino	114
álvarez	114
adolescentes	113
bajos	113
chicos	113
compartió	113
complicado	113
daniel	113
dejando	113
distribución	113
establece	113
estrellas	113
igualmente	113
joe	113
llegará	113
margen	113
millón	113
oeste	113
plantas	113
realizando	113
restricciones	113
rico	113
voluntad	113
apuesta	112
asistentes	112
cuadro	112
efectivos	112
españoles	112
grado	112
hacemos	112
homicidio	112
pretende	112
señalar	112
videos	112
aprender	111
canciones	111
ciudadano	111
cumple	111
cuya	111
ejecución	111
enfrentar	111
gastos	111
https	111
ilegal	111
kirchner	111
lograron	111
saben	111
salario	111
toneladas	111
turistas	111
venezolanos	111
º	111
aficionados	110
argentinos	110
canadá	110
climático	110
colores	110
correspondiente	110
flores	110
pagos	110
privada	110
punta	110
realizan	110
resistencia	110
sentencia	110
término	110
viendo	110
acá	109
barrios	109
completa	109
consulta	109
d	109
decidido	109
esperaba	109
histórica	109
jueces	109
nació	109
provocó	109
sentir	109
sorpresa	109
venezolano	109
vuelos	109
vídeo	109
combate	108
doctor	108
económicas	108
efectivo	108
escrito	108
industrial	108
ingresar	108
innovación	108
necesaria	108
permitir	108
personajes	108
playa	108
plazas	108
pobreza	108
presunto	108
propósito	108
refuerzo	108
resaltó	108
sumó	108
vale	108
ceremonia	107
considerado	107
denuncias	107
emergencias	107
esperamos	107
ganas	107
hacienda	107
hermanos	107
movilidad	107
navarra	107
nombres	107
piso	107
preguntas	107
sumar	107
tú	107
unidas	107
universitario	107
actitud	106
agresión	106
atlético	106
bajar	106
concepto	106
cuesta	106
dejan	106
diciendo	106
gira	106
of	106
original	106
parlamento	106
sostenible	106
suman	106
virtual	106
actuaciones	105
circunstancias	105
constante	105
expectativas	105
herramienta	105
homenaje	105
incidente	105
informa	105
moreno	105
necesitamos	105
ofrecen	105
paciente	105
patrimonio	105
reconocido	105
rescate	105
seguido	105
show	105
sirve	105
sujeto	105
trayectoria	105
viento	105
cliente	104
cocina	104
comenzaron	104
conversación	104
deberán	104
dispositivo	104
estaría	104
europeos	104
expresión	104
frío	104
ideal	104
naturales	104
pelota	104
policiales	104
positivos	104
sencillo	104
soldados	104
solidaridad	104
testigos	104
transformación	104
tropas	104
vuelo	104
alcohol	103
compañero	103
denunció	103
eres	103
especialistas	103
habido	103
jalisco	103
juventud	103
municipalidad	103
tomado	103
visitar	103
ana	102
aparece	102
aseguran	102
controlar	102
defender	102
fallo	102
generó	102
informes	102
llegan	102
marcador	102
mas	102
oficinas	102
pelea	102
quizás	102
ramón	102
reserva	102
señal	102
animal	101
aprobó	101
aquellas	101
cooperación	101
correspondientes	101
di	101
entró	101
excepción	101
gabriel	101
gravedad	101
impulsar	101
irán	101
llevaron	101
llevará	101
reconoce	101
relacionados	101
salvador	101
solicitar	101
votación	101
ambiental	100
comportamiento	100
conversaciones	100
daño	100
definir	100
descanso	100
dispositivos	100
eduardo	100
entradas	100
felipe	100
fenómeno	100
guatemala	100
intentó	100
motor	100
musk	100
prevenir	100
previo	100
revisión	100
tensión	100
whatsapp	100
x	100
compañías	99
digitales	99
financiero	99
gutiérrez	99
juega	99
norma	99
onu	99
promover	99
protesta	99
requisitos	99
similares	99
afectadas	98
afectado	98
añadido	98
básicos	98
campos	98
cartera	98
científicos	98
coalición	98
cualquiera	98
dificultades	98
diputada	98
discapacidad	98
elegido	98
encontrado	98
escala	98
google	98
implica	98
obtuvo	98
primaria	98
reacción	98
recuerdo	98
vemos	98
vigente	98
acaba	97
clubes	97
clínica	97
determinar	97
dirigido	97
eléctrico	97
errores	97
identificado	97
limpieza	97
límite	97
mantuvo	97
negociación	97
petro	97
pista	97
presentaron	97
quedar	97
sucedido	97
talleres	97
tamaulipas	97
vecino	97
activa	96
apple	96
aprobado	96
aquella	96
aun	96
bolsa	96
duración	96
encontramos	96
experiencias	96
fc	96
formato	96
físico	96
hagan	96
juzgado	96
negociaciones	96
nuclear	96
rechazo	96
resultaron	96
rumbo	96
simple	96
títulos	96
ucranianos	96
únicamente	96
circulación	95
conseguido	95
coordinación	95
enfrenta	95
extremo	95
hectáreas	95
laborales	95
patria	95
pequeñas	95
perfecto	95
quedarse	95
ramírez	95
responder	95
venir	95
abogados	94
batalla	94
comunes	94
deberían	94
educativo	94
estabilidad	94
gana	94
permiten	94
piezas	94
protagonista	94
representación	94
sanitaria	94
universo	94
urbano	94
vidas	94
alimentación	93
concurso	93
cuándo	93
decenas	93
diagnóstico	93
encargado	93
energética	93
lesión	93
lleno	93
mario	93
pendiente	93
permitió	93
preparación	93
productor	93
segura	93
sufrido	93
superficie	93
índice	93
órgano	93
andalucía	92
ausencia	92
bases	92
brindar	92
cobertura	92
comisaría	92
conciencia	92
contará	92
costos	92
creado	92
diversidad	92
dr	92
especies	92
exportaciones	92
fmi	92
gabinete	92
interno	92
japón	92
límites	92
marcado	92
marcas	92
mirada	92
protestas	92
raíz	92
recibe	92
reforzar	92
regionales	92
salto	92
sebastián	92
senador	92
sesiones	92
siga	92
siguientes	92
silencio	92
ucraniana	92
asegurar	91
bloque	91
carne	91
consideran	91
crecer	91
criminal	91
cumplimiento	91
dependencia	91
deportiva	91
dueño	91
encuesta	91
fifa	91
indicado	91
mostrado	91
paro	91
perros	91
previa	91
prácticas	91
reportó	91
santo	91
seguimiento	91
tuvimos	91
analizar	90
antiguo	90
apareció	90
aragón	90
armadas	90
avances	90
colombiano	90
conexión	90
continuidad	90
don	90
extranjeros	90
financiera	90
ganador	90
gasolina	90
libros	90
mantienen	90
ninguno	90
online	90
parís	90
restos	90
siento	90
subió	90
vial	90
aclaró	89
actuales	89
afectada	89
agente	89
aliados	89
artículos	89
automóvil	89
bandera	89
celular	89
claramente	89
confirmado	89
cuánto	89
digo	89
dura	89
eléctricos	89
empieza	89
establecimiento	89
evidencia	89
fuga	89
guillermo	89
perspectiva	89
realizada	89
registros	89
seguros	89
tienda	89
vender	89
éste	89
camioneta	88
cercano	88
comenzará	88
continuación	88
creen	88
debes	88
dejaron	88
estatales	88
firme	88
fortalecer	88
hermana	88
importa	88
indicaron	88
interesante	88
interna	88
localidades	88
luchar	88
navidad	88
parecía	88
pies	88
salarios	88
sucede	88
suelen	88
sufrir	88
toque	88
vías	88
aplicar	87
café	87
campeones	87
candidatura	87
clásico	87
concentración	87
conductores	87
corresponde	87
edificios	87
elemento	87
eliminar	87
empresario	87
escenarios	87
esperando	87
extensión	87
florida	87
granada	87
incluyen	87
increíble	87
inmediata	87
moda	87
organismos	87
panamá	87
panorama	87
presentan	87
reiteró	87
residencia	87
reto	87
revista	87
roberto	87
sabía	87
sucedió	87
tasas	87
tranquilidad	87
transición	87
acabar	86
academia	86
accidentes	86
aprovechar	86
baño	86
bebé	86
completar	86
condena	86
creciendo	86
depende	86
envió	86
episodio	86
especie	86
esquina	86
fallecido	86
incluidos	86
llevaba	86
modalidad	86
negó	86
orgullo	86
quieres	86
sensación	86
sexo	86
trató	86
trámite	86
volumen	86
vox	86
árboles	86
barça	85
capitán	85
carmen	85
castro	85
compras	85
continuará	85
continúan	85
convierte	85
cubrir	85
dichos	85
fallecidos	85
finalizar	85
golpes	85
incertidumbre	85
miami	85
moneda	85
ofertas	85
polonia	85
postura	85
puesta	85
respaldo	85
revolución	85
salón	85
solicitó	85
temporal	85
veo	85
alternativa	84
archivo	84
caracas	84
categorías	84
comer	84
condado	84
descenso	84
detalle	84
especialista	84
extranjero	84
fanáticos	84
fotografía	84
humana	84
identificar	84
interesados	84
leer	84
legales	84
llena	84
marcelo	84
necesarios	84
netflix	84
normativa	84
pasión	84
portal	84
reservas	84
termina	84
abuso	83
acusaciones	83
agricultura	83
alemán	83
aviso	83
bonaerense	83
bono	83
conoció	83
consiguió	83
contenidos	83
coste	83
demostrado	83
disco	83
embajador	83
empresarial	83
etc	83
hablamos	83
harán	83
jugó	83
llamar	83
medicamentos	83
mínima	83
partida	83
piden	83
páginas	83
realización	83
recibieron	83
recientes	83
recomienda	83
renovación	83
restaurante	83
rostro	83
seres	83
señalaron	83
texas	83
variante	83
abajo	82
amplio	82
británico	82
camión	82
centrales	82
cercana	82
ciertos	82
cuidados	82
declarado	82
desafío	82
destinos	82
dije	82
femenino	82
gratuita	82
has	82
inglaterra	82
league	82
legisladores	82
libres	82
mediados	82
mediodía	82
murieron	82
novedades	82
occidente	82
participó	82
representan	82
romero	82
sacó	82
sanidad	82
santos	82
seguimos	82
sindicato	82
suprema	82
utiliza	82
utilizando	82
votar	82
agradeció	81
ahorro	81
alcaldesa	81
app	81
aseveró	81
australia	81
cambiado	81
cambió	81
champions	81
confirmaron	81
contratos	81
crítica	81
déficit	81
islas	81
jamás	81
matrimonio	81
mente	81
permita	81
prioridad	81
propias	81
pérdidas	81
remarcó	81
trabajador	81
valle	81
vicepresidente	81
vieron	81
ómicron	81
ampliar	80
autos	80
autónoma	80
caja	80
choque	80
combatir	80
conducir	80
culturales	80
debió	80
definitiva	80
descuento	80
documentación	80
entregó	80
establecimientos	80
evidente	80
fotografías	80
inclusión	80
luces	80
once	80
papá	80
pensando	80
posterior	80
responde	80
sueños	80
vas	80
versiones	80
vigilancia	80
absolutamente	79
actualización	79
acudir	79
adicional	79
afirmado	79
asumir	79
claves	79
corea	79
experto	79
firmado	79
gerente	79
institucional	79
intensidad	79
israel	79
jurado	79
medicina	79
metro	79
moto	79
necesarias	79
oficialmente	79
operativos	79
plantilla	79
recinto	79
regular	79
renuncia	79
residuos	79
sexuales	79
tiendas	79
técnicos	79
ucranianas	79
activo	78
armado	78
brasileño	78
cuartos	78
cumplen	78
darse	78
debía	78
destacan	78
emisiones	78
espacial	78
establecido	78
extra	78
facilitar	78
habrían	78
huracán	78
impulso	78
inseguridad	78
llegue	78
londres	78
mando	78
marina	78
nacido	78
reconocer	78
secundaria	78
sevilla	78
viviendo	78
advierte	77
anteriormente	77
aplicaciones	77
asistir	77
canales	77
circuito	77
disparo	77
enfatizó	77
esquema	77
estima	77
estrategias	77
fallecimiento	77
fans	77
forman	77
fundamentales	77
gama	77
guzmán	77
haberse	77
hs	77
inicia	77
inmediatamente	77
insistió	77
liderazgo	77
listo	77
lorenzo	77
mencionar	77
mostraron	77
nº	77
ordenó	77
papa	77
polémica	77
previamente	77
quinto	77
quiso	77
quizá	77
reportes	77
rutas	77
sacado	77
tono	77
tormenta	77
viejo	77
acudieron	76
alcanza	76
campañas	76
considerar	76
consumidor	76
creemos	76
delegación	76
existencia	76
factor	76
generaciones	76
gustaría	76
integración	76
invitados	76
lamentablemente	76
morales	76
normas	76
objetos	76
pasan	76
salido	76
señalan	76
sujetos	76
territorial	76
trataba	76
aceptar	75
adelantó	75
admitió	75
agrega	75
batería	75
bolivia	75
captura	75
cerebro	75
cerrado	75
consciente	75
césar	75
defensor	75
desaparición	75
entrenamiento	75
espero	75
esposo	75
excelente	75
facultad	75
feijóo	75
hicimos	75
kremlin	75
llegando	75
presencial	75
producido	75
reales	75
seguramente	75
serio	75
sostiene	75
suárez	75
temor	75
totalidad	75
tradición	75
traslado	75
tratando	75
vientos	75
adquirir	74
afuera	74
alternativas	74
aumenta	74
aumentó	74
boric	74
cataluña	74
ciencias	74
disparos	74
dispuesto	74
droga	74
evaluación	74
finanzas	74
guadalajara	74
incluido	74
indígenas	74
lula	74
mendoza	74
mensual	74
obligación	74
pasará	74
petición	74
podrás	74
raúl	74
respuestas	74
sección	74
sospechoso	74
suspensión	74
tantas	74
trabajado	74
turístico	74
volverá	74
amazon	73
bordo	73
calificó	73
caribe	73
cierta	73
desconoce	73
directiva	73
docente	73
energético	73
estaciones	73
federales	73
figuras	73
futbolistas	73
iban	73
implementación	73
impuso	73
iniciativas	73
lujo	73
manejo	73
misiles	73
muestras	73
mundiales	73
nacimiento	73
obviamente	73
penales	73
piensa	73
ponerse	73
privadas	73
pusieron	73
reglas	73
regresar	73
requieren	73
rodrigo	73
supuestamente	73
tomando	73
venezolana	73
alimentaria	72
arena	72
artes	72
balance	72
ciertas	72
contactos	72
debut	72
demandas	72
encontraban	72
espíritu	72
expuso	72
finalizó	72
firmó	72
hospitales	72
judiciales	72
labores	72
massa	72
moral	72
numerosos	72
odio	72
participan	72
permiso	72
pic	72
plantel	72
preguntó	72
pri	72
privados	72
protocolo	72
quiera	72
recordado	72
restaurantes	72
salieron	72
salvo	72
sanitario	72
semifinales	72
siguió	72
sitios	72
sorteo	72
tierras	72
toca	72
transparencia	72
trato	72
vicente	72
visitante	72
zelenski	72
árbitro	72
órdenes	72
adolescente	71
ajuste	71
aparición	71
canarias	71
celebró	71
entiende	71
estudiar	71
financiación	71
inmueble	71
james	71
llamadas	71
maestro	71
movilización	71
octavos	71
oriente	71
ponen	71
producir	71
salarial	71
sanitarios	71
señora	71
socialista	71
solar	71
sostenibilidad	71
tercero	71
tradicionales	71
técnicas	71
viral	71
visitas	71
vital	71
vivió	71
vulnerables	71
abre	70
adecuada	70
adicionales	70
aporte	70
barco	70
caminos	70
canciller	70
comunicó	70
contempla	70
cuota	70
cursos	70
dictadura	70
electorales	70
empleos	70
equilibrio	70
escribir	70
estudiante	70
fronteras	70
fui	70
jugando	70
jugará	70
laura	70
lima	70
oaxaca	70
ocupación	70
pacto	70
perro	70
pib	70
plantea	70
publicidad	70
pudiera	70
quinta	70
series	70
serían	70
territorios	70
tratado	70
urgente	70
v	70
verdadero	70
víctor	70
analistas	69
aparentemente	69
aportar	69
asociaciones	69
calendario	69
conocimientos	69
continente	69
culpa	69
cumpleaños	69
demostrar	69
demuestra	69
doce	69
eliminación	69
esencial	69
humanidad	69
humor	69
ilusión	69
madres	69
marcos	69
marido	69
móviles	69
normalidad	69
observa	69
os	69
oscar	69
paquete	69
particulares	69
pendientes	69
peña	69
pieza	69
poca	69
posiciones	69
positiva	69
preventiva	69
respetar	69
rock	69
semestre	69
supo	69
taller	69
tiktok	69
valenciana	69
afectar	68
anotó	68
aprendizaje	68
ayudas	68
certamen	68
city	68
consiste	68
criptomonedas	68
decidir	68
defendido	68
difíciles	68
dispone	68
educativa	68
electrónico	68
estadísticas	68
financieros	68
guanajuato	68
guía	68
hugo	68
individual	68
inscripción	68
lectura	68
misiones	68
negativa	68
núñez	68
observar	68
paseo	68
perfecta	68
presentará	68
referente	68
refleja	68
reformas	68
retiro	68
river	68
variedad	68
verse	68
absoluta	67
adecuado	67
antecedentes	67
autorización	67
camiseta	67
capacitación	67
carolina	67
celebrará	67
chica	67
chino	67
comerciantes	67
competición	67
conocidos	67
cumplido	67
descubrir	67
eficiencia	67
enviar	67
f	67
frase	67
garantía	67
hallazgo	67
influencia	67
izquierdo	67
l	67
leche	67
liberación	67
mantenido	67
marruecos	67
mecanismo	67
pc	67
perdieron	67
portugal	67
protagonistas	67
puebla	67
r	67
relató	67
salas	67
solicitado	67
soporte	67
tabla	67
tecnologías	67
test	67
triste	67
urgencia	67
verdes	67
violación	67
acompañamiento	66
alcaldía	66
alcanzado	66
amlo	66
aventura	66
aérea	66
capacidades	66
confirmar	66
contaminación	66
coordinador	66
decidieron	66
dependiendo	66
estable	66
explican	66
extrema	66
foro	66
ganancias	66
guerrero	66
ine	66
jardín	66
jiménez	66
lee	66
lengua	66
llevando	66
logra	66
migración	66
ofreció	66
posesión	66
propone	66
quieran	66
rechazó	66
refugiados	66
renta	66
reparación	66
terminaron	66
tiro	66
tiroteo	66
tragedia	66
tv	66
ubica	66
venido	66
vi	66
abiertas	65
acusación	65
afrontar	65
artificial	65
autores	65
belleza	65
cama	65
capítulo	65
científica	65
coches	65
correcto	65
corresponden	65
creer	65
cruce	65
delincuentes	65
desempeño	65
detalla	65
distinto	65
elenco	65
estrés	65
exactamente	65
expansión	65
famoso	65
firmar	65
frecuencia	65
generando	65
hinchas	65
infancia	65
infección	65
intenta	65
intercambio	65
investigar	65
mira	65
periódico	65
personalidad	65
profundo	65
recalcó	65
rehabilitación	65
relacionadas	65
relacionado	65
reunió	65
salvar	65
señales	65
tanta	65
torre	65
usa	65
voces	65
aceite	64
afición	64
alonso	64
anuales	64
aprovechó	64
bogotá	64
bonos	64
breve	64
castilla	64
condenado	64
conjunta	64
contamos	64
correo	64
cortes	64
democrática	64
espalda	64
espectacular	64
específicamente	64
garantías	64
gobernación	64
gusto	64
hablado	64
ida	64
invertir	64
john	64
jugada	64
kilos	64
lionel	64
manifestado	64
mauricio	64
nadal	64
narcotráfico	64
negativo	64
ocupa	64
oms	64
piedra	64
plano	64
presidentes	64
proveedores	64
quede	64
realizadas	64
recibiendo	64
revisar	64
rojas	64
secreto	64
suceso	64
tendrás	64
trabajó	64
veracruz	64
vuelva	64
alma	63
alquiler	63
cien	63
circular	63
citado	63
combustibles	63
comisiones	63
compuesto	63
conforme	63
consultas	63
contado	63
convivencia	63
correr	63
despacho	63
diarios	63
dirigida	63
dormir	63
emocional	63
enfoque	63
exige	63
habilidades	63
inferior	63
jugado	63
materias	63
parejas	63
plato	63
preparado	63
programación	63
regalo	63
regresó	63
ruiz	63
suficientes	63
superó	63
techo	63
utilizan	63
alguno	62
anuncios	62
aparte	62
audio	62
autonomía	62
bajó	62
basura	62
cariño	62
carreteras	62
chico	62
comprender	62
comuna	62
destinado	62
disminución	62
documental	62
especializada	62
evita	62
francesa	62
honduras	62
héctor	62
ingeniería	62
legislativo	62
menudo	62
mercedes	62
merece	62
pasaron	62
pobres	62
posee	62
presunta	62
progreso	62
rivales	62
rivera	62
ruptura	62
sanción	62
selecciones	62
signos	62
subrayado	62
superado	62
superiores	62
tarifas	62
tendremos	62
terminal	62
tranquilo	62
tucumán	62
voluntarios	62
youtube	62
aborto	61
acabó	61
afp	61
ambulancia	61
arquero	61
cambia	61
comenta	61
competencias	61
conciertos	61
contiene	61
continuó	61
controles	61
creció	61
cumplió	61
democrático	61
dirige	61
elevado	61
emoción	61
entregar	61
enviado	61
escasez	61
garantiza	61
generado	61
gestionar	61
habitación	61
herido	61
históricos	61
incidencia	61
india	61
indican	61
integrante	61
italiano	61
jueza	61
levantar	61
leyenda	61
litros	61
llamas	61
mejoras	61
mencionado	61
numerosas	61
participado	61
permitido	61
quedará	61
recoge	61
referentes	61
refiere	61
saldo	61
solicitudes	61
tarjetas	61
tecnológico	61
tengamos	61
tribunales	61
tuve	61
vargas	61
ventajas	61
viajeros	61
viva	61
vínculo	61
armada	60
bebidas	60
casado	60
competir	60
comunicaciones	60
conocen	60
corriente	60
corta	60
créditos	60
dada	60
dedicado	60
desarrolló	60
embajada	60
escritor	60
evaluar	60
famosa	60
foco	60
funcionaria	60
futbol	60
homicidios	60
horarios	60
importaciones	60
incorporación	60
infraestructuras	60
iniciado	60
iphone	60
irse	60
lamentó	60
manifestantes	60
marcar	60
mensuales	60
málaga	60
ofensiva	60
parcial	60
pensiones	60
península	60
pilar	60
presentada	60
presuntamente	60
probabilidad	60
profundidad	60
propietario	60
siguiendo	60
sitúa	60
software	60
supera	60
terminado	60
tratamientos	60
abordar	59
anuncia	59
avanzado	59
bar	59
carbono	59
cercanos	59
concejal	59
contento	59
criterios	59
desafíos	59
detener	59
equipamiento	59
explicar	59
franco	59
fraude	59
gratis	59
hijas	59
integridad	59
irá	59
jujuy	59
madera	59
mantenerse	59
matías	59
medina	59
máquina	59
nacionalidad	59
novia	59
palma	59
particularmente	59
pidieron	59
previos	59
provocado	59
puntualizó	59
recomendaciones	59
registrados	59
sabes	59
seleccionado	59
sequía	59
socio	59
sonido	59
suba	59
victorias	59
villarreal	59
visitó	59
acudió	58
adquisición	58
alfredo	58
antigua	58
aumentado	58
ayudará	58
charla	58
compromisos	58
contratación	58
creciente	58
células	58
defendió	58
denunciar	58
detuvo	58
disparó	58
dominicano	58
emitió	58
enlace	58
episodios	58
fórmula	58
gala	58
herrera	58
iván	58
jefes	58
macri	58
masculino	58
maíz	58
organizar	58
parecen	58
paul	58
platos	58
playas	58
podían	58
prepara	58
reciben	58
reclamo	58
reglamento	58
relato	58
rurales	58
sabor	58
sexta	58
sienten	58
signo	58
sumado	58
tecnológica	58
terapia	58
united	58
utilizado	58
vencer	58
venció	58
vivido	58
abandonar	57
aparecen	57
capaces	57
causó	57
celebrado	57
chicas	57
conflictos	57
consejero	57
consenso	57
correcta	57
costado	57
cuidar	57
denunciado	57
desaparecido	57
detectar	57
dificultad	57
dominio	57
ejercicios	57
embarazo	57
encuestas	57
exclusiva	57
explotación	57
fabricación	57
factura	57
financiamiento	57
formal	57
generalmente	57
generan	57
hoteles	57
importar	57
incidentes	57
j	57
legislador	57
legislatura	57
lenguaje	57
mantendrá	57
mesas	57
multa	57
nicaragua	57
novela	57
nublado	57
obligatorio	57
ojalá	57
oral	57
ourense	57
permitan	57
pertenece	57
podamos	57
preocupa	57
preparar	57
prometió	57
responsabilidades	57
revela	57
roma	57
silva	57
sueldo	57
sufre	57
temprano	57
vayan	57
viruela	57
vladimir	57
vázquez	57
álbum	57
acusó	56
amiga	56
brinda	56
básica	56
camiones	56
candidata	56
causar	56
colombianos	56
concepción	56
conservación	56
creó	56
criminales	56
definición	56
desarrollado	56
descubierto	56
deterioro	56
emociones	56
enfrentamiento	56
entregado	56
escucha	56
expediente	56
explosión	56
felicidad	56
flujo	56
fueran	56
ingresó	56
instrucción	56
insumos	56
lanzado	56
malos	56
máximos	56
método	56
new	56
organizada	56
patricia	56
pintura	56
pondrá	56
poniendo	56
presuntos	56
probar	56
querer	56
reclamos	56
recorrer	56
sanitarias	56
supremo	56
tales	56
tour	56
trámites	56
urbana	56
urgencias	56
usando	56
volante	56
www	56
ª	56
abusos	55
acercarse	55
agustín	55
amistad	55
android	55
cadenas	55
caro	55
cirugía	55
compartido	55
concluir	55
conmigo	55
consejos	55
convertir	55
cumpliendo	55
cuyos	55
declarar	55
dignidad	55
dispuso	55
emisión	55
empezaron	55
estreno	55
exportación	55
expresado	55
fama	55
femenina	55
financieras	55
gestiones	55
gigante	55
gobernadores	55
incluir	55
inundaciones	55
lanzar	55
maestros	55
ortega	55
perdiendo	55
persecución	55
pico	55
prevista	55
procedimientos	55
profesores	55
pronóstico	55
realizarán	55
reducido	55
reportaron	55
tarifa	55
triple	55
venía	55
verdadera	55
vestido	55
vigor	55
ampliación	54
arquitectura	54
asesinado	54
aumentos	54
barrera	54
basado	54
bienvenida	54
bloqueo	54
bolsonaro	54
básico	54
cantidades	54
chávez	54
colegas	54
comenzado	54
cometido	54
comparte	54
concluye	54
conducción	54
conscientes	54
consultar	54
crece	54
cuadrados	54
deportivos	54
dirigió	54
disputa	54
efectiva	54
escolares	54
exceso	54
explicación	54
extraordinaria	54
gratuito	54
hago	54
implementar	54
incluida	54
iniciaron	54
inicios	54
jefa	54
llevarse	54
magnitud	54
manchester	54
mariano	54
mirar	54
muñoz	54
oficialismo	54
paredes	54
parlamentario	54
parques	54
peores	54
planteó	54
polvo	54
presupuestos	54
propietarios	54
propuesto	54
públicamente	54
racha	54
relevante	54
retos	54
saludable	54
satisfacción	54
seguirán	54
teléfonos	54
tenis	54
trenes	54
une	54
vuelven	54
útil	54
acompañar	53
agrupación	53
aprobar	53
arabia	53
asalto	53
asesor	53
asumió	53
atentado	53
avanza	53
boletín	53
botón	53
cadáver	53
caminar	53
censo	53
clausura	53
comprobar	53
comprometido	53
consigue	53
contundente	53
convención	53
coordinadora	53
costes	53
criticó	53
cuello	53
cuestionó	53
custodia	53
defiende	53
departamentos	53
deportivas	53
desarrolla	53
disminuir	53
edil	53
entretenimiento	53
envío	53
escalada	53
fácilmente	53
giro	53
herida	53
huelga	53
ignacio	53
inauguración	53
informar	53
ingresa	53
intenciones	53
involucrados	53
laboratorio	53
lateral	53
llamados	53
lógica	53
mecanismos	53
mezcla	53
monte	53
morir	53
musicales	53
músico	53
operar	53
regulación	53
remate	53
romper	53
sentenció	53
situado	53
smith	53
sorprendió	53
teníamos	53
terror	53
transacciones	53
transferencia	53
turísticos	53
videojuegos	53
violento	53
xunta	53
áfrica	53
abiertos	52
aclarar	52
agregado	52
agricultores	52
amparo	52
anunciar	52
ascenso	52
asia	52
aulas	52
avanzando	52
ayuso	52
bolsas	52
chihuahua	52
colectivos	52
confesó	52
considerando	52
crímenes	52
crítico	52
definitivamente	52
difusión	52
directivos	52
dé	52
educativos	52
elaborado	52
eléctricas	52
empleado	52
enseñanza	52
frutas	52
funcionar	52
gastronomía	52
generalitat	52
hacían	52
identificación	52
iii	52
impunidad	52
individuales	52
juvenil	52
lara	52
malo	52
negra	52
obtenido	52
occidentales	52
parecido	52
peligroso	52
pelo	52
planificación	52
precipitaciones	52
predio	52
producciones	52
pulgadas	52
reconocida	52
riqueza	52
rumores	52
seguiremos	52
tendencias	52
universitaria	52
usan	52
vacío	52
vídeos	52
ésta	52
éxitos	52
acoso	51
activista	51
anunciaron	51
aplica	51
bala	51
bolívar	51
británica	51
católica	51
cena	51
colegios	51
constituye	51
cubano	51
daba	51
dejará	51
directores	51
dirigidos	51
encargada	51
enfrentamientos	51
enfrentará	51
etapas	51
fomentar	51
futuros	51
gerardo	51
gobernadora	51
gris	51
hablan	51
inteligente	51
intentando	51
inversores	51
invita	51
latinoamérica	51
masa	51
nube	51
otoño	51
pensamiento	51
pidiendo	51
pienso	51
preparados	51
presentaba	51
press	51
provinciales	51
recaudación	51
recesión	51
recibirán	51
republicanos	51
samsung	51
sentimientos	51
siniestro	51
sumaron	51
testigo	51
tormentas	51
universal	51
usado	51
vialidad	51
acompañada	50
almacenamiento	50
américas	50
arco	50
brecha	50
cabello	50
caras	50
certificado	50
claras	50
colombiana	50
comercios	50
conclusión	50
concretamente	50
consecutivo	50
costas	50
cuotas	50
data	50
desarrollando	50
destrucción	50
edades	50
escándalo	50
especializado	50
esperado	50
faltan	50
finalidad	50
gimnasio	50
ingeniero	50
intenso	50
investigador	50
johnson	50
jurídica	50
lesionados	50
licencia	50
malas	50
manifestaciones	50
marta	50
muchísimo	50
nasa	50
necesitas	50
pierde	50
potable	50
precisa	50
primavera	50
producen	50
préstamos	50
queridos	50
ramos	50
reemplazado	50
registra	50
retorno	50
salta	50
separación	50
sube	50
subsecretario	50
telefónica	50
trae	50
turística	50
universidades	50
vigencia	50
órganos	50
acumula	49
adaptación	49
afectan	49
agencias	49
amarillo	49
ansiedad	49
argumentó	49
arranque	49
aves	49
basada	49
basta	49
beneficiarios	49
cartel	49
caído	49
chicago	49
claudia	49
colón	49
comentado	49
complicaciones	49
concejo	49
conectar	49
continuarán	49
contribuir	49
deje	49
desfile	49
directos	49
donald	49
enfrentarse	49
entra	49
federico	49
filas	49
firmas	49
frenar	49
fruto	49
ganadores	49
gloria	49
hidalgo	49
hincapié	49
imputado	49
individuos	49
infecciones	49
inmediaciones	49
interanual	49
invitado	49
joaquín	49
largas	49
listas	49
médicas	49
nieve	49
noches	49
obligado	49
ocurrieron	49
onda	49
palo	49
parar	49
parcialmente	49
pensado	49
piscina	49
porteño	49
propiedades	49
provocar	49
publicada	49
recibirá	49
recuerdos	49
recurrir	49
renovables	49
solucionar	49
sub	49
titulares	49
top	49
trigo	49
valència	49
variación	49
vega	49
veinte	49
visibilidad	49
volvieron	49
acumulado	48
aguilar	48
alcaldes	48
apuntado	48
apuntan	48
aragonés	48
asociados	48
aviones	48
bajada	48
bancada	48
brazos	48
cerrada	48
citas	48
colocar	48
compartida	48
componente	48
corrientes	48
culpable	48
detección	48
diaria	48
diga	48
disney	48
dispuestos	48
disputar	48
dolores	48
dueños	48
educativas	48
efe	48
elevada	48
energías	48
estableció	48
estratégico	48
famosos	48
fundador	48
goleador	48
habituales	48
humo	48
industriales	48
inicialmente	48
jaime	48
jurisdicción	48
leonardo	48
literatura	48
litro	48
metas	48
monetaria	48
monterrey	48
motores	48
multas	48
negociar	48
opiniones	48
ortiz	48
presentarse	48
protocolos	48
psg	48
realice	48
registran	48
ruido	48
siglas	48
soberanía	48
suicidio	48
suyo	48
taiwán	48
tomaron	48
tomás	48
ubicación	48
virgen	48
votantes	48
abinader	47
absoluto	47
agradecido	47
aislamiento	47
ambientales	47
aseguraron	47
atacar	47
aumentaron	47
cercanas	47
cocaína	47
colectiva	47
cruzar	47
cumpla	47
dieta	47
electrónicos	47
equivalente	47
españolas	47
estadística	47
estructuras	47
exclusivamente	47
extraordinario	47
falla	47
falsas	47
fortalecimiento	47
ganando	47
humanitaria	47
importe	47
incrementar	47
insiste	47
inspección	47
justa	47
letra	47
leves	47
logro	47
manejar	47
matar	47
michael	47
novedad	47
olvidar	47
pelear	47
pilotos	47
precedentes	47
preguntado	47
prestaciones	47
primas	47
problemática	47
provoca	47
recuperado	47
salen	47
temporadas	47
tocó	47
uruguayo	47
williams	47
acusados	46
adentro	46
afirman	46
agresor	46
agrícola	46
alertó	46
aporta	46
argumento	46
asistió	46
bandas	46
brazo	46
brote	46
caliente	46
catalán	46
catálogo	46
científico	46
colaboradores	46
comparten	46
conducta	46
confirma	46
constantes	46
contando	46
corona	46
crea	46
delegado	46
delgado	46
deportistas	46
descubrió	46
detuvieron	46
discriminación	46
disputará	46
editorial	46
efectivamente	46
eficiente	46
escuchado	46
esencia	46
espectadores	46
euro	46
exigir	46
expresaron	46
falso	46
fábrica	46
habana	46
habitaciones	46
iglesias	46
instrumento	46
integrado	46
invitó	46
laguna	46
legado	46
mbappé	46
medalla	46
metropolitana	46
michoacán	46
modificación	46
mínimos	46
nieto	46
panel	46
pareció	46
patio	46
periodismo	46
placa	46
placas	46
plástico	46
poderes	46
presentaciones	46
productivo	46
profunda	46
proporcionar	46
racing	46
regla	46
rioja	46
sierra	46
sirvió	46
sospechosos	46
sostener	46
sufrieron	46
supuesta	46
tejido	46
teoría	46
vera	46
veía	46
vivimos	46
windows	46
alarma	45
apartado	45
aprobada	45
arrancó	45
atractivo	45
billetes	45
cerrados	45
chileno	45
colorado	45
consistorio	45
contener	45
crecido	45
den	45
detectaron	45
detenida	45
determinó	45
dinámica	45
eje	45
ejecutar	45
elon	45
encanta	45
enfrentan	45
exitosa	45
felices	45
hecha	45
imponer	45
incorporar	45
independientemente	45
ingredientes	45
intensa	45
intérprete	45
italiana	45
kilómetro	45
legislación	45
martin	45
mascotas	45
mono	45
normalmente	45
obligaciones	45
parado	45
plazos	45
programado	45
prohibición	45
publicar	45
radical	45
reflexión	45
relativamente	45
santander	45
secuestro	45
senadores	45
sociedades	45
sorpresas	45
subido	45
ten	45
tigres	45
traer	45
triunfos	45
valoración	45
veremos	45
vocero	45
aceptó	44
adopción	44
alex	44
aliado	44
alicante	44
analista	44
aparecer	44
apoya	44
argumentos	44
arresto	44
atraviesa	44
bbc	44
bicicleta	44
calificado	44
carnaval	44
combates	44
comicios	44
confirmados	44
consta	44
cotización	44
cristiano	44
criticado	44
cubana	44
despliegue	44
destinados	44
deudas	44
divisas	44
djokovic	44
dulce	44
ente	44
esenciales	44
estancia	44
extinción	44
fijo	44
ganadora	44
habíamos	44
hoja	44
huella	44
hábitos	44
idioma	44
iluminación	44
informaciones	44
instancias	44
intentos	44
internas	44
investiga	44
jubilados	44
led	44
lesionado	44
letras	44
ligas	44
llevamos	44
magallanes	44
mallorca	44
manifestación	44
manteniendo	44
marketing	44
mascarilla	44
max	44
mostrando	44
márquez	44
métodos	44
nucleares	44
ocio	44
olímpicos	44
orientación	44
otorga	44
permanece	44
piensan	44
presos	44
prioridades	44
procedentes	44
profesión	44
publicaciones	44
pymes	44
referido	44
registrada	44
relevantes	44
repetir	44
reportado	44
saliendo	44
servir	44
subsidios	44
séptimo	44
tengas	44
terrenos	44
toman	44
trans	44
trastorno	44
tributaria	44
utilizó	44
variantes	44
vende	44
viajó	44
vistas	44
vivía	44
acontecimientos	43
agradecimiento	43
alemana	43
alfonso	43
am	43
ancho	43
autónomas	43
av	43
banderas	43
berlín	43
camas	43
causado	43
cayeron	43
ceo	43
cerro	43
colaborar	43
colección	43
columna	43
comidas	43
componentes	43
constantemente	43
contaba	43
continua	43
criterio	43
cultivos	43
depp	43
describió	43
dirigir	43
disciplina	43
doctora	43
domínguez	43
ejemplos	43
elaboración	43
escapar	43
esteban	43
estándares	43
examen	43
expectativa	43
forense	43
fortuna	43
fría	43
hambre	43
hice	43
intervenciones	43
invitación	43
lago	43
legislativa	43
logros	43
macron	43
maniobras	43
mapa	43
mascarillas	43
murcia	43
muro	43
máquinas	43
naranja	43
omar	43
orquesta	43
parada	43
paraguay	43
paralelo	43
paraná	43
patrulla	43
pcr	43
penas	43
pensé	43
podríamos	43
post	43
presiones	43
previsión	43
propuso	43
provocando	43
proyección	43
príncipe	43
querían	43
recomendable	43
renovar	43
reparto	43
representar	43
republicano	43
retirada	43
reúne	43
sexto	43
significativo	43
sindicatos	43
sputnik	43
street	43
tocar	43
vecinas	43
verá	43
vs	43
vélez	43
académica	42
acompaña	42
apoyos	42
aprovechando	42
armados	42
arsenal	42
artística	42
ayudó	42
bruselas	42
buscará	42
catar	42
cobrar	42
comentario	42
comienzan	42
composición	42
correa	42
costó	42
decide	42
delincuencia	42
determinado	42
diligencias	42
diseñado	42
ejercer	42
emilio	42
empiezan	42
enemigo	42
entrenar	42
estarían	42
existir	42
fabricantes	42
facturación	42
fallas	42
favorable	42
favorito	42
fed	42
ferrari	42
fuese	42
funcionan	42
fusión	42
gesto	42
grabación	42
indicadores	42
intentado	42
interesa	42
justamente	42
k	42
lados	42
licitación	42
liverpool	42
luchando	42
marihuana	42
marvel	42
millonario	42
montaña	42
monumental	42
monumento	42
motocicleta	42
nave	42
obliga	42
paciencia	42
participa	42
participarán	42
pasadas	42
peronismo	42
potente	42
preparando	42
promesa	42
préstamo	42
pudimos	42
quiénes	42
relacionada	42
relevancia	42
retirar	42
sandra	42
sencilla	42
sentirse	42
set	42
sonora	42
soto	42
subidas	42
suiza	42
supermercados	42
surgió	42
terceros	42
tratan	42
vea	42
venimos	42
xxi	42
álvaro	42
abogada	41
adquisitivo	41
afectó	41
ahorrar	41
anoche	41
arenas	41
asesino	41
atacado	41
atendido	41
autónomos	41
avanzada	41
ayudan	41
barra	41
basa	41
black	41
borde	41
bosque	41
brindó	41
buscaba	41
básicamente	41
calma	41
cancelación	41
cartas	41
celulares	41
certeza	41
cinta	41
climática	41
combinación	41
combinado	41
complicada	41
comunitario	41
corporación	41
cristo	41
crudo	41
cárdenas	41
cómodo	41
desaparecidos	41
determinación	41
durango	41
elena	41
emitido	41
emprendimiento	41
encuestados	41
europeas	41
existentes	41
facilita	41
gb	41
globales	41
gobernar	41
guadalupe	41
hacerle	41
hiciera	41
héroes	41
ilegales	41
incluyó	41
inmigrantes	41
interpretación	41
leve	41
libras	41
limpiar	41
lleve	41
metió	41
occidental	41
ocupar	41
ofrecerá	41
paga	41
pantallas	41
paramédicos	41
park	41
pasaba	41
pasaje	41
paulo	41
permanecen	41
permanecer	41
perón	41
piedras	41
podio	41
podremos	41
potenciar	41
presidenciales	41
pretemporada	41
productiva	41
promesas	41
quejas	41
realizarse	41
refugio	41
reunirse	41
sentí	41
sigan	41
socialistas	41
sonrisa	41
sufriendo	41
sumamente	41
súper	41
testimonio	41
tiros	41
transcurso	41
transportes	41
trasladados	41
trasladaron	41
utilización	41
vehicular	41
vieja	41
visible	41
árbol	41
acabado	40
académico	40
acercó	40
acordado	40
alejandra	40
apoyando	40
apuestas	40
autobús	40
azúcar	40
aéreo	40
belgrano	40
biblioteca	40
botella	40
campeona	40
canasta	40
caracteriza	40
cercanía	40
chilenos	40
coinciden	40
compleja	40
conclusiones	40
conduce	40
contentos	40
corredores	40
cuento	40
demostró	40
denominado	40
descuentos	40
diarias	40
discutir	40
distinta	40
economista	40
eficacia	40
ejecutiva	40
enormes	40
entrado	40
estando	40
estándar	40
explicaciones	40
explicaron	40
expresa	40
expresiones	40
financiar	40
fomento	40
hermanas	40
huesca	40
indicador	40
individuo	40
integran	40
juntas	40
jurídico	40
lamentable	40
libertadores	40
llegamos	40
locura	40
malvinas	40
maneras	40
maquinaria	40
miranda	40
ocurrir	40
otorgó	40
pagan	40
pesca	40
pierna	40
posiblemente	40
preciso	40
premier	40
presenciales	40
prima	40
raíces	40
rebotes	40
regalos	40
rentabilidad	40
robles	40
robos	40
rutina	40
salazar	40
sensaciones	40
sorprende	40
sostenido	40
subieron	40
super	40
sustancia	40
temprana	40
tensiones	40
tope	40
trabajamos	40
transportistas	40
trayecto	40
verduras	40
vergüenza	40
w	40
wwe	40
ánimo	40
únicos	40
abuelo	39
aerolíneas	39
afortunadamente	39
alvarado	39
amo	39
aquello	39
armamento	39
armando	39
asciende	39
automóviles	39
bahía	39
baños	39
bonito	39
calderón	39
caos	39
carpeta	39
centrado	39
chef	39
comedia	39
cometer	39
comodidad	39
compradores	39
concluido	39
conservadores	39
construido	39
consultado	39
convocado	39
coronel	39
correctamente	39
cubanos	39
círculo	39
dejen	39
desigualdad	39
disponibilidad	39
duras	39
empresariales	39
entregaron	39
escaños	39
específico	39
esperada	39
exigen	39
experimentado	39
félix	39
gastar	39
gimnasia	39
gonzalo	39
gritos	39
haría	39
ia	39
implicados	39
industrias	39
infantiles	39
internos	39
lanza	39
lleguen	39
maltrato	39
mantenga	39
masiva	39
medianoche	39
menciona	39
moderno	39
modos	39
montero	39
mover	39
navarro	39
necesitaba	39
niega	39
noroeste	39
ocurridos	39
olímpico	39
operadores	39
originales	39
percepción	39
perfectamente	39
planteado	39
portero	39
profesora	39
publica	39
rango	39
realizados	39
reclama	39
recoger	39
rector	39
requisito	39
risas	39
roca	39
rubén	39
significativa	39
sindical	39
suministros	39
tenerife	39
tercio	39
traje	39
tratarse	39
ubicó	39
unanimidad	39
valenciano	39
valioso	39
vecina	39
vimos	39
violaciones	39
zacatecas	39
óscar	39
abuela	38
acercamiento	38
acordó	38
adaptarse	38
agresiones	38
alivio	38
andar	38
andrea	38
ap	38
arrestado	38
arroz	38
arturo	38
asesinatos	38
atlántico	38
atraer	38
añadir	38
ba	38
baile	38
baleares	38
banca	38
bloques	38
boletos	38
bomba	38
caballos	38
comandante	38
comando	38
comarca	38
conforman	38
construyendo	38
creatividad	38
cuántos	38
damos	38
deber	38
depresión	38
depósito	38
desean	38
desempleo	38
dichas	38
drones	38
dt	38
escrita	38
estatus	38
estimó	38
estratégica	38
excepcional	38
extraño	38
formado	38
fracaso	38
gallardo	38
gallego	38
haces	38
históricamente	38
hubiese	38
huir	38
integra	38
investigado	38
investigando	38
irregularidades	38
kirchnerismo	38
logrando	38
maniobra	38
masivo	38
microsoft	38
millas	38
mirando	38
montaje	38
montón	38
nace	38
opera	38
optar	38
pacífico	38
papeles	38
paradero	38
parlamentarios	38
perspectivas	38
peruano	38
peticiones	38
poblaciones	38
polaco	38
ponga	38
precisión	38
privacidad	38
quito	38
rd	38
reacciones	38
rechazado	38
rentas	38
reporta	38
ricos	38
rodolfo	38
seguía	38
sello	38
sentimos	38
shakira	38
supermercado	38
suspendido	38
termine	38
tijuana	38
trabajadora	38
transformar	38
transmitir	38
trasladar	38
turquía	38
usd	38
virtuales	38
visual	38
volverán	38
xi	38
abandonó	37
abrazo	37
afectando	37
afiliados	37
alianzas	37
alimento	37
almería	37
americana	37
ampliamente	37
analiza	37
anticipó	37
argentinas	37
as	37
asociado	37
auxilio	37
baterías	37
bravo	37
carabineros	37
carril	37
christian	37
comercialización	37
completó	37
comunitat	37
conceptos	37
contratar	37
convencido	37
conviene	37
críticos	37
cultivo	37
debían	37
dedicada	37
define	37
definitivo	37
dependencias	37
deportista	37
descarta	37
designación	37
destacados	37
destinada	37
detallado	37
dimensiones	37
disparado	37
dni	37
donaciones	37
echar	37
ecosistema	37
electo	37
electrónica	37
elevar	37
entendimiento	37
entero	37
entiendo	37
estimado	37
eventual	37
exclusivo	37
expresar	37
expuesto	37
extremadamente	37
finlandia	37
fuimos	37
físicamente	37
govern	37
grand	37
grito	37
gustos	37
hablaba	37
hollywood	37
impactos	37
imprescindible	37
impresionante	37
independientes	37
ingresado	37
intersección	37
lazos	37
leo	37
listado	37
masacre	37
mentira	37
mueve	37
músicos	37
neymar	37
notas	37
nómina	37
open	37
opositor	37
pagando	37
pensaba	37
perdón	37
permisos	37
posteriores	37
prd	37
preliminar	37
preocupante	37
preservar	37
prestar	37
privilegio	37
protege	37
publicados	37
quedando	37
quintana	37
reactivación	37
recomendó	37
redujo	37
reparar	37
respecta	37
retomar	37
saudita	37
segmento	37
sentimental	37
sospecha	37
subraya	37
suceder	37
surge	37
tesla	37
tomada	37
tramitación	37
tristeza	37
valorar	37
verificar	37
vocación	37
xx	37
índices	37
abastecimiento	36
acelerar	36
acorde	36
acusa	36
adiós	36
advertencia	36
alcanzaron	36
alcaraz	36
alumno	36
arce	36
asistieron	36
aspirantes	36
atletas	36
baloncesto	36
boston	36
cable	36
cantar	36
casco	36
celebraciones	36
claridad	36
cobro	36
concretar	36
configuración	36
congresista	36
contigo	36
crónica	36
césped	36
danza	36
delegada	36
demócratas	36
denominada	36
derrotas	36
desarrollará	36
descubrimiento	36
desea	36
diabetes	36
difundido	36
diplomática	36
diplomático	36
diputación	36
dirigencia	36
diseños	36
disputado	36
donetsk	36
duró	36
ejes	36
elaborar	36
emitir	36
emmanuel	36
emprendedores	36
encuentre	36
espectáculos	36
estructurales	36
eva	36
exámenes	36
falsa	36
ficción	36
formó	36
fox	36
franquicia	36
futuras	36
gremio	36
hermoso	36
huevos	36
identificados	36
incluidas	36
incrementado	36
indicios	36
iniciará	36
inminente	36
inmuebles	36
instalar	36
irregular	36
largos	36
lavado	36
levantamiento	36
lidera	36
llegaba	36
logística	36
lotería	36
lucas	36
lucía	36
lágrimas	36
maestra	36
mariúpol	36
matemáticas	36
mentiras	36
mina	36
minería	36
mm	36
moción	36
modificar	36
monreal	36
mínimas	36
noreste	36
notable	36
obligó	36
observatorio	36
observó	36
oficio	36
ojo	36
pecho	36
permanecerá	36
piqué	36
pistas	36
pm	36
pop	36
prendas	36
previas	36
prohibido	36
proporciona	36
próximamente	36
pudieran	36
puertos	36
quedaba	36
quince	36
ranking	36
receta	36
reconocidos	36
registradas	36
registrar	36
reloj	36
restantes	36
retirado	36
roto	36
sentado	36
silla	36
situada	36
soledad	36
solicitaron	36
solitario	36
suecia	36
sugiere	36
supuestos	36
taxi	36
tecnológicas	36
tenista	36
terrible	36
textos	36
trabajadoras	36
ventana	36
vínculos	36
abrirá	35
adulto	35
advertido	35
agradable	35
agradezco	35
aguascalientes	35
ahorros	35
altamente	35
aportes	35
archivos	35
asegurando	35
aumentando	35
bajado	35
balazos	35
boda	35
brutal	35
buscamos	35
center	35
certificación	35
cese	35
charlas	35
chelsea	35
coahuila	35
colonias	35
compensación	35
concesión	35
conectividad	35
conocemos	35
consideración	35
consiguieron	35
consumir	35
contagio	35
convocó	35
corporal	35
creada	35
creador	35
cristian	35
departamental	35
deseos	35
destacaron	35
diésel	35
do	35
ende	35
entornos	35
equidad	35
esperaban	35
estrecho	35
estábamos	35
extracción	35
fertilizantes	35
fortaleza	35
franja	35
fronteriza	35
ganaron	35
gases	35
gremios	35
guardar	35
humedad	35
ideales	35
impulsada	35
incumplimiento	35
indicar	35
instante	35
instó	35
intentaron	35
interiores	35
interpretar	35
juegan	35
justificar	35
maneja	35
marcada	35
maya	35
medallas	35
medias	35
mención	35
meteorológico	35
mide	35
moderna	35
molina	35
montevideo	35
morelos	35
motivación	35
negativas	35
núcleo	35
pasados	35
perfiles	35
piernas	35
pobladores	35
produjeron	35
ps	35
reconocen	35
recuperó	35
restauración	35
rocío	35
sabiendo	35
sentía	35
soles	35
sport	35
séptima	35
telegram	35
terrorismo	35
terrorista	35
trabajaba	35
télam	35
urnas	35
varones	35
vasco	35
vestuario	35
vigentes	35
vinculado	35
violenta	35
vos	35
zamora	35
ámbitos	35
énfasis	35
abrieron	34
accesibilidad	34
aceptación	34
activistas	34
afganistán	34
afueras	34
agregar	34
alias	34
aparatos	34
aprehensión	34
atentos	34
ayudando	34
banquillo	34
bebés	34
belga	34
bella	34
bicicletas	34
bolsillo	34
bombas	34
básicas	34
cabrera	34
centrocampista	34
colima	34
colocado	34
compatible	34
complejos	34
comunal	34
confía	34
contestó	34
contribuye	34
cuenten	34
definió	34
desató	34
dictamen	34
dirigidas	34
disfruta	34
eficaz	34
encabezada	34
escoger	34
escuchó	34
estuviera	34
exigió	34
existente	34
exposiciones	34
extradición	34
facilidad	34
facundo	34
fbi	34
finaliza	34
forestales	34
generalizada	34
gil	34
gmt	34
golfo	34
golpeado	34
hallado	34
hechas	34
hidrógeno	34
hielo	34
historial	34
humanas	34
iguales	34
instrumentos	34
interesantes	34
intermedio	34
internado	34
julián	34
juventus	34
kevin	34
lectores	34
lema	34
licencias	34
limita	34
limitado	34
llegaban	34
llevo	34
mejorando	34
mejía	34
menú	34
meter	34
modificaciones	34
mora	34
nba	34
news	34
obispo	34
observación	34
operador	34
ordenar	34
pamplona	34
pedidos	34
pensamos	34
permanencia	34
permitieron	34
personalidades	34
personalmente	34
play	34
pobre	34
popularidad	34
potenciales	34
presentadas	34
procuraduría	34
profundamente	34
pronunciado	34
queden	34
rapidez	34
rato	34
recepción	34
reclaman	34
recomendación	34
reelección	34
rescatar	34
rompió	34
rosada	34
sal	34
salga	34
sana	34
seguida	34
sumarse	34
temporales	34
testimonios	34
trasladó	34
tripulantes	34
verlo	34
virtud	34
visa	34
vueltas	34
world	34
yucatán	34
zapata	34
zulia	34
accesible	33
acero	33
aclara	33
acompañó	33
acta	33
alojamiento	33
anses	33
apostar	33
asesinada	33
aspiraciones	33
atacante	33
atmósfera	33
auditorio	33
bitcoin	33
buque	33
caballero	33
calcula	33
castigo	33
centra	33
cerebral	33
complemento	33
creando	33
dama	33
darles	33
darán	33
derivado	33
descarga	33
descripción	33
deseen	33
despedida	33
determinados	33
dientes	33
digna	33
directivo	33
disponer	33
divertido	33
duros	33
ejecutivos	33
eleva	33
entrevistas	33
esperanzas	33
establecidos	33
estacionamiento	33
eu	33
extranjera	33
ferias	33
fiebre	33
ford	33
franceses	33
funcionando	33
hipótesis	33
horacio	33
intensivos	33
interesadas	33
laliga	33
limón	33
litoral	33
llaman	33
magia	33
malestar	33
mantuvieron	33
manual	33
marcaron	33
mecánica	33
mexicanas	33
mortal	33
motos	33
negativos	33
ordenado	33
orgulloso	33
pensamientos	33
plebiscito	33
podíamos	33
poesía	33
portería	33
preocupaciones	33
presentando	33
prevén	33
primarias	33
promete	33
protagonismo	33
proyecciones	33
rachas	33
rebaja	33
reduce	33
revertir	33
robert	33
rodilla	33
ronaldo	33
ruedas	33
sabido	33
sacerdote	33
salidas	33
saludables	33
seco	33
senadora	33
sentidos	33
sepa	33
señalando	33
sometido	33
sorprendido	33
streaming	33
subsidio	33
suena	33
sumando	33
suspender	33
sustancias	33
símbolo	33
thomas	33
torneos	33
toro	33
tramos	33
trasladada	33
ubicados	33
utilizados	33
variables	33
vean	33
vendido	33
verán	33
viajaba	33
vidal	33
vinos	33
abarca	32
acordaron	32
actitudes	32
administraciones	32
administrativas	32
aerolínea	32
agravado	32
agresores	32
amistoso	32
apoyado	32
aprendido	32
armar	32
arroyo	32
asistente	32
autobuses	32
autora	32
auxiliar	32
bancaria	32
beatriz	32
billones	32
boleto	32
bombardeos	32
bonita	32
brigada	32
béisbol	32
bélgica	32
cabildo	32
calzada	32
campus	32
cancillería	32
centímetros	32
cerveza	32
cierra	32
coloca	32
complejidad	32
comunicarse	32
concejales	32
conferencias	32
confirmación	32
conocidas	32
conquistar	32
consentimiento	32
considerada	32
corre	32
creía	32
cuarentena	32
cuestionado	32
cuyas	32
cívica	32
dc	32
dedo	32
derrumbe	32
desarrolladores	32
desastre	32
diría	32
disfrutando	32
económicamente	32
ecosistemas	32
ediciones	32
efectuar	32
elevó	32
empató	32
empezando	32
encontrarse	32
encuentren	32
enemigos	32
entrenadores	32
erc	32
estables	32
estuve	32
exhibición	32
experta	32
extiende	32
fabricante	32
festejos	32
fila	32
frontal	32
gripe	32
horno	32
hospitalizados	32
idiomas	32
impide	32
impresión	32
impulsa	32
in	32
inaugural	32
inauguró	32
indispensable	32
inmobiliario	32
insistido	32
intensas	32
intentan	32
interacción	32
intervenir	32
inversionistas	32
ipc	32
julia	32
libertades	32
lograrlo	32
líquido	32
manifestaron	32
módulo	32
natal	32
nombramiento	32
nubes	32
obtiene	32
ofreciendo	32
ong	32
opositores	32
pagó	32
pertenencias	32
pertinentes	32
pistola	32
placer	32
poderoso	32
premisa	32
premium	32
presenten	32
pretenden	32
puedas	32
q	32
quintero	32
reclamó	32
relata	32
relevamiento	32
represión	32
resta	32
revés	32
riego	32
rubro	32
sedes	32
seleccionar	32
separado	32
sexenio	32
sheinbaum	32
sienta	32
sirven	32
solos	32
sonidos	32
sostenibles	32
sufren	32
terminan	32
terroristas	32
traspaso	32
tuit	32
turnos	32
túnel	32
uniformados	32
viales	32
vinculación	32
vinculados	32
ética	32
abandono	31
accionar	31
acotó	31
administrativa	31
afirmar	31
agrícolas	31
alumbrado	31
amantes	31
analizó	31
and	31
andaluz	31
arias	31
artístico	31
asesinados	31
asesoramiento	31
asignación	31
asiático	31
asunción	31
augusto	31
ayuntamientos	31
azulgrana	31
barcos	31
bayern	31
becas	31
brillante	31
bs	31
burgos	31
cambiando	31
camp	31
canadiense	31
capitales	31
característica	31
castellón	31
cementerio	31
chiapas	31
chris	31
ciberseguridad	31
cinturón	31
claudio	31
co	31
compartieron	31
compañera	31
comunitaria	31
concreta	31
condenó	31
conductas	31
conocieron	31
consecutiva	31
consolidar	31
contención	31
continuo	31
contribuyentes	31
cosecha	31
creadores	31
crema	31
cumplan	31
curioso	31
defensores	31
definido	31
derrotó	31
destacadas	31
digitalización	31
dirigía	31
disciplinas	31
discos	31
discursos	31
discusiones	31
ecológica	31
entendemos	31
entran	31
enviados	31
ernesto	31
escasos	31
escobar	31
estimaciones	31
experimentar	31
extraña	31
filosofía	31
futura	31
físicas	31
galaxy	31
ganadería	31
granos	31
hernán	31
hilo	31
inconvenientes	31
inestabilidad	31
integrar	31
interesado	31
israelí	31
jefatura	31
kg	31
localizado	31
magistrado	31
metal	31
monedas	31
mortales	31
muerta	31
multitud	31
negros	31
novena	31
ofrecido	31
opinó	31
organiza	31
orgánica	31
oriental	31
orígenes	31
paquetes	31
parroquia	31
pasaporte	31
patronal	31
pedimos	31
pertenecen	31
pertenecientes	31
pisos	31
plenamente	31
poeta	31
pozo	31
preparan	31
procedió	31
produciendo	31
puentes	31
reaccionar	31
recogido	31
rendir	31
resolvió	31
respectivas	31
respectivos	31
reunirá	31
revelado	31
rincón	31
saldrá	31
sensible	31
servirá	31
sillas	31
sobrevivir	31
solidario	31
sostienen	31
sucediendo	31
sucre	31
superan	31
sureste	31
tango	31
tapa	31
tecnológicos	31
trama	31
trascendió	31
trastornos	31
trece	31
trofeo	31
tropical	31
ucr	31
ufc	31
vanguardia	31
ventanas	31
vigo	31
vladímir	31
víspera	31
ávila	31
académicos	30
accesorios	30
actuó	30
acusada	30
adecuadamente	30
adelantar	30
administrativo	30
adrián	30
afirmaron	30
ahorita	30
alrededores	30
americano	30
amigas	30
andes	30
aprovecha	30
asientos	30
asilo	30
asistido	30
aumentan	30
automática	30
autonómico	30
avenidas	30
azteca	30
aéreos	30
bancarias	30
ben	30
bélico	30
cae	30
calefacción	30
calibre	30
calificación	30
candidaturas	30
cannabis	30
centenario	30
cerradas	30
cesar	30
cima	30
circulaba	30
coincide	30
colapso	30
coma	30
cometió	30
comprado	30
concretas	30
confusión	30
conjuntos	30
copia	30
corredor	30
cotidiana	30
cuadra	30
cuantos	30
cártel	30
debilidad	30
decirle	30
dedica	30
dejamos	30
denver	30
desconocen	30
destacando	30
determinadas	30
dictó	30
direcciones	30
doméstico	30
doña	30
economías	30
empezamos	30
emérito	30
encabeza	30
encabezó	30
enfrentaron	30
enfrentó	30
entraron	30
escombros	30
estilos	30
estratégicos	30
exigencia	30
expulsión	30
externo	30
faltó	30
favoritos	30
fichaje	30
filial	30
gustan	30
habiendo	30
identificada	30
impactó	30
impedir	30
indicaciones	30
indígena	30
influencer	30
ingenieros	30
inscripciones	30
instalado	30
invertido	30
iva	30
jardines	30
jugaron	30
llegarán	30
llorar	30
magistrados	30
mancha	30
manifiesto	30
matrícula	30
mencionada	30
militantes	30
monarca	30
mw	30
novio	30
néstor	30
obligada	30
obligados	30
oficialista	30
olas	30
opina	30
oscuro	30
oxígeno	30
paisaje	30
participando	30
pases	30
paula	30
pausa	30
pensión	30
prefiere	30
preocupados	30
prestación	30
promueve	30
psicológica	30
psicológico	30
queja	30
quita	30
reclamar	30
recordemos	30
reflexionar	30
refuerzos	30
renunciar	30
resultar	30
retirarse	30
retiró	30
reunido	30
reunir	30
ring	30
robar	30
robaron	30
rodado	30
salía	30
secundario	30
semifinal	30
setiembre	30
sintió	30
siria	30
solicita	30
templo	30
temática	30
terrestre	30
transferencias	30
transparente	30
trágico	30
tráiler	30
tío	30
uci	30
venden	30
verdaderamente	30
voluntaria	30
william	30
xix	30
yolanda	30
órbita	30
adolfo	29
adriana	29
alcanzan	29
alusión	29
amenazó	29
arranca	29
arribaron	29
artillería	29
asume	29
australiano	29
avanzó	29
barato	29
big	29
bloquear	29
bretaña	29
broma	29
brown	29
bull	29
cadáveres	29
cajas	29
capa	29
carro	29
cc	29
cerraron	29
cobran	29
compara	29
comunitarios	29
concejala	29
condolencias	29
confinamiento	29
conjuntamente	29
construcciones	29
contribuyen	29
convirtiéndose	29
correos	29
cristóbal	29
cuarenta	29
decimos	29
dedicó	29
demócrata	29
descartó	29
desinformación	29
despido	29
determina	29
devolver	29
dinámicas	29
dispararon	29
disputados	29
duarte	29
efectividad	29
entrenamientos	29
entrevistado	29
eric	29
especializados	29
espejo	29
estemos	29
evacuación	29
excepto	29
excusa	29
expuestos	29
extender	29
externos	29
fallecieron	29
fallecimientos	29
fauna	29
festejo	29
fiel	29
finca	29
for	29
germán	29
guerras	29
guion	29
heard	29
hubieran	29
huerta	29
identificó	29
ilícito	29
impulsado	29
imputados	29
inclusive	29
ingresaron	29
inspiración	29
instrucciones	29
intervino	29
isidro	29
jones	29
kim	29
lapso	29
latinoamericanos	29
legalmente	29
ligeramente	29
listos	29
lucro	29
madrileño	29
maldonado	29
maradona	29
mató	29
minimizar	29
ministerios	29
misa	29
moderada	29
monetario	29
notar	29
obesidad	29
obtención	29
octavo	29
ocupado	29
olímpica	29
one	29
operan	29
patrón	29
pelé	29
perfección	29
perjuicio	29
peronista	29
pollo	29
polo	29
polémicas	29
positivas	29
positividad	29
potosí	29
preguntan	29
presentados	29
preside	29
pronunció	29
provisional	29
puig	29
rama	29
raro	29
ratificó	29
recetas	29
reconstrucción	29
referirse	29
residente	29
reuters	29
rivas	29
roo	29
satisfacer	29
seguras	29
shows	29
simpatizantes	29
soja	29
sports	29
star	29
sudáfrica	29
suya	29
tabasco	29
temen	29
to	29
tomamos	29
tome	29
tradiciones	29
usos	29
vaca	29
var	29
vásquez	29
wanda	29
west	29
abiertamente	28
accedió	28
acercar	28
acosta	28
actualizaciones	28
actúa	28
adelantado	28
adn	28
aeropuertos	28
afectará	28
alturas	28
ambición	28
angustia	28
aparato	28
aparente	28
apellido	28
asiento	28
asistencias	28
aspirante	28
astro	28
atiende	28
atletismo	28
autopista	28
ayudado	28
bad	28
bautista	28
belarús	28
beneficia	28
bielorrusia	28
bilateral	28
blancas	28
bombardeo	28
bosques	28
bronce	28
camila	28
caídas	28
cdmx	28
celeste	28
competitivo	28
comprometió	28
conexiones	28
conlleva	28
consigo	28
consorcio	28
convencer	28
convocar	28
cooperativa	28
corregir	28
costar	28
crecen	28
cubrebocas	28
cuenca	28
cuántas	28
dallas	28
decena	28
delictivo	28
delincuente	28
delta	28
denunciante	28
derivados	28
desconocido	28
desgaste	28
detectado	28
detectó	28
dialogar	28
diana	28
diariamente	28
dimensión	28
dimisión	28
disculpas	28
dispuesta	28
drama	28
duque	28
décimo	28
eligió	28
eliminado	28
empresaria	28
enseguida	28
entusiasmo	28
escritura	28
especialidad	28
especialidades	28
específica	28
establecen	28
estrecha	28
evidentemente	28
exponer	28
extenderá	28
extendió	28
facturas	28
favorece	28
fija	28
forestal	28
helicóptero	28
henry	28
hojas	28
honda	28
humilde	28
inmensa	28
inocente	28
instalada	28
inter	28
joan	28
jr	28
jubilación	28
liberal	28
limitaciones	28
lindo	28
litio	28
llenos	28
luce	28
lógico	28
mansión	28
maravillosa	28
margarita	28
mark	28
mediano	28
mercancías	28
milagro	28
militancia	28
minera	28
montar	28
montos	28
mp	28
méndez	28
normales	28
obrero	28
ocupó	28
palmas	28
parlamentaria	28
patologías	28
pekín	28
pemex	28
permanentes	28
peruana	28
peskov	28
pfizer	28
pido	28
prado	28
precauciones	28
presentadora	28
presentarán	28
previsiones	28
productividad	28
productora	28
proveedor	28
provenientes	28
puestas	28
raquel	28
rayos	28
reaccionó	28
rebote	28
rechaza	28
reclamado	28
recolección	28
recortes	28
recuerdan	28
repente	28
representó	28
resaltar	28
responden	28
román	28
saga	28
semanal	28
sexualmente	28
sinaloa	28
sombra	28
suponer	28
suroeste	28
temporalmente	28
tendrían	28
tocado	28
torreón	28
toyota	28
transmite	28
treinta	28
tuviera	28
urbanas	28
urbanización	28
utilidad	28
utilizada	28
vacunados	28
variable	28
vegas	28
veterano	28
viajaban	28
votaron	28
útiles	28
abandonado	27
acostumbrados	27
agilizar	27
agradecer	27
air	27
ajustes	27
alba	27
alexander	27
amplió	27
anotar	27
anticipa	27
aseguraba	27
atacó	27
atlas	27
auge	27
autopsia	27
auténtica	27
bailar	27
bares	27
belén	27
benito	27
bildu	27
biodiversidad	27
blue	27
botellas	27
brasileña	27
bulevar	27
buscado	27
cargar	27
cargas	27
checo	27
chilena	27
ciclos	27
circulan	27
clic	27
clásicos	27
clínicas	27
cm	27
colocación	27
comisionado	27
comparado	27
comparecencia	27
concretó	27
concursos	27
conecta	27
confrontación	27
consejeros	27
constancia	27
constitucionales	27
contarán	27
convicción	27
convocada	27
credibilidad	27
cristal	27
cualidades	27
culminó	27
culturas	27
cumplieron	27
cura	27
cusco	27
declara	27
delantera	27
delicado	27
demuestran	27
dependerá	27
derrotar	27
desarrollan	27
descansar	27
descubre	27
destinadas	27
distritos	27
débiles	27
ejemplares	27
eliminatoria	27
embarazada	27
empatar	27
emprender	27
energéticos	27
enfrentado	27
enfrente	27
envía	27
envíos	27
equivale	27
esclarecer	27
específicas	27
estrena	27
estudiando	27
expareja	27
expedientes	27
extensa	27
favoritas	27
fieles	27
flexibilidad	27
flor	27
focos	27
frecuentes	27
gabriela	27
gane	27
gerard	27
gradual	27
gubernamental	27
habilidad	27
hidrocarburos	27
hits	27
imss	27
incapacidad	27
incrementos	27
inevitable	27
informática	27
iniciales	27
insuficiente	27
integrada	27
intelectual	27
interino	27
investigados	27
iraní	27
jair	27
japonesa	27
juzgados	27
kilo	27
lamenta	27
larreta	27
leandro	27
llenar	27
logramos	27
lugo	27
mandó	27
medicamento	27
minas	27
miradas	27
museos	27
máximas	27
nara	27
natalia	27
negado	27
nombrado	27
obtuvieron	27
ordenanza	27
orlando	27
padilla	27
paradas	27
pareciera	27
pared	27
participará	27
pasarán	27
penalti	27
permitirán	27
pesa	27
playoffs	27
plus	27
porcentuales	27
poseen	27
practicar	27
previstas	27
primario	27
procede	27
quincena	27
quisiera	27
rafa	27
recta	27
redacción	27
regresa	27
repite	27
reportaje	27
reportero	27
resumen	27
revolucionario	27
rigor	27
rivadavia	27
sabían	27
salsa	27
sara	27
scaloni	27
semanales	27
seno	27
sentencias	27
sentimiento	27
significado	27
significativamente	27
sigo	27
siguieron	27
solicitando	27
sosa	27
store	27
sugieren	27
supervisión	27
sustentable	27
tabaco	27
teniente	27
teresa	27
tesoro	27
titulado	27
traduce	27
tía	27
unirse	27
unió	27
unánime	27
vecinal	27
verstappen	27
ves	27
viceministro	27
violentos	27
xbox	27
zapatos	27
abu	26
acompañados	26
adicionalmente	26
admiración	26
adolescencia	26
aeronave	26
aforo	26
alertado	26
alfa	26
ambulancias	26
analizando	26
animación	26
antiguos	26
aplicado	26
aplicará	26
apoyan	26
armonía	26
asociadas	26
audiencias	26
audiovisual	26
automovilistas	26
azar	26
balas	26
barriles	26
basadas	26
beber	26
beca	26
benzema	26
blancos	26
bruto	26
bunny	26
buscó	26
cancelar	26
capitalina	26
causando	26
cayendo	26
cecilia	26
cercanías	26
certificados	26
cola	26
comienzos	26
completado	26
comportamientos	26
computadora	26
comunista	26
conductora	26
consejería	26
conservador	26
considerable	26
constituyen	26
constituyente	26
contraloría	26
conveniente	26
coordinado	26
corporaciones	26
corrió	26
costumbre	26
croacia	26
cruzado	26
cup	26
cáceres	26
cádiz	26
cálculo	26
debates	26
debo	26
debutó	26
deceso	26
decidimos	26
decretó	26
decían	26
delegaciones	26
demostrando	26
desaparecer	26
desplazamiento	26
devolución	26
dif	26
disputó	26
diversión	26
débil	26
eco	26
ejecutado	26
elegante	26
elisa	26
empecé	26
emprendimientos	26
enmienda	26
específicos	26
espionaje	26
estaremos	26
evitando	26
exclusión	26
exmandatario	26
expone	26
ficha	26
fijado	26
film	26
fina	26
fracción	26
fractura	26
fruta	26
fuertemente	26
físicos	26
gatos	26
george	26
golpeó	26
grano	26
grasa	26
group	26
gráfico	26
guaidó	26
guarda	26
haití	26
harry	26
hito	26
horizonte	26
ian	26
imaginar	26
importación	26
increíbles	26
indonesia	26
inteligentes	26
intensiva	26
internautas	26
japonés	26
jugadoras	26
junior	26
latino	26
lavrov	26
legislativas	26
liberar	26
liderada	26
liderado	26
limitar	26
limpia	26
llamaron	26
llaves	26
llevada	26
lleven	26
logran	26
longitud	26
lázaro	26
mama	26
manda	26
mandar	26
marín	26
marítima	26
minero	26
molestias	26
muebles	26
mérida	26
mío	26
mónica	26
necesariamente	26
neumáticos	26
ocupan	26
ocurriendo	26
océano	26
olvido	26
orgullosos	26
paco	26
paneles	26
parezca	26
patricio	26
percance	26
plásticos	26
prime	26
princesa	26
profundizar	26
programada	26
progresiva	26
propietaria	26
puntuales	26
pánico	26
quema	26
querétaro	26
quitar	26
relevo	26
reservar	26
respondido	26
restricción	26
rocas	26
rojos	26
romántica	26
ruidos	26
sam	26
siembra	26
siglos	26
simón	26
soportar	26
suave	26
sueldos	26
supervivencia	26
talentos	26
tanques	26
times	26
tomas	26
toros	26
trabajaron	26
transmitido	26
trasera	26
tremendo	26
tri	26
tribuna	26
tricolor	26
ubican	26
urgentes	26
ushuaia	26
valladolid	26
valorado	26
viejos	26
vitales	26
vuelvan	26
walter	26
accesos	25
aceptado	25
acercaron	25
acuña	25
adquirido	25
agraria	25
aguda	25
aguirre	25
ajustar	25
alberga	25
amanecer	25
amistades	25
anotaron	25
anthony	25
aníbal	25
aplicando	25
apruebo	25
ariel	25
asegurarse	25
atienden	25
aula	25
azules	25
balanza	25
betis	25
billete	25
borrador	25
báez	25
calzado	25
cantera	25
capacitaciones	25
captar	25
capítulos	25
carece	25
catalina	25
ceder	25
cedido	25
celebrada	25
centroamérica	25
cereales	25
chivas	25
circo	25
citada	25
clip	25
clínico	25
colocó	25
comenzando	25
competitividad	25
comprador	25
comprende	25
compró	25
conducido	25
conducía	25
confiar	25
conmemoración	25
conocerse	25
conquista	25
consecutivos	25
conservar	25
consolidado	25
continental	25
cronograma	25
crucial	25
cupo	25
cúpula	25
dea	25
deberíamos	25
deciden	25
dedicación	25
deriva	25
derivó	25
desapareció	25
desarrollada	25
descargar	25
describe	25
descubrieron	25
desierto	25
designado	25
detenidas	25
diera	25
directorio	25
disponen	25
doha	25
duele	25
eficientes	25
elevados	25
embarcación	25
emiliano	25
encabezado	25
encargó	25
encendido	25
escape	25
espaldas	25
estatuto	25
estimación	25
estrenará	25
etiqueta	25
evitó	25
exista	25
exploración	25
externa	25
extranjeras	25
falcón	25
faltas	25
feminicidio	25
fenómenos	25
filtros	25
fiscalización	25
fosas	25
frases	25
fundada	25
gallegos	25
ganaderos	25
gobernante	25
grabar	25
green	25
guitarra	25
haberlo	25
hallazgos	25
harina	25
heladas	25
helicópteros	25
hermosa	25
higiene	25
hospitalización	25
hueco	25
héroe	25
implantación	25
impuestas	25
impulsando	25
indignación	25
inesperado	25
infracción	25
inmigración	25
interrupción	25
intervenido	25
investigadora	25
inyección	25
joyas	25
juguetes	25
lamentado	25
latinos	25
lento	25
levantó	25
llevaban	25
localizar	25
loco	25
magdalena	25
marinos	25
marítimo	25
merecen	25
migratorio	25
misterio	25
montes	25
mx	25
nietos	25
norteamericano	25
núcleos	25
observado	25
octava	25
ocupantes	25
ofrecieron	25
olimpia	25
originarios	25
pabellón	25
pacífica	25
pampa	25
peleando	25
peleas	25
pereira	25
petrolera	25
pilares	25
políticamente	25
ponerle	25
preocupado	25
presentador	25
primo	25
problemáticas	25
prohibir	25
prometido	25
propaganda	25
protegido	25
proviene	25
prórroga	25
pude	25
pudiendo	25
química	25
racismo	25
rayo	25
reality	25
realizaba	25
recorriendo	25
recorrió	25
recuperarse	25
reemplazar	25
reemplazo	25
regidor	25
registrando	25
religiosa	25
remató	25
retraso	25
reunieron	25
ribera	25
rondas	25
rosalía	25
seguidos	25
selva	25
serbio	25
socialismo	25
sofía	25
solares	25
susana	25
susto	25
suyos	25
tenés	25
teruel	25
tesis	25
tomarse	25
totales	25
trajo	25
tributo	25
tumor	25
táchira	25
universitarios	25
usó	25
valdés	25
vendió	25
visitado	25
vocal	25
vulnerable	25
wifi	25
ºc	25
abriendo	24
acaban	24
actualizar	24
adecuadas	24
administrador	24
administrar	24
advierten	24
agregaron	24
agujero	24
alumnado	24
anaya	24
ancelotti	24
anónima	24
aportan	24
aportó	24
apostando	24
aprueba	24
arreglar	24
asturias	24
atractivos	24
audios	24
auditoría	24
auriculares	24
avellaneda	24
basan	24
bebida	24
beijing	24
bolívares	24
brindan	24
caballo	24
calentamiento	24
calvo	24
camisetas	24
canchas	24
carbón	24
casillas	24
cerdo	24
chinos	24
circula	24
cnn	24
cobra	24
cobre	24
coca	24
cocinar	24
coincidieron	24
combina	24
conozca	24
consuelo	24
consume	24
contenedores	24
contienen	24
contreras	24
controlado	24
convocados	24
cuchillo	24
curva	24
cómoda	24
daban	24
daniela	24
decirles	24
decoración	24
dedican	24
denunciaron	24
depender	24
desastres	24
desayuno	24
descargas	24
detenciones	24
dia	24
difundir	24
diplomáticas	24
disfrute	24
décima	24
egipto	24
electores	24
elegidos	24
emocionada	24
encarga	24
enfermo	24
enfermos	24
enfrentarán	24
entrando	24
escritorio	24
estelar	24
estética	24
eugenia	24
excelencia	24
exministro	24
explotar	24
fachada	24
favorita	24
feminista	24
feriado	24
festejar	24
fibra	24
frank	24
frecuente	24
fumar	24
funcional	24
fundamentalmente	24
fáciles	24
gigantes	24
goleada	24
grabado	24
gracia	24
herencia	24
hospitalaria	24
hostelería	24
hábitat	24
identificaron	24
imaginación	24
inferiores	24
infracciones	24
innumerables	24
inscribirse	24
instaló	24
institucionales	24
invernadero	24
irene	24
king	24
latinoamericano	24
libra	24
ligera	24
ligero	24
limitada	24
llave	24
llegaría	24
llevarlo	24
logre	24
luisa	24
magistratura	24
mandatarios	24
marte	24
matriz	24
medir	24
mediático	24
meteorología	24
metropolitano	24
micro	24
minerales	24
mini	24
mls	24
mochila	24
molestia	24
moncloa	24
mortalidad	24
mostraba	24
murillo	24
módulos	24
nacidos	24
niñez	24
nocturno	24
ocasionó	24
ocupadas	24
ocupados	24
ocurra	24
ofensivo	24
operativa	24
optó	24
organizadores	24
originario	24
palacios	24
panamericana	24
patronato	24
patrones	24
pedirle	24
pensó	24
peritos	24
pesada	24
pescadores	24
planea	24
platense	24
poblado	24
podcast	24
podrías	24
pongan	24
portugués	24
precaución	24
preguntar	24
presionar	24
preso	24
productivos	24
progresista	24
práctico	24
radicales	24
rasgos	24
raza	24
realicen	24
recogida	24
reconocidas	24
reconocimientos	24
reducida	24
referencias	24
repunte	24
requerimientos	24
resalta	24
restante	24
retrasos	24
revelar	24
rige	24
robot	24
rodean	24
romance	24
saca	24
saltó	24
sandoval	24
sant	24
secretos	24
semejante	24
sensibilidad	24
serios	24
sonia	24
sorprendente	24
spotify	24
sr	24
state	24
subvenciones	24
sudamericana	24
supongo	24
surgen	24
sábados	24
talla	24
territoriales	24
tigre	24
tobillo	24
toluca	24
traerá	24
tranquila	24
tremenda	24
truss	24
turista	24
unen	24
vacantes	24
vacunarse	24
vallarta	24
ventilación	24
venían	24
veto	24
violentas	24
vivieron	24
zelanda	24
élite	24
abuelos	23
acepta	23
acoge	23
acogida	23
activamente	23
actúan	23
acuden	23
acusaron	23
adecuados	23
advirtieron	23
afectaciones	23
afectación	23
afirmación	23
afluencia	23
alexis	23
alicia	23
allanamiento	23
amenazado	23
angeles	23
antiguas	23
antigüedad	23
anualmente	23
apelación	23
apoyó	23
apps	23
aprecia	23
arequipa	23
arrojó	23
aumentará	23
ave	23
ayala	23
bachillerato	23
bajaron	23
beach	23
bello	23
beltrán	23
bernabéu	23
bukele	23
bullrich	23
bus	23
cabina	23
camacho	23
campeche	23
canelo	23
cartagena	23
carteles	23
catástrofe	23
cdc	23
cerrará	23
cgpj	23
chocolate	23
chofer	23
ciclista	23
clasificar	23
com	23
comediante	23
comisario	23
competiciones	23
competitiva	23
comprensión	23
comprometidos	23
concretos	23
condenados	23
confederación	23
conocía	23
conozco	23
consideramos	23
considero	23
consistente	23
controlada	23
convencional	23
conversar	23
convivir	23
coordinar	23
copas	23
cortar	23
defensiva	23
dejaba	23
delictivos	23
desorden	23
destacada	23
difundió	23
dirigirse	23
disparar	23
docena	23
doméstica	23
elche	23
electorado	23
emotivo	23
empezado	23
enfocado	23
enmiendas	23
enterarse	23
entregas	23
escribe	23
esperemos	23
estratégicas	23
exigencias	23
existía	23
extraer	23
falló	23
fatal	23
fernanda	23
festivo	23
fichajes	23
finalizado	23
flexible	23
flota	23
formaciones	23
formalmente	23
formatos	23
formulario	23
foros	23
fresco	23
frías	23
funeral	23
gallega	23
girona	23
golf	23
gravemente	23
grecia	23
guayaquil	23
gustó	23
hierro	23
hospitalario	23
ideología	23
implementado	23
incorporado	23
incrementó	23
intel	23
invisible	23
ios	23
iraníes	23
jugadora	23
jurídicos	23
kilogramos	23
legisladora	23
liderar	23
llamativo	23
llegara	23
llevarán	23
luchas	23
lunar	23
marchó	23
mediática	23
mencionados	23
miel	23
migratoria	23
mineros	23
misil	23
miss	23
mixta	23
mobiliario	23
movilizaciones	23
mueven	23
municiones	23
negras	23
nutrición	23
ocurren	23
operando	23
ordinaria	23
pagado	23
parados	23
parrilla	23
partió	23
pasta	23
pavimento	23
penitenciario	23
pepe	23
perteneciente	23
pescado	23
plantear	23
poderosa	23
porcentajes	23
potencias	23
preferencia	23
prepararse	23
prestigio	23
preventivas	23
probabilidades	23
procedente	23
proponen	23
proyecta	23
puro	23
quedaría	23
quemado	23
queso	23
radicalismo	23
rara	23
recibidos	23
recordando	23
recupera	23
remoto	23
repertorio	23
representado	23
reputación	23
resultan	23
retroceso	23
reúnen	23
rindió	23
risa	23
rodea	23
réplica	23
sabíamos	23
sarmiento	23
sedena	23
seleccionados	23
sentenciado	23
seria	23
serrano	23
servidores	23
señores	23
slam	23
solidaria	23
sorteos	23
st	23
stream	23
sufrimiento	23
tamara	23
telecomunicaciones	23
temáticas	23
terraza	23
tokio	23
tuberías	23
ubicadas	23
uefa	23
unir	23
urbanos	23
valentín	23
valledupar	23
variar	23
venga	23
vengan	23
vengo	23
verificación	23
veteranos	23
vih	23
vinculadas	23
vistos	23
vivían	23
volcán	23
volkswagen	23
von	23
webb	23
íbamos	23
índole	23
accionistas	22
acompañaron	22
adam	22
adaptado	22
adelanto	22
afecto	22
afirmaciones	22
alarmas	22
alcanzará	22
alimentar	22
almuerzo	22
anticorrupción	22
anunciada	22
aplicó	22
apostado	22
apuntaron	22
arizona	22
artesanal	22
asesinadas	22
astros	22
atendiendo	22
atp	22
automático	22
autorizado	22
aventuras	22
balear	22
barata	22
beso	22
blinken	22
bola	22
brillo	22
cabezas	22
caminando	22
canto	22
capitalino	22
caracterizado	22
caravana	22
carrasco	22
catalana	22
catedral	22
celebrando	22
centavos	22
charles	22
chubut	22
cinematográfico	22
climáticas	22
coach	22
comentaron	22
comitiva	22
completos	22
complicidad	22
compuesta	22
concentra	22
confiesa	22
conformar	22
consultadas	22
consultados	22
contingencia	22
convenios	22
convierten	22
convocatorias	22
cordero	22
cordobés	22
corriendo	22
cortó	22
costarricense	22
crees	22
crimea	22
critica	22
crucero	22
cuadrado	22
curiosidad	22
dadas	22
darío	22
das	22
dañar	22
decesos	22
declararon	22
defensas	22
deliberante	22
dependientes	22
desaparecidas	22
desarrollados	22
desarrollarse	22
desconocimiento	22
destruido	22
diseñada	22
disminuido	22
distancias	22
disturbios	22
divisa	22
dolorosa	22
dominicanos	22
donación	22
doy	22
duelos	22
eh	22
ejecutó	22
ejemplar	22
electrodomésticos	22
emocionante	22
empatía	22
empiece	22
encontrando	22
enfermería	22
ensayo	22
entienden	22
entregados	22
espiritual	22
estabilización	22
eugenio	22
evidencias	22
exacta	22
exitoso	22
explorar	22
expresan	22
fallecida	22
famosas	22
favorables	22
feministas	22
festivales	22
fotógrafo	22
galería	22
gales	22
garantice	22
gasoducto	22
giammattei	22
gobernantes	22
golpear	22
gráfica	22
gustado	22
géneros	22
habilitado	22
hablaron	22
hamilton	22
huevo	22
hurto	22
ibiza	22
impone	22
incrementa	22
infarto	22
influenza	22
inglesa	22
inicie	22
insultos	22
intentaba	22
invitada	22
ira	22
jean	22
johnny	22
joya	22
juveniles	22
lanzamientos	22
look	22
lorena	22
lozano	22
males	22
manifiesta	22
manipulación	22
mantenía	22
maravilloso	22
marcados	22
marcan	22
mediana	22
mediocampista	22
mediterráneo	22
mega	22
mejorado	22
mentales	22
meterse	22
micrófono	22
miras	22
mitigar	22
monitoreo	22
moquegua	22
muere	22
mundialista	22
muscular	22
mwh	22
márgenes	22
nacer	22
nacieron	22
nadia	22
navegar	22
nayarit	22
negar	22
nervios	22
nervioso	22
nocturna	22
nord	22
notificado	22
noveno	22
nubosidad	22
obstáculos	22
olor	22
otorgado	22
pachuca	22
padrón	22
pandillas	22
paola	22
parto	22
parámetros	22
pedía	22
percibe	22
perdida	22
planteamiento	22
poquito	22
posicionamiento	22
postre	22
pozos	22
predicciones	22
prefieren	22
pretendía	22
previstos	22
prieto	22
proceder	22
procesamiento	22
pronósticos	22
proporción	22
protector	22
prudencia	22
pt	22
publicaron	22
puntualiza	22
quemaduras	22
quieras	22
radiación	22
ram	22
rechazar	22
recibimos	22
reconstruir	22
recordaron	22
recuento	22
referéndum	22
reflejan	22
regresará	22
regularmente	22
residencial	22
revocación	22
richard	22
roles	22
rostros	22
rápidas	22
salariales	22
saltar	22
santuario	22
segundas	22
semillas	22
senda	22
separados	22
silvia	22
sirva	22
situarse	22
sobrino	22
sospechas	22
subiendo	22
superando	22
suponen	22
suspendida	22
sustituir	22
sólida	22
sólido	22
tardó	22
titularidad	22
tomadas	22
tripulación	22
turco	22
vacunar	22
varela	22
vaticano	22
vegetales	22
vendedores	22
visitará	22
voceros	22
volviendo	22
votó	22
xiaomi	22
árabe	22
épocas	22
éstas	22
éstos	22
acaso	21
aclarado	21
activar	21
acumulación	21
adjudicación	21
adjunto	21
admite	21
adoptar	21
adultas	21
aisladas	21
alcaldías	21
alejado	21
alemanes	21
alfaro	21
amar	21
ambientes	21
amistosos	21
anillo	21
anna	21
anotaciones	21
antecedente	21
aparecieron	21
apariencia	21
aplique	21
apreciar	21
artísticas	21
aspira	21
atendió	21
atleta	21
atracción	21
atrapado	21
austin	21
austral	21
austria	21
autorizó	21
bajista	21
bancario	21
barril	21
bicentenario	21
bilbao	21
bloqueos	21
borrell	21
botas	21
bruno	21
caluroso	21
campesinos	21
cancún	21
canta	21
capas	21
capilla	21
capturar	21
celta	21
censura	21
chances	21
chevrolet	21
chubascos	21
científicas	21
cincuenta	21
cirugías	21
claros	21
clásica	21
cobrado	21
comenzamos	21
comenzarán	21
compartiendo	21
compositor	21
concedió	21
concordia	21
condenada	21
conectado	21
conectó	21
confirman	21
conformación	21
conmemora	21
consejera	21
considerados	21
consigna	21
consolidación	21
conspiración	21
construye	21
contactó	21
contienda	21
contrarrestar	21
corazones	21
cuantas	21
cubierta	21
cubiertas	21
cubre	21
cuero	21
culto	21
curiosamente	21
cívico	21
damas	21
decirlo	21
dependiente	21
desarrollaron	21
descartan	21
deseado	21
desgracia	21
despertar	21
despertó	21
destruir	21
diversa	21
diálogos	21
durar	21
economistas	21
ejerce	21
ejido	21
elige	21
emitieron	21
empuje	21
enmarca	21
ensayos	21
espaciales	21
especulaciones	21
estafa	21
estallido	21
estrenó	21
estudió	21
eventualmente	21
exigiendo	21
expedición	21
explosiones	21
expo	21
falsos	21
fan	21
fantástico	21
farmacia	21
farmacéutica	21
fases	21
femenil	21
fidel	21
figueroa	21
filme	21
florencia	21
flujos	21
fronterizo	21
fábricas	21
fósiles	21
gasoil	21
gastronómica	21
gastronómico	21
georgia	21
golden	21
habitualmente	21
haremos	21
hbo	21
heredero	21
houston	21
humanitarios	21
incentivar	21
indec	21
informal	21
injusticia	21
inocencia	21
inspirado	21
inusual	21
janeiro	21
jersón	21
jugarán	21
járkov	21
ladrones	21
ladrón	21
leal	21
lealtad	21
leones	21
levante	21
leyendas	21
leyó	21
lideró	21
llamaba	21
llamamiento	21
llegadas	21
lobo	21
lomas	21
lugansk	21
manejan	21
mantendrán	21
mantengan	21
maquillaje	21
marea	21
masivos	21
mateo	21
materna	21
matices	21
medicinas	21
medioambiental	21
medioambiente	21
metodología	21
milímetros	21
ministerial	21
moverse	21
muchachos	21
nacho	21
nariz	21
nombrada	21
nou	21
obligatoria	21
ocultar	21
old	21
olivia	21
ordenada	21
orilla	21
oriundo	21
otorgar	21
oído	21
paridad	21
pasajes	21
pasaría	21
pauta	21
peligrosa	21
perciben	21
perdidos	21
perseguir	21
pierdas	21
pierden	21
planificar	21
plate	21
presa	21
presidida	21
procesión	21
producirse	21
protegida	21
psicólogo	21
pura	21
rally	21
ramas	21
reciclaje	21
recomiendan	21
recompensa	21
recupere	21
reflejo	21
refuerza	21
relajación	21
reportan	21
reproducciones	21
residenciales	21
respetando	21
respiratorias	21
revancha	21
robado	21
rompe	21
rubio	21
rugby	21
rápidos	21
saneamiento	21
saque	21
saudí	21
seleccionador	21
seminario	21
sepan	21
servido	21
señas	21
simples	21
sindicales	21
situó	21
smartphone	21
startups	21
steve	21
suceda	21
síndrome	21
teatral	21
tela	21
tenerlo	21
tienden	21
tira	21
tn	21
trajes	21
tranquilos	21
trataron	21
trazado	21
trinidad	21
tubería	21
valoró	21
valverde	21
vaso	21
veamos	21
vence	21
vendedor	21
vertical	21
verónica	21
vestir	21
viable	21
viaja	21
vinieron	21
visitaron	21
visuales	21
volodímir	21
votado	21
xvi	21
zelensky	21
abonar	20
abundó	20
acercan	20
acogerá	20
aconseja	20
activó	20
acumulada	20
aficionado	20
afirmando	20
afronta	20
ajedrez	20
albiceleste	20
alertas	20
allende	20
ama	20
american	20
americanos	20
analizado	20
anillos	20
aplausos	20
aplicada	20
aportación	20
aprendiendo	20
aprobaron	20
aprovechamiento	20
arribo	20
articulación	20
artísticos	20
ascendente	20
asesores	20
asintomáticos	20
atendidos	20
atenta	20
automáticamente	20
avanzadas	20
avanzados	20
ayudaron	20
ayuden	20
barreras	20
benjamín	20
bierzo	20
boletas	20
boluarte	20
británicos	20
can	20
cantando	20
capitalismo	20
cargado	20
carnet	20
carros	20
cartelera	20
castellano	20
catorce	20
cautelar	20
chip	20
ciclismo	20
ciclistas	20
ciertamente	20
cines	20
coger	20
colega	20
colisión	20
combinar	20
cometidos	20
comparar	20
compartimos	20
compatriotas	20
comunicar	20
concesiones	20
confidencial	20
confirmada	20
consell	20
consellería	20
conserva	20
consistencia	20
contaban	20
contaron	20
contemplar	20
continuaron	20
controversia	20
contundentes	20
conversión	20
convierta	20
convirtieron	20
corren	20
cortés	20
costaba	20
coyuntura	20
creativa	20
crecieron	20
cruces	20
cuente	20
cuevas	20
cálculos	20
códigos	20
daría	20
deba	20
deberás	20
declarada	20
declive	20
defensora	20
definen	20
dejarlo	20
delegados	20
delicada	20
demasiada	20
demostraron	20
denuncian	20
dependen	20
der	20
descartar	20
desconfianza	20
desempeña	20
desenlace	20
determinada	20
determinante	20
difícilmente	20
digan	20
diplomacia	20
divorcio	20
dominó	20
donbás	20
dotación	20
ecológico	20
elevadas	20
elías	20
embarazadas	20
emblemático	20
empates	20
encargados	20
enferma	20
envejecimiento	20
epicentro	20
escenas	20
escritora	20
escucharon	20
escuche	20
espectro	20
establecidas	20
estafas	20
esther	20
excusas	20
exfutbolista	20
existan	20
explicando	20
extorsión	20
extrañar	20
extremas	20
fatales	20
favorecer	20
ferroviario	20
fge	20
fianza	20
finalizará	20
formosa	20
fortalece	20
frentes	20
frutos	20
fuegos	20
galardón	20
garantizado	20
gato	20
generaron	20
genial	20
geografía	20
gobierna	20
grabaciones	20
grabó	20
gratuitos	20
habitan	20
hacernos	20
hepatitis	20
hormigón	20
hospitalizadas	20
house	20
humberto	20
huyeron	20
iberdrola	20
identifica	20
ilícita	20
imperio	20
implicación	20
impulsó	20
incentivos	20
incierto	20
incorpora	20
inmunidad	20
insuficiencia	20
intendentes	20
intervalos	20
involucrado	20
jackson	20
jennifer	20
jerarquía	20
jon	20
jubilaciones	20
kylian	20
laboratorios	20
lanzaron	20
leclerc	20
lenta	20
liquidación	20
llamamos	20
llantas	20
llegué	20
localizaron	20
luján	20
madrileña	20
mapuche	20
marc	20
martino	20
mate	20
maximiliano	20
millonarios	20
modernas	20
motocicletas	20
muchísimas	20
mía	20
neto	20
noruega	20
nosocomio	20
notablemente	20
observaciones	20
observan	20
obtenidos	20
ochoa	20
oficios	20
oliva	20
olvidado	20
opositora	20
optimismo	20
optimista	20
oraciones	20
oración	20
ordenador	20
orgullosa	20
osasuna	20
padece	20
padecer	20
paguen	20
paliar	20
parecían	20
partidas	20
pasaban	20
patrullas	20
peligrosas	20
permaneció	20
permitiría	20
pesado	20
peter	20
piedad	20
poniente	20
potencialmente	20
preparativos	20
presidir	20
probado	20
procesal	20
prohíbe	20
promociones	20
pronostica	20
propagación	20
protegidas	20
protegidos	20
proteína	20
provienen	20
psicología	20
pumas	20
quedarán	20
quirúrgica	20
radica	20
ramiro	20
reanudación	20
reapertura	20
recibo	20
recibía	20
recorridos	20
recortar	20
recreación	20
reducen	20
reduciendo	20
reflexionó	20
religiosas	20
remodelación	20
rendimientos	20
repitió	20
requiera	20
reservado	20
residen	20
resiliencia	20
respetuoso	20
respirar	20
retención	20
revisiones	20
rinde	20
rodeado	20
rotura	20
saab	20
sabores	20
sacaron	20
salinas	20
salones	20
samuel	20
sanz	20
sao	20
sat	20
satélite	20
scholz	20
school	20
seccional	20
secuelas	20
seguidas	20
serbia	20
servidor	20
shock	20
smn	20
sobrevivientes	20
solís	20
soria	20
stadium	20
stephen	20
sucursales	20
suficientemente	20
supuso	20
suspendió	20
sólidos	20
tendido	20
terrestres	20
tolerancia	20
tony	20
tratados	20
umbral	20
up	20
utilizadas	20
valora	20
variada	20
varón	20
vegetación	20
velocidades	20
videoclip	20
viejas	20
visibles	20
vivos	20
yendo	20
zapatillas	20
zárate	20
abren	19
accionista	19
acostumbrado	19
actualizado	19
acude	19
acumulados	19
acusan	19
adjunta	19
administrativos	19
adulta	19
adán	19
afip	19
africano	19
agredido	19
agropecuaria	19
alajuelense	19
aliviar	19
alzas	19
américo	19
anda	19
anfitrión	19
animado	19
antena	19
anticipado	19
apagar	19
apartamento	19
aportaciones	19
aportando	19
apoyaron	19
aprovechado	19
aragua	19
archipiélago	19
artefactos	19
artificiales	19
asentamiento	19
asesora	19
asociada	19
asumiendo	19
atacantes	19
atenciones	19
atlántica	19
atribuye	19
autoestima	19
automotriz	19
aviación	19
avisó	19
aéreas	19
bachelet	19
bank	19
beneficiados	19
bernal	19
bici	19
bodegas	19
bolaños	19
boris	19
boxeo	19
brindará	19
bromas	19
buscarán	19
cables	19
cali	19
califica	19
cambiará	19
camilo	19
campamento	19
canaria	19
cantantes	19
capitolio	19
capturado	19
catamarca	19
cautelares	19
celebran	19
celebrarse	19
celebrarán	19
chanel	19
chaves	19
chinas	19
colonial	19
combustión	19
complicados	19
comunas	19
concentrado	19
conciliación	19
confió	19
confort	19
construida	19
contribución	19
convencidos	19
convencionales	19
coral	19
coro	19
corruptos	19
cortos	19
coruña	19
crean	19
creativo	19
creencia	19
cs	19
cv	19
cálido	19
dani	19
debatir	19
decisivo	19
defunciones	19
denomina	19
denominación	19
descartado	19
directas	19
diseñar	19
distinción	19
dividido	19
doloroso	19
domicilios	19
dominado	19
domingos	19
donar	19
dorada	19
dorado	19
dudó	19
dulces	19
edgar	19
eficaces	19
eliminatorias	19
embajadora	19
embarcaciones	19
emergentes	19
emplear	19
energéticas	19
entregará	19
epidemia	19
escritores	19
escudo	19
especializadas	19
espinosa	19
espiral	19
estadios	19
estero	19
estiman	19
estructural	19
estuvimos	19
estómago	19
etcétera	19
exacto	19
exjugador	19
extremos	19
faltar	19
filtro	19
finalistas	19
finalización	19
flamante	19
foral	19
fronterizos	19
frustración	19
globo	19
gomera	19
gp	19
gramos	19
grasas	19
gritó	19
gubernamentales	19
habrán	19
hombro	19
hospitalizaciones	19
hungría	19
huracanes	19
hurtado	19
ibérica	19
identificadas	19
igualó	19
impacta	19
impactar	19
impusieron	19
inaugurado	19
incluía	19
inconstitucional	19
indemnización	19
indumentaria	19
inesperada	19
infantes	19
informados	19
informativo	19
ingresan	19
inmobiliaria	19
intentará	19
interesar	19
introducir	19
invitar	19
iría	19
jersey	19
josep	19
journal	19
judíos	19
junín	19
jurisdicciones	19
justas	19
karla	19
lasso	19
laterales	19
legitimidad	19
lewis	19
licenciatura	19
lidiar	19
localización	19
love	19
lució	19
líbano	19
manager	19
maternidad	19
mauro	19
mdp	19
medellín	19
mercancía	19
metales	19
migratorios	19
militante	19
mineral	19
moderado	19
motivado	19
movistar	19
mágico	19
mérito	19
múltiple	19
natación	19
navideño	19
neerlandés	19
negociando	19
neutral	19
neutralidad	19
nevada	19
nfl	19
nft	19
nodal	19
obvio	19
ofrecerán	19
ordena	19
originalmente	19
oídos	19
padecen	19
paisajes	19
participante	19
partidarios	19
partículas	19
parón	19
pasto	19
peatones	19
pedirá	19
pegó	19
peligros	19
percibir	19
permitiendo	19
perpetua	19
pesadilla	19
pesados	19
poderosos	19
polideportivo	19
portuaria	19
precisar	19
preliminares	19
prenda	19
preparada	19
procurador	19
programadas	19
protagonizó	19
proteínas	19
proyectiles	19
puñado	19
quedaban	19
queríamos	19
quisieron	19
reactivar	19
realizaban	19
recalca	19
recalcado	19
recibida	19
recorre	19
recuperados	19
reflejado	19
registrarse	19
reiterado	19
remitido	19
reporteros	19
repsol	19
resuelto	19
resuelve	19
resume	19
revelaron	19
rosales	19
rosas	19
récords	19
sacan	19
sacando	19
sacrificio	19
sainz	19
saldrán	19
saliente	19
salvó	19
sars-cov	19
secuencia	19
secuestrado	19
segovia	19
senegal	19
sensibles	19
sentarse	19
setenta	19
señalada	19
sientan	19
significó	19
sismo	19
solía	19
sonar	19
suben	19
sucesor	19
sudamérica	19
sumarán	19
supercopa	19
tacna	19
team	19
tenencia	19
terminará	19
terremoto	19
tirar	19
toronto	19
trabajará	19
traición	19
transportar	19
trate	19
trucos	19
típicos	19
ultra	19
uniforme	19
uribe	19
usuaria	19
utilizaron	19
valentía	19
valiente	19
veloz	19
vendrá	19
veredicto	19
verás	19
vestuarios	19
viajará	19
villanueva	19
villegas	19
voluntario	19
volvemos	19
volúmenes	19
votaciones	19
xeneize	19
zoom	19
árabes	19
árbitros	19
acompañante	18
actuando	18
acudan	18
admisión	18
agredió	18
agresiva	18
alcanzando	18
alegre	18
alfombra	18
alimenta	18
almacenar	18
alquileres	18
analizaron	18
ancianos	18
angélica	18
anterioridad	18
anécdotas	18
aplican	18
aplicaron	18
aplicarse	18
apodado	18
aprovecharon	18
argelia	18
art	18
aspirar	18
atendidas	18
atendieron	18
athletic	18
axel	18
ayude	18
bajando	18
baratos	18
batallas	18
bbva	18
belinda	18
benítez	18
beta	18
bodega	18
bonaerenses	18
borja	18
brevedad	18
brian	18
brindado	18
brindarle	18
brindaron	18
brotes	18
bucha	18
cabecera	18
cambiemos	18
canario	18
cantabria	18
carencia	18
carnes	18
caros	18
carrillo	18
casual	18
catalunya	18
ccoo	18
centran	18
cervantes	18
chaco	18
charlotte	18
chat	18
cineasta	18
citando	18
clasificado	18
cláusula	18
colegiado	18
combatientes	18
comerciante	18
comiendo	18
compensar	18
complejas	18
compraron	18
comprometida	18
compromís	18
computadoras	18
comunica	18
conectados	18
conformado	18
confían	18
congresistas	18
conmoción	18
considere	18
constatar	18
construyó	18
consultada	18
contemporáneo	18
continúe	18
contratado	18
contribuido	18
coraje	18
crespo	18
cruceros	18
cráneo	18
cuadras	18
cubierto	18
cuestionamientos	18
definirá	18
demandó	18
demarcación	18
demora	18
desacuerdo	18
desafortunadamente	18
desaparecida	18
descrito	18
despedido	18
despejado	18
desplegar	18
destitución	18
desventaja	18
determinará	18
dibujo	18
dictador	18
digno	18
diligencia	18
disfrutan	18
disminuyó	18
domiciliaria	18
dotar	18
ducha	18
ecuatoriano	18
efectuó	18
elegida	18
elizabeth	18
emite	18
emitida	18
encontrarán	18
enfocada	18
enviando	18
enviaron	18
epidemiológico	18
equivocado	18
erradicar	18
escondido	18
escándalos	18
esperarse	18
espinoza	18
esquemas	18
estarás	18
estrada	18
estratega	18
estuvieran	18
estés	18
eta	18
exportadores	18
extendido	18
extremadura	18
fabián	18
fallido	18
firmaron	18
fraccionamiento	18
freddy	18
fresca	18
funcionará	18
funcione	18
fármacos	18
gafas	18
gamarra	18
ganarse	18
genere	18
generen	18
genética	18
golpea	18
gratuitas	18
gremial	18
gritar	18
grueso	18
guste	18
halló	18
hondureño	18
huellas	18
huida	18
humanitario	18
híbrido	18
ilícitos	18
impactante	18
imparable	18
impidió	18
implicaciones	18
imposibilidad	18
infectados	18
informáticos	18
inocentes	18
inolvidable	18
insignia	18
interacciones	18
international	18
interpretó	18
invicto	18
invitamos	18
irresponsable	18
jamaica	18
juicios	18
juniors	18
kicillof	18
lanzada	18
letal	18
lewandowski	18
leído	18
licitaciones	18
liderato	18
limitación	18
literalmente	18
llamando	18
machista	18
manchas	18
maria	18
marroquí	18
martí	18
mascota	18
matando	18
mañanera	18
medición	18
mejoramiento	18
mejoró	18
mentalidad	18
metaverso	18
mike	18
montañas	18
morenistas	18
morgan	18
muchísima	18
mueren	18
music	18
mutuo	18
máster	18
narra	18
narrativa	18
necesitaban	18
necesitar	18
necesito	18
neuquén	18
nissan	18
nobel	18
nombrar	18
normalización	18
notificación	18
obstáculo	18
odesa	18
ofrecía	18
olores	18
organizan	18
pacheco	18
paris	18
parisino	18
pasajero	18
pasamos	18
pasarela	18
pastor	18
pensionados	18
perderse	18
periodos	18
persistente	18
pertenencia	18
perímetro	18
pinta	18
pintor	18
pizza	18
pj	18
planeado	18
podés	18
porras	18
portales	18
precisado	18
preferencias	18
prejuicios	18
preservación	18
prisioneros	18
producida	18
produzca	18
produzcan	18
pronta	18
protestar	18
proximidad	18
proyectar	18
pulso	18
puno	18
querida	18
realidades	18
recaudar	18
recomendamos	18
reconciliación	18
refinería	18
regresaron	18
religioso	18
relleno	18
repaso	18
research	18
retomó	18
retrato	18
reza	18
riendas	18
rincones	18
robótica	18
roger	18
ráfagas	18
seamos	18
seattle	18
seguidamente	18
semáforo	18
sientes	18
significativos	18
silvestre	18
simeone	18
sintonía	18
sony	18
sorprender	18
subsecretaría	18
suceden	18
sucesión	18
sueca	18
suizo	18
superación	18
superada	18
suplente	18
supondrá	18
supondría	18
suscripción	18
sustituto	18
tardes	18
taylor	18
televisor	18
tendríamos	18
terapias	18
tirado	18
tom	18
tomen	18
tonelada	18
transformó	18
trascendencia	18
traslada	18
trasplante	18
traumatismo	18
ubicar	18
usados	18
usarse	18
utilizarse	18
vacunadas	18
vacunado	18
valer	18
vallejo	18
variaciones	18
variedades	18
vegetal	18
veintena	18
velar	18
venganza	18
vereda	18
veían	18
vice	18
vocales	18
volar	18
vulnerabilidad	18
válido	18
wars	18
will	18
wimbledon	18
z	18
zaporiyia	18
zuckerberg	18
abasto	17
abel	17
aborda	17
abordó	17
abraham	17
abstención	17
acontecimiento	17
activado	17
actuado	17
actuará	17
adhesión	17
adquirió	17
adversario	17
adversarios	17
afecte	17
agradece	17
agradecemos	17
aguantar	17
ajustado	17
alarcón	17
albergue	17
albert	17
alegando	17
amazonas	17
amber	17
ampliando	17
amplias	17
amplía	17
anexo	17
animó	17
anotación	17
aprobadas	17
apuntar	17
ar	17
aragonesa	17
argumenta	17
argumentan	17
arribó	17
arrojaron	17
aseo	17
asesoría	17
asfalto	17
asisten	17
asumido	17
atento	17
aterrizaje	17
atractiva	17
atrapados	17
autonómica	17
avanzaron	17
añaden	17
barro	17
bay	17
boliviana	17
bordet	17
bote	17
buques	17
burla	17
busque	17
cajero	17
cambiaron	17
camisa	17
campana	17
campeonatos	17
canadienses	17
cantautor	17
cargador	17
carriles	17
casilla	17
cemento	17
centenar	17
centrada	17
centrarse	17
cerrando	17
chocó	17
cicpc	17
cielos	17
circunstancia	17
citados	17
clarín	17
clasificados	17
cohete	17
coincidiendo	17
colocan	17
columnas	17
cometidas	17
comience	17
compartidos	17
compatibles	17
compatriota	17
conducen	17
consecutivas	17
consensos	17
consiguen	17
consola	17
consumen	17
contenedor	17
contenta	17
controla	17
convenciones	17
convirtiendo	17
cortas	17
creaciones	17
crearon	17
criticar	17
crónicas	17
cuartel	17
cubanas	17
cumplirá	17
cupos	17
danzas	17
debieron	17
decirse	17
dedicadas	17
dedicar	17
defecto	17
defenderse	17
demostración	17
desarrollarán	17
deseamos	17
desempeñó	17
desigual	17
despidió	17
desplegó	17
devaluación	17
dgt	17
dijimos	17
dinámico	17
dirigen	17
disputarán	17
distingue	17
distribuidos	17
divertida	17
dobles	17
dra	17
drenaje	17
ebrard	17
echa	17
encantados	17
encontré	17
enojo	17
enseñar	17
epidemiológica	17
escocia	17
escuchaba	17
especificó	17
estalló	17
estambul	17
estaré	17
estimular	17
estricto	17
eterno	17
evacuar	17
evaluaciones	17
exgobernador	17
exigido	17
exponen	17
facultades	17
fallecidas	17
fallos	17
farmacias	17
fdt	17
federer	17
felinos	17
femicidio	17
ferial	17
ferro	17
fichar	17
figuran	17
fiona	17
firmes	17
firmeza	17
fm	17
formales	17
funcionó	17
garantizando	17
giménez	17
gobernanza	17
guantes	17
habitacional	17
haitianos	17
hallaron	17
himno	17
hincha	17
hipoteca	17
historiador	17
hola	17
home	17
homólogo	17
imputada	17
inclusiva	17
inconveniente	17
incrementaron	17
indicando	17
informan	17
informático	17
iniciada	17
insistencia	17
insostenible	17
inspirada	17
insular	17
intensos	17
intercambios	17
invernal	17
inversor	17
investigan	17
irpf	17
islámica	17
itinerario	17
izquierdista	17
joel	17
jordi	17
junts	17
justifica	17
kit	17
lagunas	17
lamentar	17
lamento	17
lautaro	17
letizia	17
levanta	17
llevados	17
llevarla	17
llevaría	17
logren	17
lote	17
louis	17
luchan	17
luciano	17
madero	17
madurez	17
maestras	17
masas	17
mata	17
matanza	17
mayorista	17
mayorías	17
mecánico	17
mediterránea	17
mejoran	17
merma	17
milei	17
modalidades	17
modernos	17
monagas	17
multinacional	17
mural	17
múnich	17
músculos	17
nazi	17
nelson	17
nick	17
niebla	17
norteamericana	17
noruego	17
nápoles	17
observaron	17
ocurrirá	17
olga	17
opinar	17
oportuna	17
opuesto	17
organizados	17
organizó	17
orientado	17
oso	17
pactos	17
panista	17
parejo	17
peatonal	17
pensaron	17
persigue	17
personalizada	17
peruanos	17
petroleras	17
pierda	17
pionero	17
planteo	17
pnp	17
polémico	17
ponernos	17
ponía	17
porteña	17
portátil	17
pos	17
posadas	17
posiciona	17
positivamente	17
posó	17
practica	17
pre	17
preparó	17
presentaban	17
presume	17
pretexto	17
procederá	17
programados	17
programar	17
progresivo	17
promotores	17
pronunciamiento	17
pronunciarse	17
puertorriqueño	17
pyme	17
quilmes	17
quise	17
rebajas	17
receptor	17
recibidas	17
recomendado	17
refiero	17
reinado	17
relatos	17
religiosos	17
remarcado	17
remedio	17
remuneración	17
renault	17
rentable	17
repartidos	17
reproducción	17
requería	17
reseña	17
respiratoria	17
respondieron	17
restablecer	17
resuelva	17
revelan	17
ritmos	17
rivero	17
rodaje	17
roe	17
rossi	17
rotación	17
royal	17
rubros	17
rumor	17
ryan	17
sano	17
seca	17
segmentación	17
senior	17
serias	17
shanghái	17
sheriff	17
sigamos	17
smart	17
socialización	17
sometidos	17
sondeo	17
sopa	17
soviética	17
sueco	17
sumará	17
sustancialmente	17
sustitución	17
tablet	17
tanque	17
tapas	17
tc	17
televisiva	17
televisivo	17
teme	17
teorías	17
terminales	17
tomará	17
tomé	17
tramitar	17
trampa	17
transformaciones	17
transformado	17
trasero	17
tratamos	17
tregua	17
trilogía	17
tuiteó	17
unam	17
usada	17
utilizaba	17
valencianos	17
valiosos	17
vano	17
vapor	17
vasos	17
velada	17
velasco	17
vencedor	17
vendiendo	17
vestimenta	17
veterinario	17
videojuego	17
violencias	17
virginia	17
wall	17
white	17
águilas	17
íntimo	17
óptica	17
únicas	17
abascal	16
abono	16
abusar	16
accesibles	16
aceleración	16
acelerado	16
acordar	16
activación	16
acudido	16
acumulando	16
acumular	16
adams	16
adaptar	16
adelanta	16
adquiere	16
aemet	16
agresivo	16
agrupaciones	16
agujeros	16
aislado	16
ajo	16
alegó	16
aleja	16
alertaron	16
aluminio	16
amante	16
amaya	16
amenazan	16
analizan	16
anderson	16
anticipo	16
anular	16
aparcamiento	16
aparecido	16
aras	16
arquitecto	16
arroyos	16
artesanos	16
arzobispo	16
asistencial	16
atendida	16
atravesando	16
automotor	16
autonómicas	16
autovía	16
auténtico	16
autónomo	16
aval	16
avisos	16
ayudarte	16
bailando	16
bajen	16
ball	16
baratas	16
basados	16
bce	16
bill	16
bolivariana	16
bolsillos	16
bosch	16
brito	16
burbuja	16
buscaron	16
cabezazo	16
calviño	16
cambian	16
caminaba	16
cargamento	16
casinos	16
catalanes	16
causados	16
celda	16
cintas	16
cintura	16
citó	16
coe	16
cohesión	16
colgado	16
comodoro	16
compañeras	16
completará	16
concejalía	16
concentran	16
confiable	16
consideraron	16
considerarse	16
consolas	16
constató	16
constituir	16
contextos	16
continuaremos	16
contrataciones	16
cooperativas	16
costera	16
country	16
cruzó	16
cuerdas	16
cuestionar	16
curry	16
cuéllar	16
cámpora	16
cómodos	16
córner	16
cúbicos	16
dados	16
darnos	16
debida	16
debidamente	16
decisiva	16
dedicarse	16
defendiendo	16
defensivo	16
depósitos	16
derivada	16
desconocidas	16
descontento	16
desesperación	16
despegue	16
desplazamientos	16
desveló	16
detecta	16
detectados	16
devuelto	16
digamos	16
dinamarca	16
dinosaurios	16
disfrutaron	16
disminuyendo	16
disposiciones	16
distinguir	16
divina	16
dj	16
doblete	16
dueña	16
duramente	16
dávila	16
ebriedad	16
elevación	16
eliminó	16
eln	16
elogió	16
emocionado	16
empujar	16
encender	16
encontrados	16
encontrarás	16
enfermeras	16
enfrentamos	16
enseña	16
enseñanzas	16
entendido	16
entendió	16
entrará	16
envases	16
escuchando	16
esperados	16
establecieron	16
estadía	16
estival	16
estudia	16
estímulos	16
exhortó	16
expreso	16
expulsado	16
externas	16
ezequiel	16
faceta	16
facilidades	16
felicitaciones	16
feminicidios	16
fiabilidad	16
fijar	16
fluido	16
formando	16
fort	16
forzar	16
fragmentos	16
frigorífico	16
fundamentos	16
fundó	16
gay	16
gazprom	16
gerencia	16
ginebra	16
golpearon	16
gradualmente	16
gratitud	16
gregorio	16
gráficos	16
gualeguaychú	16
guardado	16
guardias	16
guardiola	16
hablé	16
haciéndolo	16
hallados	16
harris	16
hipotecas	16
históricas	16
hospitalizado	16
huéspedes	16
hábiles	16
ibex	16
ignorar	16
ilícitas	16
impactado	16
importan	16
incidencias	16
inclusivo	16
inconsciente	16
influir	16
innovador	16
inquietud	16
inquietudes	16
insistiendo	16
insistir	16
insta	16
instado	16
institucionalidad	16
institutos	16
intendencia	16
interesada	16
interpreta	16
interpuso	16
interrumpir	16
investigada	16
inés	16
irak	16
irlanda	16
italianos	16
izquierdas	16
jessica	16
jimmy	16
jinping	16
justin	16
kennedy	16
klopp	16
lagos	16
lesionadas	16
liliana	16
limitados	16
linares	16
linda	16
live	16
llenas	16
llevara	16
lobos	16
logístico	16
luchadores	16
luto	16
magna	16
manga	16
mantenían	16
marcando	16
masculina	16
masivas	16
mataron	16
medianas	16
memorias	16
mencionadas	16
merecido	16
michelle	16
migraciones	16
migrante	16
milan	16
miller	16
milwaukee	16
milán	16
minoría	16
modernización	16
molesta	16
morada	16
movida	16
movido	16
mundos	16
muñeco	16
nancy	16
nativa	16
naturalmente	16
naval	16
navideñas	16
necropsia	16
negligencia	16
netos	16
nicole	16
normativas	16
nostalgia	16
obligar	16
ocupada	16
off	16
omisión	16
opep	16
ordinario	16
oscuridad	16
ourensano	16
pague	16
palos	16
pares	16
parientes	16
patente	16
patología	16
patronales	16
pbi	16
pellegrini	16
perjudicial	16
permanentemente	16
piñera	16
platino	16
pnc	16
ponemos	16
posicionado	16
posturas	16
potentes	16
precedente	16
presidido	16
procedencia	16
procesado	16
procesados	16
procesar	16
progresistas	16
prolongado	16
promoviendo	16
promueven	16
proporcionan	16
prosperidad	16
proveniente	16
provocan	16
provocaron	16
pugna	16
pulmón	16
qr	16
quedamos	16
quejó	16
quitó	16
químicos	16
ratificado	16
razonable	16
realista	16
rechazan	16
reciban	16
reconocieron	16
recordamos	16
recorte	16
refieren	16
regulaciones	16
relieve	16
religión	16
remedios	16
remolque	16
renovable	16
reparaciones	16
repechaje	16
reportados	16
repúblicas	16
requerimiento	16
resguardo	16
reside	16
residencias	16
resistente	16
respiro	16
rodeada	16
romina	16
rtve	16
saludo	16
sancionó	16
satisfecho	16
satisfechos	16
scjn	16
scott	16
secretarios	16
secundarias	16
sendero	16
sentirás	16
separatistas	16
severa	16
significativas	16
siniestros	16
soberana	16
sobra	16
solicitan	16
sombras	16
someterse	16
sucesos	16
sudamericano	16
surgido	16
síntoma	16
tardar	16
tele	16
telefonía	16
telescopio	16
terrazas	16
tinta	16
tradicionalmente	16
traducción	16
transportaba	16
travel	16
turísticas	16
táctica	16
técnicamente	16
típica	16
tóxicos	16
ultraderechista	16
urquiza	16
uñas	16
velásquez	16
velázquez	16
vencido	16
vendieron	16
verdaderos	16
vestía	16
vigilar	16
vinculada	16
virales	16
visibilizar	16
warriors	16
xavi	16
you	16
ypf	16
ángela	16
ánimos	16
éramos	16
abanico	15
abejas	15
acabe	15
acierto	15
acompañantes	15
adicción	15
adoptada	15
afecciones	15
afiliación	15
afines	15
africana	15
africanos	15
agregan	15
airlines	15
aislados	15
alcanzados	15
alejada	15
alejados	15
almacenes	15
almacén	15
alojamientos	15
amable	15
amores	15
andrade	15
andrew	15
anhelo	15
antelación	15
anulación	15
apartamentos	15
aplicarán	15
aprende	15
apruebe	15
arterial	15
articulado	15
asambleas	15
atacando	15
atlanta	15
atracciones	15
audi	15
automatización	15
autorizada	15
autorizadas	15
avecina	15
ayudante	15
añadiendo	15
balcón	15
barranco	15
basílica	15
belarra	15
bellas	15
beneficiar	15
bernardo	15
biológico	15
blockchain	15
blog	15
bolas	15
brasileños	15
brigadas	15
brujas	15
buscas	15
caen	15
caiga	15
call	15
candelaria	15
cano	15
cardenal	15
carecen	15
causada	15
caza	15
cebolla	15
celaya	15
cenizas	15
centenares	15
cgt	15
checa	15
cierran	15
cisterna	15
civilización	15
cobró	15
coherente	15
colo	15
come	15
comentan	15
comentar	15
compone	15
componen	15
comprobó	15
compromete	15
comunicaron	15
comunitarias	15
concacaf	15
concello	15
concientización	15
concurrencia	15
condicional	15
conformada	15
consideradas	15
consignó	15
construirá	15
consultor	15
contagiados	15
contemplan	15
contenía	15
conteo	15
continuas	15
contraria	15
contraseñas	15
contraste	15
contribuciones	15
contribuyó	15
convoy	15
copias	15
corrección	15
creyó	15
criticada	15
cuadros	15
cuantía	15
cubiertos	15
cueva	15
curiosa	15
cátedra	15
cómplices	15
darte	15
davis	15
day	15
dañado	15
decida	15
declarados	15
defienden	15
definiciones	15
dejarse	15
dental	15
desgraciadamente	15
desnivel	15
desplazaron	15
desprende	15
destinar	15
determinaron	15
determine	15
detiene	15
detrimento	15
dieran	15
diseñados	15
disminuye	15
dispondrá	15
divulgación	15
dragon	15
dubái	15
durará	15
educar	15
egipcio	15
ejecutan	15
eligieron	15
emilia	15
emiratos	15
emitidos	15
empleadores	15
encarar	15
encarecimiento	15
encargaron	15
enfermera	15
enseñó	15
entera	15
entertainment	15
enteró	15
entregan	15
entrenando	15
enviada	15
enviadas	15
erdogan	15
erte	15
escaso	15
escolta	15
escribiendo	15
escritos	15
escuadra	15
escuché	15
escultura	15
espanyol	15
establecida	15
establezca	15
estancias	15
estragos	15
estudiantil	15
evaluados	15
evalúa	15
exigente	15
exigieron	15
exitosos	15
expandir	15
experimentó	15
explotó	15
exponencial	15
expuestas	15
extendida	15
extenso	15
extraordinarios	15
facial	15
facilitado	15
fajardo	15
fallar	15
faltaba	15
faltando	15
fantasía	15
ferrocarril	15
filtrado	15
first	15
flora	15
formaba	15
fortaleciendo	15
forzada	15
fp	15
free	15
frustrado	15
fuenlabrada	15
fuero	15
funcionalidad	15
galardonado	15
galaxia	15
garaje	15
garanticen	15
garantizada	15
garganta	15
gastado	15
gaza	15
generada	15
gestación	15
gestos	15
golazo	15
goya	15
granja	15
griego	15
guardameta	15
guiadas	15
gustaba	15
haberes	15
hagamos	15
hardware	15
hemisferio	15
hinchada	15
hueso	15
humildad	15
huyen	15
huyendo	15
híbridos	15
hígado	15
iberia	15
icónico	15
impiden	15
implicado	15
imponerse	15
impresionantes	15
inaceptable	15
incide	15
incógnita	15
indicaba	15
inegi	15
infante	15
influye	15
informativa	15
instalarse	15
integrarse	15
intelectuales	15
interactuar	15
interceptado	15
interpretado	15
introducido	15
invadir	15
inventario	15
invierte	15
irapuato	15
irregulares	15
israelíes	15
jazz	15
jubilado	15
jugadas	15
kardashian	15
karim	15
ken	15
lanzando	15
lanzarse	15
latinoamericana	15
legislativos	15
lejano	15
lentes	15
letrado	15
leña	15
liberado	15
libertador	15
libremente	15
lic	15
licenciada	15
licenciado	15
limpias	15
limpio	15
liz	15
llego	15
llorando	15
lotes	15
lucir	15
magnífica	15
mandataria	15
manhattan	15
manifiestan	15
maratón	15
marcará	15
matado	15
matutino	15
mayoritariamente	15
mañueco	15
mb	15
mc	15
mecánicos	15
melbourne	15
memes	15
mensajería	15
mercurio	15
minorista	15
mitre	15
moderación	15
modificado	15
molesto	15
monitor	15
monseñor	15
montiel	15
morado	15
movió	15
muchísimos	15
muertas	15
mágica	15
máscara	15
nacida	15
narco	15
naves	15
navidades	15
navideños	15
neta	15
nigeria	15
nintendo	15
nosotras	15
notables	15
novak	15
nutrientes	15
ocampo	15
ochenta	15
oculta	15
oculto	15
ocurrida	15
optimistas	15
optimizar	15
oscura	15
otero	15
out	15
pancartas	15
pantalones	15
pantalón	15
pantoja	15
paralelamente	15
paraíso	15
paritarias	15
pasen	15
pastillas	15
pata	15
patatas	15
pelotas	15
pen	15
pep	15
pereyra	15
periodístico	15
permanecido	15
persiste	15
personalizado	15
pesquera	15
petrolero	15
peñarol	15
piano	15
pineda	15
pisar	15
planificado	15
plantean	15
playstation	15
ponce	15
pongo	15
poste	15
prefirió	15
pregunto	15
presencialidad	15
presuntas	15
proclamó	15
productoras	15
profundos	15
promocionales	15
proponer	15
publicadas	15
puntual	15
quedo	15
quetzaltenango	15
rabia	15
racional	15
racista	15
radial	15
rapero	15
reafirmó	15
reclamando	15
reencuentro	15
reformar	15
regresan	15
regresen	15
regímenes	15
remonta	15
remontada	15
renovado	15
repercusiones	15
requerida	15
requerido	15
reseñas	15
respaldar	15
respeta	15
respetuosa	15
respondiendo	15
resulte	15
retroceder	15
reunirán	15
revelación	15
ritual	15
rodar	15
romano	15
rublos	15
rutinas	15
sabadell	15
sacarse	15
salgan	15
salvamento	15
sancionado	15
sancionados	15
santafesino	15
saprissa	15
schiaretti	15
secuestrados	15
secuestraron	15
secundarios	15
seguían	15
sep	15
separar	15
señalaba	15
señalamientos	15
siches	15
sinceramente	15
single	15
smartphones	15
sobrepeso	15
sofá	15
soltera	15
solventar	15
sostenida	15
sri	15
subastas	15
submarino	15
subvención	15
sucursal	15
suelos	15
surgieron	15
símbolos	15
síntesis	15
tablas	15
tablero	15
talibanes	15
tanda	15
tapachula	15
tapatío	15
tarragona	15
tauro	15
techos	15
teclado	15
terceras	15
tercios	15
tlaxcala	15
tonos	15
trabajarán	15
traidores	15
transitan	15
transversal	15
trasciende	15
trasladarse	15
térmica	15
urbe	15
urge	15
vacante	15
vacas	15
valeria	15
valla	15
vendrán	15
verla	15
viajan	15
viajaron	15
vidrio	15
villas	15
vine	15
vivas	15
volvería	15
youtuber	15
zúñiga	15
álbumes	15
ídolo	15
ópera	15
últimamente	15
abandonada	14
abandonaron	14
abc	14
abdomen	14
abordaron	14
abrigo	14
abrirse	14
acababa	14
acercado	14
acompañando	14
acondicionado	14
acumulan	14
acumuló	14
acusar	14
ad	14
administrado	14
adoptado	14
aeronaves	14
afán	14
agropecuarios	14
aguacate	14
agüero	14
ajeno	14
albergues	14
alcohólicas	14
aldea	14
aleksandr	14
alineación	14
allegados	14
allen	14
alternativo	14
alzheimer	14
amado	14
amplios	14
andaluces	14
anticuerpos	14
anuló	14
anunciados	14
anuncian	14
anunciara	14
apagón	14
aparecía	14
apariciones	14
aplauso	14
aprobados	14
apuntando	14
aragoneses	14
aragonès	14
arduo	14
arqueológico	14
arrancar	14
artesanales	14
articular	14
ascender	14
asesinar	14
astrazeneca	14
atacada	14
aterrizó	14
austeridad	14
avanzan	14
ayudarnos	14
añadieron	14
bailarina	14
balacera	14
ballet	14
balones	14
barbijo	14
barranquilla	14
bate	14
beneficiado	14
beneficiará	14
bin	14
bluetooth	14
bolivianos	14
bonilla	14
brindando	14
buscaban	14
bárbara	14
caba	14
cabida	14
caminata	14
cancelado	14
cansancio	14
capitalista	14
cascada	14
casó	14
caídos	14
celeridad	14
centró	14
cfe	14
chance	14
che	14
cheque	14
choferes	14
circuitos	14
ciudadanas	14
clasificatoria	14
cni	14
cochabamba	14
cognitivo	14
coincidió	14
colaborador	14
colaboradora	14
colaboró	14
colas	14
colectivas	14
colocaron	14
colon	14
comensales	14
comités	14
complicadas	14
comprometidas	14
comunicador	14
comunistas	14
conciliar	14
concurrir	14
confesión	14
conmocionado	14
conocí	14
conselleria	14
consideraba	14
consolida	14
consulado	14
contactar	14
contemporánea	14
continuamos	14
contrabando	14
contracción	14
controlan	14
conversó	14
convertirá	14
convoca	14
cordillera	14
cordón	14
costumbres	14
cota	14
cotidiano	14
credenciales	14
crezca	14
cristiana	14
cruel	14
cruza	14
cubren	14
cuentos	14
culpables	14
curar	14
cálidas	14
cédula	14
dale	14
debutar	14
dedos	14
dejara	14
dejaremos	14
dejarán	14
dejo	14
delgada	14
demencia	14
democracias	14
descendido	14
desconocida	14
describir	14
deseando	14
desempeñaba	14
desigualdades	14
desplazarse	14
desplegados	14
destina	14
detienen	14
diagnosticado	14
dicta	14
diferencial	14
difundidos	14
diseñadora	14
disfrutó	14
disminuyen	14
distanciamiento	14
distribuida	14
dióxido	14
doctores	14
dominar	14
drásticamente	14
duradero	14
díaz-canel	14
dígitos	14
echan	14
echó	14
edwin	14
efectivas	14
ejecutando	14
elabora	14
eligen	14
elite	14
empezará	14
encantó	14
encierro	14
endeudamiento	14
enlaces	14
entregada	14
entrerriano	14
envergadura	14
escalar	14
escasa	14
escaño	14
escogido	14
esperó	14
estabilizar	14
estableciendo	14
estacionado	14
estaríamos	14
estatutos	14
estrelló	14
estricta	14
estupefacientes	14
etiquetas	14
eurocopa	14
everton	14
evitan	14
evoluciona	14
excepciones	14
exhibir	14
experimentaron	14
experimento	14
eólica	14
fabricar	14
falsificación	14
farmacéutico	14
ferroviaria	14
filtración	14
fincas	14
fire	14
fiscalías	14
flamenco	14
flow	14
frecuencias	14
frescas	14
fuesen	14
full	14
funda	14
funes	14
furgoneta	14
game	14
games	14
gareca	14
gastón	14
gendarmería	14
generadores	14
girasol	14
gorda	14
gordo	14
gota	14
goza	14
gps	14
grúa	14
guardan	14
gubernatura	14
guevara	14
hayamos	14
haz	14
hockey	14
holandés	14
homicida	14
hondureños	14
honesto	14
horizontal	14
horóscopo	14
huyó	14
huánuco	14
ibarra	14
illinois	14
implican	14
importados	14
imprudente	14
inaugurada	14
inaugurar	14
incautaron	14
incluya	14
incorporan	14
incorporó	14
infidelidad	14
infierno	14
inflacionaria	14
influencias	14
ingenio	14
inician	14
inmune	14
inmunización	14
innovadora	14
instalados	14
instalaron	14
instantes	14
integró	14
intercambiar	14
intermediarios	14
interrupciones	14
involucra	14
involucradas	14
ismael	14
iv	14
jabón	14
jack	14
jonathan	14
joseph	14
jugaba	14
kate	14
lanka	14
lanús	14
laredo	14
lección	14
lecturas	14
legalidad	14
leyen	14
libia	14
liderando	14
lineamientos	14
lisandro	14
logísticos	14
looks	14
lourdes	14
luciani	14
lukashenko	14
lógicamente	14
macro	14
majestad	14
mantenerlo	14
marchas	14
marino	14
mariscal	14
matemática	14
materno	14
medvedev	14
meloni	14
mena	14
mencionaron	14
mero	14
mete	14
metido	14
milagros	14
mitos	14
mlb	14
modifica	14
monarquía	14
mossos	14
muelle	14
multimedia	14
multimillonario	14
mónaco	14
navegación	14
necesite	14
nerviosa	14
niegan	14
nominal	14
notificar	14
obrera	14
obteniendo	14
obtienen	14
oltra	14
operativas	14
ordenamiento	14
organizador	14
originaria	14
oriunda	14
oscuras	14
ostenta	14
oviedo	14
pagaron	14
pagará	14
palermo	14
paradigma	14
paralela	14
parlament	14
paros	14
parra	14
pasillo	14
patagonia	14
patrimonial	14
pdi	14
peligrosos	14
pelosi	14
percató	14
peregrinos	14
pertinente	14
períodos	14
pincha	14
plató	14
pnv	14
ponte	14
porqué	14
portar	14
postes	14
preferido	14
premiado	14
preparamos	14
presionando	14
presta	14
prestado	14
prestigioso	14
previsible	14
primordial	14
priorizar	14
progresivamente	14
proposición	14
protagonizada	14
protagonizado	14
protegen	14
provocación	14
proyectado	14
publicando	14
puntualmente	14
querella	14
quitado	14
ratas	14
rebaño	14
receso	14
reconquista	14
recopilación	14
reflexiones	14
regalar	14
regidores	14
regresado	14
reivindicaciones	14
reivindicar	14
rejas	14
relativo	14
remesas	14
remota	14
renunció	14
repartido	14
repercusión	14
repetidas	14
represalias	14
representados	14
republicana	14
respectivo	14
respetado	14
respiratorio	14
respiratorios	14
revistas	14
rocha	14
rojiblanco	14
roland	14
romeo	14
rompiendo	14
ron	14
sagrado	14
same	14
sanas	14
saúl	14
seleccionadas	14
selectivo	14
senderismo	14
sensor	14
serena	14
seriedad	14
simbólico	14
sistemática	14
sitúan	14
sky	14
sobornos	14
soldado	14
solicitados	14
sucio	14
sugirió	14
supervisar	14
suscrito	14
sustento	14
suv	14
suyas	14
tacto	14
tajante	14
tapar	14
tapia	14
teletrabajo	14
televisores	14
thiago	14
tini	14
tomaba	14
tortilla	14
tortura	14
transacción	14
trasladadas	14
traslados	14
tratará	14
tratos	14
traído	14
triunfar	14
trono	14
trudeau	14
turín	14
unesco	14
uniformes	14
valga	14
validez	14
varados	14
varían	14
vecinales	14
vecindario	14
vela	14
venezolanas	14
ventanilla	14
vería	14
viajado	14
viajero	14
viedma	14
viera	14
violar	14
vip	14
visiblemente	14
vivencias	14
vivero	14
vives	14
volcó	14
volodymyr	14
volvía	14
wade	14
xv	14
yardas	14
zodiaco	14
águila	14
abordado	13
abordaje	13
abra	13
abundante	13
acabo	13
accede	13
acompañan	13
acontecido	13
acredita	13
acreditar	13
actas	13
activas	13
admiten	13
admitir	13
afirmaba	13
agrava	13
agro	13
aislada	13
ajenos	13
alargar	13
albergar	13
alcalá	13
alcista	13
alcoholemia	13
alejar	13
alentador	13
algodón	13
alhaurín	13
ali	13
allanamientos	13
altamira	13
altar	13
altavoces	13
alumnas	13
amarillas	13
ambiciones	13
ambicioso	13
amoroso	13
ampliará	13
an	13
analizados	13
andaluza	13
andy	13
animada	13
antesala	13
antígenos	13
apagones	13
apelaciones	13
apodo	13
apostó	13
aprovechan	13
apto	13
apuestan	13
arbitraje	13
arguiñano	13
arrancará	13
arrastra	13
asequible	13
asesinaron	13
asiste	13
asumirá	13
aterrizar	13
automovilismo	13
autoritarismo	13
autoría	13
autódromo	13
avisado	13
ayacucho	13
balears	13
bali	13
bandos	13
barba	13
batakis	13
bcra	13
beneficioso	13
bermúdez	13
bid	13
billetera	13
bloqueó	13
boom	13
botones	13
bowl	13
boxeador	13
boys	13
brent	13
brooklyn	13
bts	13
buses	13
busquen	13
caballeros	13
cabos	13
cacao	13
caleta	13
calientes	13
calificar	13
cambiario	13
campanas	13
cansado	13
cardiovascular	13
carisma	13
carpetas	13
carteras	13
castigar	13
casualidad	13
causaron	13
cd	13
celebraba	13
celebraron	13
celos	13
celtics	13
centroamericano	13
centígrados	13
ceoe	13
cesión	13
chiste	13
citar	13
cloud	13
clásicas	13
cne	13
cobros	13
coco	13
coincidencia	13
colaboraciones	13
comentaba	13
comenzaba	13
competidores	13
compiten	13
comprobado	13
conceder	13
concluirá	13
concluyeron	13
condenar	13
condujo	13
conozcan	13
conseguirlo	13
consultora	13
consultó	13
consumos	13
contagiosa	13
continuaba	13
continuamente	13
coordinada	13
corrida	13
corrido	13
cr	13
creativos	13
crecida	13
crianza	13
criticaron	13
cronista	13
cuadrangular	13
cuauhtémoc	13
cuida	13
cultivar	13
cápsula	13
cárceles	13
cóctel	13
dante	13
debanhi	13
debiera	13
decano	13
decidí	13
defensoría	13
democráticas	13
denunciados	13
deportación	13
derbi	13
derivadas	13
derrame	13
des	13
desaparece	13
descargo	13
despachos	13
despedir	13
despierta	13
desplazados	13
destruyó	13
diablo	13
diagonal	13
diamantes	13
dibujos	13
difamación	13
difundieron	13
dijera	13
diplomáticos	13
directrices	13
discrepancias	13
disculpa	13
diseñador	13
disolución	13
disparando	13
distracción	13
distribuir	13
documentado	13
dolosos	13
domiciliario	13
dormitorios	13
dortmund	13
dotado	13
douglas	13
dramático	13
dudar	13
dupla	13
duradera	13
durán	13
ebitda	13
ecología	13
ecuatoriana	13
ecuatorianos	13
elaborada	13
electa	13
elimina	13
emiten	13
emocionales	13
encuentras	13
enfoca	13
enfoques	13
enfrentando	13
enseñado	13
entramos	13
entrante	13
equipada	13
erupción	13
escaleras	13
escribieron	13
espada	13
estafadores	13
estimada	13
evo	13
exentos	13
existido	13
explanada	13
explosivos	13
exporta	13
exportador	13
exportar	13
expuesta	13
extrañas	13
fabricados	13
facetas	13
facto	13
fatiga	13
feb	13
felicitó	13
ferrer	13
festividades	13
fierro	13
fijos	13
financiada	13
fugas	13
furia	13
galindo	13
galo	13
galván	13
galán	13
ganados	13
ganamos	13
ganan	13
ganancia	13
generará	13
generosidad	13
genocidio	13
gestores	13
getafe	13
ghana	13
giros	13
godoy	13
golpeada	13
gozan	13
grammy	13
griega	13
grieta	13
grita	13
guatemalteco	13
guatemaltecos	13
guiada	13
guterres	13
habilitados	13
hacerla	13
hall	13
heredia	13
high	13
hispana	13
hitos	13
hombros	13
hortalizas	13
hídrico	13
icono	13
ilegalmente	13
impedido	13
implementó	13
implicadas	13
imponente	13
imposibles	13
impreso	13
impuesta	13
incansable	13
inclemencias	13
incluirá	13
incorporarse	13
incrementará	13
increíblemente	13
incómoda	13
indefinido	13
indiferente	13
indirecta	13
inflexión	13
informando	13
ingleses	13
iniciarán	13
inscribir	13
inscritos	13
insisten	13
insoportable	13
instala	13
instalarán	13
instantánea	13
instructor	13
integrales	13
interamericana	13
interfaz	13
interpretaciones	13
interrumpida	13
interviene	13
introdujo	13
intérpretes	13
investidura	13
investigue	13
inviable	13
inútil	13
it	13
jaguar	13
jaldo	13
jne	13
juana	13
jugamos	13
karol	13
kenia	13
kiko	13
kms	13
kulfas	13
kwh	13
labios	13
lady	13
lakers	13
lanzan	13
latas	13
lea	13
lentamente	13
lesa	13
levantado	13
lgbt	13
ligada	13
limpios	13
localizados	13
logo	13
lola	13
lujoso	13
líquidos	13
macrismo	13
magistrada	13
mandos	13
manejando	13
marinas	13
masculinos	13
masterchef	13
mayormente	13
medirá	13
mejore	13
mejoría	13
mexiquense	13
michel	13
minoristas	13
mito	13
mixto	13
molestos	13
monasterio	13
montoya	13
motiva	13
moviendo	13
nativos	13
necaxa	13
necesitará	13
nene	13
network	13
nominados	13
norteamérica	13
notificaciones	13
notificó	13
obligan	13
obreros	13
observadores	13
ocurría	13
océanos	13
ofensivas	13
ohio	13
oleaje	13
oportuno	13
ops	13
optado	13
orange	13
organizadas	13
originó	13
orillas	13
orquestas	13
osvaldo	13
otorgamiento	13
pactado	13
palestina	13
palestino	13
paralizado	13
participaciones	13
particularidad	13
pascua	13
patas	13
patrocinadores	13
pediatría	13
pedí	13
pensaban	13
pentágono	13
perdí	13
perito	13
periódicos	13
permanecerán	13
permitía	13
peronistas	13
perseverancia	13
pesadas	13
petroleros	13
picos	13
pino	13
pintado	13
pintar	13
piscinas	13
plancha	13
planean	13
plantación	13
planteamos	13
platillos	13
polaca	13
polar	13
polígono	13
ponches	13
pondrán	13
ponerlo	13
pontífice	13
pornografía	13
portaba	13
poseer	13
prefectura	13
preguntaron	13
preocupan	13
preparadas	13
presumir	13
presunción	13
preventivo	13
probables	13
procedieron	13
procesadas	13
procesador	13
profesiones	13
prolongación	13
promocionar	13
promotor	13
propiciar	13
prototipo	13
prófugo	13
publican	13
quedarme	13
re	13
reabrir	13
rebeldes	13
recarga	13
rechazada	13
reciba	13
reclusos	13
recuperaron	13
reembolso	13
reestructuración	13
refería	13
regaló	13
regulares	13
relacionan	13
relojes	13
remates	13
rendición	13
renfe	13
renovó	13
rené	13
repartir	13
repetición	13
representando	13
representará	13
rescatistas	13
resistir	13
resoluciones	13
resonancia	13
respete	13
restablecimiento	13
retira	13
rio	13
rodillas	13
roman	13
romana	13
salteño	13
saludar	13
salvaje	13
santafesina	13
sartén	13
senderos	13
sensibilización	13
sensores	13
serlo	13
severas	13
seúl	13
simboliza	13
simbólica	13
simplificar	13
simular	13
solas	13
soltar	13
sometida	13
sorpresiva	13
sostuvieron	13
soñar	13
spacex	13
sporting	13
studios	13
subasta	13
sucia	13
sudeste	13
sufragio	13
sufridas	13
sumas	13
superintendencia	13
supieron	13
sustentabilidad	13
sustracción	13
switch	13
sálvame	13
tamaños	13
taquilla	13
taxis	13
taxistas	13
tech	13
tejidos	13
telefónicas	13
tempranas	13
tenso	13
tentación	13
tentativa	13
terminación	13
terminada	13
terminen	13
tibia	13
tiende	13
tirando	13
tito	13
tomarán	13
tomate	13
tomo	13
toni	13
traen	13
transcurrido	13
transitorio	13
transmitió	13
trayectos	13
trozos	13
truco	13
tuvieran	13
tuyo	13
térmico	13
típicas	13
ultima	13
ultraderecha	13
unai	13
unida	13
unilateral	13
urbanismo	13
usaron	13
use	13
vacíos	13
valles	13
vanesa	13
vendidos	13
venecia	13
vestidos	13
vietnam	13
vocera	13
volatilidad	13
volverse	13
válvula	13
walmart	13
windsor	13
xavier	13
zapopan	13
zelenskyy	13
zverev	13
ágil	13
ángulo	13
ímpetu	13
abismo	12
absolución	12
absurdo	12
abundancia	12
acelera	12
aceptable	12
aciertos	12
aclaración	12
acnur	12
acoger	12
acometer	12
acompañaba	12
acompañadas	12
acreedores	12
actrices	12
acudirá	12
adecuar	12
adelantaron	12
adquieren	12
aduana	12
aduanas	12
adversos	12
advertencias	12
afa	12
aglomeraciones	12
agradables	12
agrario	12
agredir	12
ah	12
alarmante	12
albacete	12
aldo	12
aledañas	12
alegrías	12
alejadas	12
alejamiento	12
alejarse	12
alentar	12
aliento	12
almeida	12
almirante	12
alpine	12
altagracia	12
altitud	12
aludiendo	12
alvear	12
amenazar	12
anciana	12
andan	12
anfitriona	12
anne	12
antecesor	12
anunciando	12
aplicable	12
apliquen	12
aportará	12
apoye	12
aprehendido	12
araucanía	12
armario	12
aroma	12
arreglo	12
arriendo	12
artemis	12
ascendido	12
asegurada	12
asegurarnos	12
asesinó	12
asiática	12
aspiración	12
aston	12
atractivas	12
atribuyó	12
audiovisuales	12
ausente	12
autorizados	12
averiguar	12
azov	12
azovstal	12
bacteria	12
badajoz	12
baje	12
banxico	12
barinas	12
barquisimeto	12
barras	12
battaglia	12
baza	12
be	12
bell	12
benedicto	12
benidorm	12
best	12
bienvenido	12
bit	12
blanqueo	12
blanquiazul	12
blas	12
bocas	12
bolso	12
bonitos	12
borrar	12
brexit	12
bronx	12
básquet	12
cafiero	12
calificaron	12
calmar	12
campesina	12
canceló	12
capitalización	12
captación	12
cargó	12
castelló	12
castigados	12
cataratas	12
catedrático	12
caudal	12
cedeño	12
celso	12
cepal	12
cerebrales	12
certezas	12
cesta	12
ceuta	12
chaleco	12
choques	12
cimientos	12
cinthia	12
circunscripción	12
cirujano	12
cofundador	12
colaborando	12
coliseo	12
collado	12
colocarse	12
comedor	12
cometen	12
comiencen	12
compacto	12
competente	12
competentes	12
competitivas	12
compitiendo	12
completaron	12
completas	12
comprendido	12
comprometieron	12
comunicadora	12
concedida	12
concretarse	12
confirmando	12
conmebol	12
conservatorio	12
considerablemente	12
consideraciones	12
consiguiente	12
consolidó	12
contagiar	12
contaminantes	12
contemplado	12
contestar	12
continuado	12
continúen	12
conveniencia	12
convertiría	12
cooperar	12
corporales	12
corporativa	12
corpus	12
correccional	12
correcciones	12
correrá	12
corrieron	12
cortado	12
cotejo	12
cotidianas	12
cotizaciones	12
creadora	12
creces	12
criminalidad	12
criminalística	12
cripto	12
criptomoneda	12
cristianos	12
croata	12
cubriendo	12
cuerda	12
cuidan	12
culminar	12
culminará	12
cumplía	12
cuneta	12
céntimos	12
céntrica	12
cómplice	12
damnificada	12
danilo	12
darwin	12
darían	12
dañadas	12
dañó	12
decepción	12
dedicados	12
deficiencias	12
definida	12
deforestación	12
degustar	12
dejes	12
dejé	12
delanteros	12
delicias	12
demasiadas	12
derribar	12
desaceleración	12
descender	12
descentralización	12
descomunal	12
desconocidos	12
desesperada	12
desestimó	12
designar	12
desnudo	12
desplegado	12
desprecio	12
destinará	12
diablos	12
diamante	12
dices	12
dictado	12
dirigieron	12
dirigirá	12
dirá	12
discutido	12
dispara	12
dispondrán	12
distribuido	12
diversificación	12
divididos	12
dmitri	12
docenas	12
doctrina	12
documentales	12
donantes	12
draft	12
draghi	12
dragón	12
dramática	12
drive	12
dudo	12
dúo	12
editar	12
editor	12
editora	12
editores	12
ego	12
electos	12
emblemáticos	12
emma	12
emocionados	12
emocionalmente	12
empatados	12
emprendedor	12
emprendedoras	12
emprendido	12
enamorado	12
encantada	12
encontradas	12
energy	12
enfocados	12
engañar	12
engaño	12
entrena	12
envuelto	12
enérgicamente	12
equilibrado	12
er	12
escaparon	12
esconder	12
especialización	12
espn	12
esquí	12
esterlinas	12
estimados	12
estipulado	12
estéticos	12
evacuados	12
evaluó	12
eviten	12
excesos	12
existió	12
explícito	12
expositores	12
expresarse	12
extenderse	12
extraordinarias	12
extremar	12
faena	12
faltado	12
faltante	12
fanático	12
felicitación	12
femeninos	12
feminismo	12
fertilidad	12
fest	12
festividad	12
fgr	12
fiat	12
fijada	12
filtraciones	12
finalizada	12
flexibles	12
formada	12
forzado	12
fracasado	12
friday	12
fríos	12
funcionales	12
fundadores	12
fórmulas	12
galón	12
garza	12
gasoductos	12
gasta	12
generadas	12
geopolítica	12
gestionado	12
gestor	12
go	12
grabando	12
gradas	12
granizo	12
griezmann	12
gráficas	12
guerreros	12
gálvez	12
habilitó	12
halloween	12
hazaña	12
heraldo	12
hermandad	12
heroína	12
hicieran	12
hipertensión	12
honesta	12
honestidad	12
hong	12
honorable	12
honra	12
horror	12
hospedaje	12
hostigamiento	12
hotelera	12
huesos	12
humanitarias	12
híbrida	12
ibáñez	12
ilusiones	12
imaginó	12
impecable	12
imperial	12
importantísimo	12
imposición	12
imprescindibles	12
impulsadas	12
inalámbrica	12
inc	12
incidido	12
incidir	12
incipiente	12
incluyeron	12
inconformes	12
incrementan	12
incómodo	12
indagatoria	12
indiana	12
indio	12
inestable	12
informalidad	12
ing	12
injerencia	12
injusta	12
innovaciones	12
inspecciones	12
instaladas	12
integrados	12
intensivo	12
intentaban	12
internados	12
interrogante	12
interrogantes	12
intimidad	12
invitaciones	12
invitaron	12
involucró	12
inédito	12
iremos	12
irregularidad	12
irresponsabilidad	12
islámico	12
jamón	12
jara	12
jason	12
jim	12
joao	12
jonrón	12
juanma	12
juegue	12
juguete	12
jurídicas	12
khan	12
kw	12
lamentan	12
latente	12
lavar	12
lecciones	12
leonel	12
levantarse	12
lg	12
liberada	12
liceo	12
ligamento	12
limitó	12
link	12
liquidez	12
lisboa	12
lituania	12
llame	12
llanto	12
llevarlos	12
llevas	12
luiz	12
macías	12
magnate	12
magnética	12
man	12
mandatos	12
manzana	12
manzur	12
marbella	12
market	12
martha	12
martina	12
maryland	12
massachusetts	12
matamoros	12
matan	12
maule	12
mayoritario	12
meghan	12
mejorará	12
mejoren	12
memorial	12
mercosur	12
merengue	12
merino	12
meteorológica	12
metiendo	12
michelin	12
mitin	12
moderados	12
mohamed	12
monroe	12
morelia	12
morenista	12
morgue	12
mostraban	12
motivó	12
motociclista	12
motociclistas	12
muchacho	12
mueble	12
mutuamente	12
mánager	12
mítica	12
na	12
nacionalidades	12
nacionalistas	12
nahuel	12
necesitados	12
necesiten	12
necesitó	12
negaron	12
nena	12
nicaragüense	12
nico	12
nochebuena	12
novato	12
novedoso	12
obedece	12
obligatoriedad	12
ofrecían	12
ofrenda	12
oit	12
olvidó	12
operadoras	12
oponente	12
opta	12
optaron	12
ordenadores	12
organizarse	12
orgánico	12
orientar	12
orleans	12
oscense	12
otrora	12
oír	12
padecimiento	12
pakistán	12
papás	12
paraguayo	12
parcela	12
parcelas	12
parciales	12
parroquias	12
partidario	12
pdvsa	12
pecado	12
peces	12
peculiar	12
pedían	12
peralta	12
perdimos	12
perotti	12
pesquisas	12
peñas	12
picante	12
pida	12
pionera	12
piratas	12
plana	12
planteada	12
planteles	12
plantillas	12
plasma	12
pld	12
plenaria	12
pluma	12
poblados	12
polarización	12
pole	12
ponferrada	12
populista	12
porsche	12
portillo	12
portland	12
portátiles	12
postales	12
postemporada	12
posteo	12
postulación	12
preciado	12
precisaron	12
premiados	12
preocuparse	12
prescindir	12
prescripción	12
presupuestaria	12
prevalencia	12
priori	12
privilegios	12
probando	12
procura	12
promocional	12
promovido	12
pronunciar	12
protagonizan	12
protagonizaron	12
psicóloga	12
pulga	12
puse	12
quedé	12
quitarse	12
químico	12
rastro	12
ratificación	12
raya	12
rebelde	12
recabar	12
recambio	12
recipiente	12
reclamaciones	12
recogen	12
recorrida	12
recuperando	12
recurrente	12
recurrentes	12
referida	12
reflejar	12
regimiento	12
regir	12
reinserción	12
reivindicado	12
relativa	12
relativas	12
repasar	12
repiten	12
repudio	12
requeridos	12
rescatados	12
resguardar	12
resiste	12
respalda	12
respeten	12
respiración	12
respondía	12
restaurar	12
restringir	12
retenciones	12
retiraron	12
retrasado	12
retrasar	12
revolucionar	12
revuelo	12
rfef	12
rindieron	12
rivalidad	12
riñón	12
rosarino	12
round	12
ruth	12
ruud	12
ryanair	12
sabag	12
saberlo	12
sabiduría	12
sacarle	12
saint	12
salimos	12
salva	12
salí	12
sancionar	12
sanos	12
seleccionada	12
sencillas	12
sentada	12
sesenta	12
señalización	12
significar	12
silvana	12
simultánea	12
sinfín	12
singular	12
singularidad	12
sintiendo	12
sirvieron	12
socorristas	12
sofocar	12
solicitante	12
soltó	12
solvencia	12
someter	12
sos	12
sospechar	12
sra	12
ssd	12
stand	12
startup	12
stoltenberg	12
subsecretaria	12
sucedieron	12
suela	12
sujeta	12
sujetas	12
supe	12
superficies	12
supuestas	12
suspende	12
suspendidas	12
suspendieron	12
sustituido	12
tapabocas	12
tardado	12
tardaron	12
tarot	12
taxista	12
temores	12
templado	12
terminara	12
thor	12
tocaba	12
tolosa	12
trabaje	12
trampas	12
transeúntes	12
transitar	12
transporta	12
trasladan	12
trasplantes	12
tratarán	12
trataría	12
travesía	12
triples	12
triplete	12
trágica	12
tse	12
tuits	12
tumores	12
tweet	12
twitch	12
uber	12
ubicarse	12
usuarias	12
utilicen	12
uva	12
vacunada	12
valenzuela	12
valientes	12
valía	12
vara	12
variado	12
variados	12
varsovia	12
vayamos	12
verdaderas	12
verlos	12
viena	12
viola	12
virtudes	12
visas	12
viste	12
visualizar	12
viví	12
volando	12
volcado	12
voleibol	12
volviera	12
vosotros	12
vuelco	12
vómitos	12
watch	12
wilson	12
xii	12
zaguero	12
zaragozana	12
éxodo	12
abandonados	11
abandonen	11
abe	11
abonos	11
abrazos	11
absorbe	11
abundantes	11
aburrido	11
acabaron	11
aceites	11
aceptaron	11
aclararon	11
acondicionamiento	11
acordada	11
acordes	11
acuario	11
adjudicó	11
admirar	11
adoptadas	11
adoptó	11
advertir	11
aew	11
afectaron	11
agarró	11
agradecidos	11
agradecieron	11
agresividad	11
agropecuario	11
agrupa	11
ajena	11
albares	11
alberdi	11
alcanzaría	11
alega	11
alegaciones	11
alegatos	11
alimenticios	11
alojado	11
alquilar	11
alteración	11
alvarez	11
alzhéimer	11
amada	11
amarillos	11
amigable	11
amini	11
amnistía	11
amorosa	11
ampliado	11
anabel	11
ancestral	11
ancestrales	11
andaba	11
anexión	11
anonimato	11
anotada	11
anticipada	11
antioquia	11
anzoátegui	11
aplicadas	11
aportado	11
apuntaba	11
apure	11
arnold	11
arrendamiento	11
arrestados	11
artesanía	11
asaltos	11
asensio	11
asesinos	11
asfáltica	11
asignaciones	11
associated	11
astronautas	11
asturiano	11
asuma	11
ataca	11
atardecer	11
atenas	11
ateneo	11
atraco	11
atrajo	11
atrapada	11
atrapadas	11
atravesar	11
atrocidades	11
atómica	11
aumente	11
aunado	11
aurelio	11
aurora	11
autoconsumo	11
autonomías	11
autonómicos	11
autorizaciones	11
auxilios	11
avanzamos	11
avisa	11
azotea	11
azulgranas	11
bailes	11
bale	11
balneario	11
balonmano	11
bandeja	11
bariloche	11
bastantes	11
batallón	11
batir	11
batista	11
beneficiarias	11
bienvenidos	11
bioseguridad	11
blindados	11
bob	11
boleta	11
bombeo	11
bombonera	11
bonificación	11
bordes	11
bravos	11
brevemente	11
brillantes	11
britney	11
bronca	11
bronco	11
bryan	11
business	11
bélica	11
cajón	11
calentar	11
calorías	11
cana	11
capo	11
caps	11
cardiovasculares	11
carencias	11
cargadores	11
carla	11
casino	11
castellanos	11
católicos	11
causadas	11
causante	11
ceballos	11
celebramos	11
certificar	11
cerámica	11
chapa	11
charros	11
chicharito	11
chilenas	11
chiquito	11
cibernética	11
cierres	11
cineastas	11
clamor	11
clan	11
clandestino	11
clasificó	11
cláusulas	11
coberturas	11
cocción	11
cocinero	11
cocineros	11
cohetes	11
col	11
colchón	11
college	11
combinan	11
comercializar	11
cometiendo	11
comido	11
competirán	11
competitivos	11
complementan	11
complementaria	11
complementarias	11
compraventa	11
comunión	11
concede	11
concedido	11
concentraciones	11
concienciación	11
concretado	11
concursante	11
concursantes	11
conde	11
condenas	11
conejo	11
confesado	11
confiado	11
confiamos	11
confirmarse	11
conformó	11
confío	11
congelador	11
conmemorar	11
conmemorativo	11
conocían	11
conquistado	11
constituyentes	11
construyen	11
construyeron	11
continuando	11
continuos	11
contrasta	11
contribuyente	11
convencida	11
convertirlo	11
cop	11
corporativo	11
corral	11
correspondía	11
cortando	11
cosmética	11
creativas	11
crecientes	11
creencias	11
creían	11
critican	11
crueldad	11
cruzada	11
cruzan	11
cuadernos	11
cuencas	11
cuestionada	11
cuestionamiento	11
cuestionario	11
cuidarse	11
culé	11
cálida	11
cómico	11
córdova	11
dabi	11
darién	11
dañada	11
debilitar	11
decisivos	11
deficiente	11
democráticos	11
demoras	11
denis	11
denunciada	11
derechas	11
derrotado	11
desalojo	11
desarrollen	11
desarrollos	11
desatado	11
descomposición	11
descuido	11
desesperados	11
deshacerse	11
designó	11
desnuda	11
despedirse	11
despertado	11
desplazado	11
desplome	11
destrozos	11
desvío	11
devolverle	11
diagnosticados	11
dialogó	11
diarrea	11
diaz	11
dictar	11
dieciocho	11
dina	11
dinamismo	11
dirigían	11
disfraz	11
disfruten	11
dispersas	11
disputaron	11
distintivo	11
distribuidores	11
distribuye	11
divide	11
dividir	11
diócesis	11
docencia	11
dolby	11
donó	11
drástica	11
duerme	11
duplicar	11
dureza	11
débito	11
décimas	11
echeverría	11
eclipse	11
ediles	11
edomex	11
ejecuta	11
ejercido	11
elegancia	11
emblemática	11
emigrar	11
emisora	11
empatando	11
emperador	11
empeño	11
empleada	11
emplean	11
encabezan	11
encantaría	11
encanto	11
encargará	11
encarnación	11
enfriamiento	11
enfriar	11
ensenada	11
entenderse	11
entramado	11
entregadas	11
entregando	11
entregarle	11
entregarse	11
entrenado	11
enzo	11
epidemiología	11
equilibrada	11
escaló	11
escalón	11
esclarecimiento	11
esclavos	11
esconde	11
escénico	11
eslovaquia	11
especificaciones	11
espectador	11
especula	11
estacionamientos	11
estallar	11
estallaron	11
estamentos	11
estrechamente	11
estrenar	11
estrictamente	11
estudian	11
estudiantiles	11
estímulo	11
eterna	11
eurozona	11
evaluando	11
evasión	11
eventuales	11
evitará	11
excelentes	11
exclamó	11
exhorto	11
exigimos	11
expectación	11
experimental	11
explicaba	11
explícita	11
expresidenta	11
expusieron	11
extenderán	11
extraoficial	11
extraños	11
ezeiza	11
fabrica	11
fabricado	11
facilitando	11
fallado	11
fantástica	11
faro	11
fascista	11
feo	11
feroz	11
fijas	11
fijó	11
filósofo	11
firmados	11
firmemente	11
flotante	11
forenses	11
formativas	11
fortalecido	11
freno	11
ftx	11
funcionado	11
fundaciones	11
galardones	11
gaming	11
ganaba	11
garantizan	11
garra	11
garros	11
gates	11
gel	11
gen	11
generacional	11
generosa	11
genes	11
geopolítico	11
gertz	11
gestora	11
giras	11
globos	11
glorieta	11
golpeando	11
gordon	11
grata	11
grilla	11
gritando	11
gt	11
habilitar	11
habitante	11
hable	11
hacerte	11
halagos	11
ham	11
hd	11
hegemonía	11
hermosas	11
hit	11
homosexuales	11
hondo	11
honores	11
honrar	11
hornos	11
hostil	11
huawei	11
huido	11
humanidades	11
humedales	11
hídrica	11
ibm	11
icónica	11
igualar	11
imagino	11
impactando	11
impedimento	11
imponiendo	11
impresiones	11
improbable	11
inacción	11
incapaz	11
inclinación	11
incomodidad	11
incorporaron	11
incumplimientos	11
indagatorias	11
independentista	11
indiferencia	11
indiscutible	11
indispensables	11
infinidad	11
informales	11
informativos	11
ingresados	11
inhabilitación	11
iniciando	11
inicien	11
inigualable	11
inmediatas	11
inmobiliarios	11
innings	11
inquilinos	11
inserción	11
inspira	11
interceptaron	11
interrogatorio	11
interrumpido	11
intoxicación	11
introducción	11
invención	11
ipad	11
irrupción	11
iu	11
jane	11
jardinería	11
jerez	11
jerónimo	11
jonrones	11
jordan	11
jurados	11
justificación	11
justificada	11
júpiter	11
karina	11
kits	11
kong	11
lambán	11
lana	11
lancha	11
lanzará	11
larroque	11
legítimo	11
lenguas	11
lesionada	11
letalidad	11
leticia	11
leyendo	11
leí	11
librería	11
ligado	11
llegados	11
llenado	11
llenó	11
loca	11
luchado	11
lusail	11
lácteos	11
ma	11
macarena	11
madryn	11
maletas	11
mandan	11
manifestar	11
manto	11
manuales	11
mapas	11
maravilla	11
marcel	11
marcela	11
mares	11
mariana	11
marisa	11
mary	11
master	11
mecánicas	11
medioambientales	11
melilla	11
mensualmente	11
mentir	11
mep	11
mera	11
merced	11
merecía	11
mestalla	11
michigan	11
microondas	11
mier	11
mierda	11
mikel	11
millonarias	11
miniserie	11
minnesota	11
minsa	11
minsk	11
miraba	11
miren	11
modric	11
moisés	11
moldavia	11
molestó	11
monos	11
montaner	11
montreal	11
monzón	11
muestre	11
multinacionales	11
munich	11
mutaciones	11
mutua	11
muñeca	11
my	11
máscaras	11
nacen	11
nacionalista	11
narcotraficante	11
narró	11
national	11
nativas	11
night	11
noel	11
noelia	11
nombró	11
nora	11
noventa	11
nvidia	11
náutico	11
nóminas	11
objetiva	11
observando	11
obstrucción	11
obtenida	11
ocupando	11
ocupará	11
oea	11
oleada	11
oligarcas	11
oliver	11
olvidan	11
olvides	11
on	11
operaba	11
operado	11
opinan	11
organizando	11
orientales	11
orozco	11
oscilan	11
osorio	11
oye	11
pack	11
palestinos	11
paolo	11
paritaria	11
partidaria	11
paró	11
paseos	11
pasivo	11
pastel	11
pasé	11
patrocinio	11
pautas	11
pedagogía	11
pegar	11
peligrosidad	11
penitenciaria	11
pergamino	11
periciales	11
peritaje	11
perjudicar	11
perla	11
perrito	11
persiguen	11
pertenecer	11
petróleos	11
pez	11
phoenix	11
piense	11
pintada	11
pinto	11
pinturas	11
pirineo	11
pistolas	11
pixel	11
planear	11
planetas	11
planilla	11
plantaciones	11
pleito	11
plenario	11
plenos	11
pliego	11
plásticas	11
poderío	11
portada	11
porte	11
posicionarse	11
posta	11
postular	11
potestad	11
prat	11
precandidato	11
precariedad	11
predios	11
predisposición	11
preferente	11
preferida	11
preocupada	11
prepararnos	11
presas	11
prestadores	11
prestan	11
prestigiosa	11
prestó	11
pretender	11
prioritario	11
procurar	11
productivas	11
profesorado	11
prohibidos	11
pronostican	11
proporcionó	11
protegerse	11
provocada	11
psicólogos	11
psiquiátrico	11
publicará	11
pulmones	11
pulsar	11
puntaje	11
puntuación	11
puño	11
páez	11
quebrada	11
quemando	11
quemar	11
quiebre	11
quitaron	11
racial	11
radares	11
radicada	11
radicalmente	11
rastros	11
raw	11
razonables	11
reaccionaron	11
realistas	11
recaudado	11
reciclables	11
reciclar	11
recogidas	11
recomiendo	11
reconocía	11
recorren	11
recorrieron	11
recuerde	11
recuperada	11
reducidos	11
redujeron	11
refresco	11
refugios	11
regidora	11
reglamentario	11
regrese	11
regularidad	11
regularización	11
reinicio	11
reitera	11
reiteradas	11
reivindicación	11
rellenar	11
rematar	11
renal	11
rentables	11
repleto	11
replicar	11
reportadas	11
reposición	11
representativo	11
reproduce	11
requerirá	11
rescató	11
reservadas	11
resignación	11
resolvieron	11
respaldado	11
respetan	11
resumió	11
retomará	11
revisa	11
revisado	11
revisó	11
revivir	11
road	11
robó	11
roldán	11
rompieron	11
roque	11
rotos	11
rotundo	11
sacrificios	11
salcedo	11
salomón	11
salteña	11
salvación	11
salvadoreño	11
salvaguardar	11
salían	11
secuestrar	11
sedición	11
sedimentos	11
sembrar	11
semiconductores	11
sendas	11
serguéi	11
seriamente	11
severos	11
sierras	11
silvestres	11
silvio	11
simultáneamente	11
simultáneo	11
singapur	11
sobrinos	11
solicitantes	11
solidez	11
somalia	11
sombrero	11
sometió	11
sorprendentes	11
soñado	11
stands	11
stone	11
stories	11
subas	11
subrayar	11
sucederá	11
suelta	11
sueña	11
sufragios	11
sufridos	11
sumo	11
sunak	11
superaron	11
supervivientes	11
surgimiento	11
surgir	11
suspenso	11
sustraído	11
sábanas	11
sólidas	11
tabasqueño	11
tampico	11
tarapacá	11
tejerías	11
telecinco	11
telenovela	11
televisa	11
temblor	11
tenerlos	11
terminando	11
textil	11
ticket	11
tickets	11
tiró	11
torero	11
tottenham	11
traemos	11
tratara	11
trofeos	11
tropicales	11
trujillo	11
tucumano	11
turbo	11
tuya	11
típico	11
tónica	11
tóxico	11
ubicaciones	11
universitarias	11
uruguaya	11
usaba	11
usarlo	11
usen	11
utilice	11
utilizará	11
vacacional	11
valen	11
valiosa	11
valoran	11
vayas	11
vencimiento	11
vendía	11
ventura	11
verbal	11
vestida	11
viajando	11
vila	11
villarejo	11
vinicius	11
violado	11
violentamente	11
visitados	11
visualizaciones	11
visualización	11
vitamina	11
vitaminas	11
vivan	11
vivirá	11
volodimir	11
voltaje	11
voluntariado	11
volveremos	11
vota	11
walker	11
yacimiento	11
yankees	11
zambrano	11
zurda	11
zurdo	11
íntima	11
aaron	10
abad	10
abanderado	10
abandona	10
abona	10
abreu	10
abrirán	10
académicas	10
acatar	10
acento	10
acercando	10
acogió	10
aconsejó	10
acordonada	10
acreditados	10
actualizada	10
actuaron	10
adelantada	10
administra	10
admiro	10
adquirida	10
adquiridos	10
adversidad	10
adyacentes	10
aeródromo	10
afección	10
agendas	10
agrado	10
agricultor	10
aguilera	10
aguinaldo	10
agustina	10
ala	10
alan	10
alavés	10
alegato	10
alero	10
alertar	10
alfonsín	10
algoritmo	10
algoritmos	10
alguacil	10
aliada	10
alimentario	10
all	10
aman	10
amargo	10
ambiciosa	10
amenazada	10
analizamos	10
andina	10
anfiteatro	10
angela	10
anomalías	10
antemano	10
anticipación	10
antony	10
antártida	10
anunciaba	10
aparecerá	10
apego	10
apelado	10
apeló	10
apetito	10
apreciación	10
apropiado	10
aproximada	10
apuntalar	10
arcas	10
ardiente	10
argumentando	10
armenia	10
arqueológicos	10
arrecifes	10
arreglos	10
arremetió	10
arribar	10
artefacto	10
arterias	10
artigas	10
ascendió	10
ascienden	10
asedio	10
asegurados	10
asfixia	10
asi	10
asignado	10
asignados	10
asocia	10
asoma	10
asteroide	10
atacados	10
atacaron	10
atraviesan	10
atraído	10
atrevido	10
atribuyen	10
aumenten	10
australiana	10
automáticos	10
autoriza	10
auxiliares	10
ayudarles	10
ayudarán	10
baby	10
bajan	10
balotaje	10
balísticos	10
basó	10
batman	10
bañera	10
bcr	10
becerra	10
beisbol	10
bendiciones	10
bendición	10
benjamin	10
bibliotecas	10
blaugrana	10
bloomberg	10
blues	10
bmw	10
bng	10
boliviano	10
borussia	10
brad	10
brady	10
brechas	10
brighton	10
brindarán	10
brinde	10
bromeó	10
bucaramanga	10
buenaventura	10
buey	10
bulgaria	10
bullying	10
burocracia	10
básquetbol	10
búsquedas	10
cadetes	10
caixabank	10
caldera	10
calificada	10
callar	10
calvario	10
cambie	10
camioneros	10
canalizar	10
cannes	10
cansados	10
cantero	10
captado	10
capturados	10
carabobo	10
cardenales	10
cardíaco	10
caribeña	10
caribeño	10
carmona	10
carné	10
casación	10
casada	10
casarse	10
casemiro	10
casera	10
castañeda	10
castaño	10
cauce	10
cautela	10
cayetano	10
caña	10
cbs	10
celebridades	10
celebro	10
censos	10
centeno	10
cepeda	10
cereal	10
cervezas	10
ces	10
cf	10
chalecos	10
chaqueta	10
chavista	10
cheques	10
chernóbil	10
cienfuegos	10
clemente	10
climáticos	10
clinton	10
cnmv	10
coaliciones	10
cobarde	10
coherencia	10
colaboran	10
comandos	10
combinaciones	10
combinada	10
comencé	10
cometa	10
comete	10
comparando	10
compareció	10
comparto	10
complementarios	10
complementos	10
completan	10
composiciones	10
compran	10
comprando	10
comprensible	10
compuestos	10
comúnmente	10
concertación	10
concientizar	10
concluyen	10
concretaron	10
concurrió	10
conectarse	10
confección	10
confiables	10
conociendo	10
conocimos	10
conquistó	10
consagración	10
consagró	10
conseguimos	10
consignas	10
consiguiendo	10
constataron	10
consultoría	10
contabilizado	10
contraer	10
contrajo	10
contras	10
contratista	10
contrató	10
convicciones	10
copiloto	10
core	10
cortesía	10
costeras	10
costero	10
costoso	10
cotiza	10
cotizan	10
crack	10
crecerá	10
creíble	10
criatura	10
criaturas	10
cristales	10
cruda	10
cruzados	10
cuco	10
cuestionan	10
cuidadosa	10
cuna	10
curiosos	10
cápsulas	10
círculos	10
cómics	10
damián	10
damnificados	10
date	10
dañados	10
deberes	10
deberías	10
decente	10
decidirá	10
declaran	10
decretado	10
decretos	10
defectos	10
defensivas	10
deficiencia	10
degustación	10
delictiva	10
demandados	10
demasiados	10
dembélé	10
demoró	10
demos	10
densidad	10
derogación	10
desapercibido	10
desarrolle	10
desbloquear	10
descansa	10
descubierta	10
descubiertos	10
descubrimientos	10
deseada	10
deseados	10
desechos	10
desestabilizar	10
deshidratación	10
desinfección	10
desobediencia	10
despejar	10
desplazaba	10
desplazadas	10
destinó	10
destituido	10
desvela	10
detallaron	10
detectada	10
detectives	10
determinantes	10
devoción	10
diagnósticos	10
dificulta	10
difundiendo	10
dimos	10
dique	10
directivas	10
dirigiéndose	10
disculpó	10
diseñadas	10
disfrutado	10
disponía	10
dispuestas	10
disputas	10
distinguido	10
diva	10
diverso	10
dividendos	10
dividida	10
dodgers	10
dolencia	10
dominante	10
dominantes	10
domésticos	10
donado	10
dormido	10
downing	10
dron	10
duplicó	10
durabilidad	10
dure	10
dybala	10
dándole	10
echamos	10
ecommerce	10
ecuación	10
efectuará	10
ejecuciones	10
ejecutada	10
ejecutará	10
electrodoméstico	10
elegibles	10
elevan	10
eloy	10
embajadores	10
embates	10
emisor	10
emplea	10
empujando	10
empujó	10
encargadas	10
encendidas	10
encendió	10
ene	10
enfatiza	10
engaños	10
entendiendo	10
entrerriana	10
entrever	10
envían	10
ep	10
equilibrar	10
equipado	10
equipaje	10
equivocó	10
erik	10
ers	10
escalera	10
escapa	10
escapó	10
escobedo	10
escribo	10
escuchan	10
escuchas	10
escudería	10
escénicas	10
esparcimiento	10
esperadas	10
esperábamos	10
esplendor	10
estatura	10
estela	10
estigma	10
estrenado	10
estrenos	10
estrictas	10
estudiado	10
evitado	10
evite	10
evolucionar	10
excesiva	10
excesivamente	10
exclusivas	10
excluye	10
exhibe	10
exigentes	10
existiendo	10
existían	10
experimenta	10
explicamos	10
express	10
fabio	10
facilitó	10
falda	10
fallida	10
falsedad	10
farsa	10
favorecido	10
fda	10
fentanilo	10
feriados	10
ferrol	10
festejó	10
fichas	10
films	10
financiados	10
fit	10
fitur	10
fonseca	10
formaron	10
formarse	10
fracturas	10
francamente	10
france	10
francisca	10
franquicias	10
freidora	10
frescos	10
frágil	10
fujimori	10
funcionalidades	10
fundadora	10
furioso	10
furor	10
futsal	10
future	10
féretro	10
gané	10
garantizados	10
gasolinas	10
gasolinera	10
generalizado	10
generarán	10
geográfica	10
glaciar	10
gob	10
golpista	10
gorosito	10
gozar	10
graciela	10
graduación	10
griner	10
guerrilla	10
guiar	10
guiño	10
génesis	10
génova	10
haaland	10
haberla	10
habilitación	10
hablará	10
hackers	10
hacíamos	10
halla	10
hermosos	10
hilos	10
hispanos	10
holanda	10
holocausto	10
hondureña	10
horrible	10
hostilidad	10
hot	10
hoyos	10
huecos	10
huelgas	10
huelva	10
humala	10
humorista	10
hundido	10
hz	10
hábito	10
hídricos	10
icardi	10
identidades	10
identifican	10
ideológico	10
idóneo	10
ignorancia	10
illes	10
ilo	10
imagina	10
imagínate	10
imperativo	10
implementando	10
imprimir	10
imputación	10
inca	10
incautados	10
incidió	10
incluían	10
incondicional	10
incorporando	10
incorporará	10
incrementando	10
incumplir	10
incómodos	10
indocumentados	10
infancias	10
inflamación	10
influyen	10
infobae	10
informada	10
informarse	10
iniciarse	10
inmenso	10
inmigrante	10
innecesario	10
inscrito	10
inspector	10
inspectores	10
institute	10
integradas	10
intenté	10
interceptó	10
interesan	10
interinstitucional	10
interponer	10
introduce	10
invitan	10
inédita	10
ip	10
irving	10
javi	10
jaén	10
jong	10
joyería	10
judío	10
julieta	10
juramento	10
juró	10
juzgar	10
karam	10
kentucky	10
kirby	10
kobe	10
lactancia	10
laporta	10
largometraje	10
lauquen	10
lavalle	10
lebron	10
lector	10
leonor	10
leopoldo	10
libera	10
libertario	10
librerías	10
liderazgos	10
ligadas	10
liquidar	10
literario	10
llano	10
llueve	10
localizadas	10
lograba	10
loma	10
lona	10
luciana	10
luka	10
luminarias	10
luso	10
mac	10
machismo	10
machistas	10
machos	10
madonna	10
madrileños	10
mafia	10
mago	10
malecón	10
mamás	10
manejaba	10
manipular	10
manta	10
mantenemos	10
manteniéndose	10
mar-a-lago	10
mara	10
mariscos	10
mariupol	10
matrimonios	10
matutina	10
maxi	10
mediación	10
mediar	10
mediciones	10
medido	10
medieval	10
memphis	10
mencionan	10
mentalmente	10
mercadería	10
mercantil	10
metano	10
mezclar	10
mia	10
migrar	10
miró	10
misioneros	10
modernizar	10
modesto	10
molino	10
monitoreando	10
monitorear	10
montañosa	10
moore	10
moratoria	10
moreira	10
mosquera	10
mostrará	10
movilizó	10
moyano	10
muestren	10
multiplicado	10
multiverso	10
murciano	10
murray	10
mutación	10
muñecos	10
méritos	10
mítico	10
músculo	10
nazis	10
negarse	10
neumonía	10
nevera	10
nieta	10
noble	10
nocaut	10
nocturnos	10
nombramientos	10
nomás	10
normalizar	10
north	10
notado	10
notoria	10
novedosa	10
nula	10
nulidad	10
nutricional	10
obligadas	10
ocasionando	10
ocurrencia	10
ofrezca	10
oh	10
olaf	10
olla	10
omega	10
opcional	10
ordinarias	10
orientada	10
padrastro	10
pagarle	10
pamela	10
panameña	10
panelistas	10
paraje	10
paranaense	10
participativo	10
participe	10
participen	10
pasas	10
pasear	10
pasillos	10
pasiones	10
pasivos	10
patios	10
peajes	10
pecci	10
pelotón	10
pensilvania	10
penúltima	10
people	10
percibido	10
perderá	10
perdidas	10
perfeccionar	10
perfectos	10
perforación	10
performance	10
pericia	10
pericias	10
periodística	10
periodísticas	10
permitirse	10
permitían	10
perpetrado	10
persistentes	10
personalización	10
pesan	10
pesquisa	10
petersburgo	10
picada	10
piensas	10
piensen	10
pin	10
pinar	10
piscis	10
pizarra	10
plagas	10
platillo	10
plátano	10
poda	10
poema	10
populistas	10
portación	10
portavoces	10
posa	10
poseía	10
postergar	10
power	10
practican	10
praga	10
precoz	10
prefiero	10
preparatoria	10
presentamos	10
presidió	10
presiona	10
presumió	10
price	10
priista	10
prisa	10
privilegiado	10
proclamado	10
producidos	10
producirá	10
profesionalismo	10
progenitor	10
progresar	10
project	10
proliferación	10
prolongada	10
proporcional	10
proporcionará	10
propuestos	10
propulsión	10
proveer	10
providencia	10
provocará	10
proyectó	10
próstata	10
publicitarios	10
pudiese	10
puja	10
puntualizado	10
pusimos	10
puta	10
párrafo	10
pésame	10
qaeda	10
quemadas	10
quiebra	10
quique	10
quiroga	10
quispe	10
quitarle	10
racistas	10
ramo	10
rap	10
rastrear	10
ratones	10
rebajar	10
rebelión	10
recibirás	10
recibían	10
recital	10
recogidos	10
reconociendo	10
reconozca	10
redonda	10
reducciones	10
reducirá	10
referendo	10
refiriéndose	10
reforzó	10
refuerzan	10
refundación	10
regeneración	10
regresiva	10
regulador	10
regularizar	10
reiterar	10
reivindica	10
rememora	10
repleta	10
reportera	10
representaba	10
reprochado	10
reproches	10
reprochó	10
resaltado	10
residuales	10
residía	10
resistentes	10
respectiva	10
responda	10
restan	10
retener	10
reunidos	10
revelaciones	10
revelando	10
revolucionaria	10
reynosa	10
ricky	10
riguroso	10
riquelme	10
robados	10
robarle	10
rollo	10
ronald	10
rose	10
rotas	10
rtx	10
running	10
russell	10
sabotaje	10
sacerdotes	10
salamanca	10
salgado	10
saliera	10
saludos	10
saludó	10
salvado	10
salvadoreños	10
sanar	10
sancionada	10
sancti	10
sarah	10
sargento	10
sarsfield	10
scaloneta	10
secciones	10
secuela	10
secuestrada	10
secuestros	10
sellado	10
sencillez	10
sencillos	10
sentar	10
separarse	10
serenidad	10
servirán	10
sexy	10
shopping	10
significaría	10
sigues	10
siguiera	10
simon	10
sincera	10
sincero	10
siniestra	10
sobres	10
sobrina	10
socialmente	10
soler	10
sorprendida	10
sortear	10
sospechosa	10
spa	10
space	10
sprint	10
spíritus	10
staff	10
story	10
subcampeón	10
subirá	10
sucedía	10
sucesivas	10
suciedad	10
sugerencias	10
sumarle	10
suministrar	10
sun	10
superioridad	10
supervisor	10
suplentes	10
suponía	10
surrealista	10
suspendidos	10
sustanciales	10
sáhara	10
símica	10
sótano	10
tabaquismo	10
tarda	10
taza	10
telefónico	10
terapéutico	10
thompson	10
thunder	10
tiburones	10
tiburón	10
tim	10
tirada	10
tirador	10
tiras	10
tocando	10
toledo	10
tovar	10
traducido	10
traficantes	10
tragedias	10
transmisiones	10
trascendental	10
trelew	10
tremendamente	10
triángulo	10
tumba	10
tutela	10
tutores	10
tuviese	10
té	10
túnez	10
urss	10
ursula	10
usaban	10
usadas	10
usamos	10
uvalde	10
vacancia	10
valentina	10
valió	10
valoraciones	10
valorada	10
valparaíso	10
vasta	10
velas	10
versátil	10
veterinarios	10
vicealcaldesa	10
viceversa	10
videoconferencia	10
villalba	10
villano	10
vinagre	10
violeta	10
violó	10
viralizó	10
visado	10
viuda	10
vocalista	10
voluntariamente	10
votará	10
vuestro	10
vísperas	10
wembley	10
with	10
yemen	10
zamorano	10
zelaya	10
ácidos	10
álex	10
ámsterdam	10
ártico	10
ético	10
íntegro	10
óptima	10
aaa	9
abogadas	9
abonados	9
abrazar	9
abruptamente	9
absorción	9
abuelita	9
abundan	9
abusó	9
ac	9
acb	9
aceptará	9
acertado	9
acevedo	9
acompañamos	9
activaron	9
actualizó	9
actúe	9
actúen	9
acuerda	9
adapta	9
adaptada	9
adapte	9
adecuación	9
adelantos	9
adif	9
admitido	9
adornos	9
adquisiciones	9
adrenalina	9
afeado	9
aforos	9
agilidad	9
agotado	9
agradecida	9
agresivos	9
ajusta	9
alabama	9
alaska	9
alexa	9
alineado	9
alito	9
almodóvar	9
almuñécar	9
alocución	9
alojados	9
alterar	9
altísimo	9
alumna	9
alves	9
amador	9
amd	9
america	9
amplitud	9
andadura	9
andaluzas	9
animar	9
anota	9
anotados	9
antibióticos	9
anticipan	9
anticipar	9
antojo	9
anunciará	9
anécdota	9
anónimo	9
aparicio	9
apostamos	9
apoyada	9
apoyarlos	9
apoyen	9
aprehendidos	9
aprobará	9
aprovecho	9
aproximado	9
aptos	9
apuñalado	9
araujo	9
arbitraria	9
arremeter	9
arrepentimiento	9
arrestada	9
arrimadas	9
asentamientos	9
aseverado	9
association	9
astrológicas	9
astrónomos	9
at	9
ate	9
atentados	9
atrapar	9
atrayendo	9
atuendo	9
autopistas	9
avales	9
avanzará	9
avería	9
awards	9
ayudarlos	9
azúcares	9
baldío	9
ballenas	9
bando	9
banqueros	9
barbarie	9
barragán	9
barrientos	9
bateo	9
bautizado	9
belta	9
beneficie	9
beneplácito	9
bermejo	9
berta	9
biobío	9
biografía	9
biológicos	9
bondades	9
bonitas	9
botes	9
bots	9
boulevard	9
breves	9
brilla	9
brindarles	9
brisa	9
bruce	9
brutalidad	9
bush	9
cabaña	9
cachorros	9
cafetera	9
calentador	9
calificaciones	9
calificados	9
callejero	9
calurosa	9
camionetas	9
cancelados	9
cantado	9
capturas	9
caracterizan	9
carburantes	9
carecer	9
carlota	9
carvajal	9
casaron	9
casero	9
caseros	9
caseta	9
castigos	9
cañada	9
celebradas	9
celsius	9
centraron	9
cfk	9
chavismo	9
chips	9
chistes	9
churchill	9
cibao	9
cilindros	9
cincinnati	9
cinematográfica	9
circulando	9
ciro	9
ciudadela	9
clasificarse	9
cocinas	9
cofradía	9
coi	9
colaborado	9
colectividad	9
colombianas	9
colombo	9
combaten	9
comentarista	9
comercializa	9
comestibles	9
comisaria	9
company	9
comparativo	9
compartía	9
compensa	9
competidor	9
competirá	9
compite	9
complica	9
complicación	9
complicó	9
compré	9
computación	9
comunales	9
comunicadores	9
comunismo	9
conagua	9
conaie	9
concentrarse	9
concesionaria	9
concesionarios	9
concha	9
concienciar	9
concurrido	9
conduciendo	9
confesar	9
confirmadas	9
conflictividad	9
conforma	9
conformidad	9
conjuntas	9
conoces	9
conseguí	9
conservan	9
considerarlo	9
constructivo	9
contabilidad	9
contable	9
contador	9
contagia	9
contenían	9
continentes	9
contraataque	9
contractual	9
contraseña	9
contratada	9
contratados	9
contundencia	9
convenció	9
convenga	9
convento	9
conviven	9
coordinadores	9
coronó	9
corpiño	9
correctas	9
corresponda	9
corridos	9
corroborar	9
corrupto	9
costará	9
creadas	9
creará	9
crearán	9
crossover	9
cruise	9
cumbia	9
cumplirse	9
cumplirán	9
cursan	9
cursar	9
curvas	9
cuán	9
cuñado	9
cárteles	9
célebre	9
célula	9
cólera	9
dakar	9
daremos	9
darlo	9
darme	9
dazn	9
daña	9
dañaron	9
dañino	9
debilidades	9
decidan	9
dedicaba	9
default	9
defina	9
dejaran	9
dejaría	9
dejemos	9
delicia	9
delictivas	9
delirio	9
demandado	9
demandan	9
demandante	9
demográfico	9
demolición	9
dengue	9
denominados	9
densa	9
departamentales	9
depositado	9
depositar	9
derbez	9
derrotaron	9
desafortunado	9
desapariciones	9
desatar	9
desborde	9
descendió	9
describen	9
deseas	9
desee	9
desembarco	9
desembolso	9
desempeñan	9
desempeñar	9
desempleados	9
desencadenar	9
deseó	9
deslaves	9
desmentir	9
desnutrición	9
despeje	9
desperfecto	9
despide	9
despidos	9
desplazan	9
destinarán	9
destruidas	9
destruidos	9
desviado	9
detallan	9
detallar	9
detenerse	9
detonaciones	9
devastador	9
devuelve	9
dibu	9
difundida	9
dimitió	9
discutieron	9
diseñadores	9
disfraces	9
disputan	9
distensión	9
distribuidora	9
disuasión	9
divertirse	9
divisional	9
divulgado	9
doblar	9
dominical	9
donante	9
dotaciones	9
dow	9
drake	9
dramaturgo	9
dudado	9
dueñas	9
duran	9
durmiendo	9
ebro	9
edificación	9
editoriales	9
edson	9
egresado	9
ejecutados	9
ejercen	9
ejerciendo	9
ejerció	9
ejercía	9
ejércitos	9
ela	9
elegible	9
elvis	9
emblema	9
emotiva	9
empezarán	9
empleando	9
emprende	9
emprendió	9
encabezados	9
encabezar	9
encantado	9
encarcelados	9
encontrada	9
encontrará	9
enfocar	9
enfocarse	9
enormemente	9
entablar	9
entienda	9
entregue	9
entrenó	9
entré	9
envueltos	9
esconden	9
escote	9
escucho	9
esencialmente	9
esférico	9
esmeraldas	9
especifica	9
espectaculares	9
esports	9
espía	9
esquivel	9
establecía	9
estadísticamente	9
estalla	9
estocolmo	9
estudiaba	9
euskadi	9
evacuadas	9
evadir	9
evaluado	9
evitarlo	9
excandidato	9
excesivo	9
excluidos	9
exhorta	9
exigirá	9
exigía	9
exitosamente	9
exministra	9
experimentando	9
explora	9
explorando	9
explosivo	9
exponentes	9
fabiola	9
fabricadas	9
fake	9
faltaron	9
fantasmas	9
fantasías	9
fao	9
faros	9
fascinante	9
fascismo	9
favorablemente	9
federaciones	9
feletti	9
felicitar	9
femicidios	9
ferguson	9
fermín	9
fideicomiso	9
fidelidad	9
fijan	9
fijarse	9
filipinas	9
filtrar	9
filtró	9
finalice	9
finalista	9
firmada	9
firmará	9
fisuras	9
fluidez	9
fomentando	9
formados	9
forme	9
forzadas	9
forzó	9
fracasa	9
franca	9
fraudes	9
frenado	9
frenó	9
frijol	9
fuere	9
fundición	9
funerarios	9
futbolística	9
gaditana	9
galardonados	9
galaxias	9
galletas	9
gallo	9
gatillo	9
gemelas	9
generados	9
generoso	9
genético	9
georgieva	9
georgina	9
gerónimo	9
gijón	9
girar	9
glaciares	9
globalización	9
glucosa	9
gluten	9
gnl	9
golpiza	9
gorbachov	9
granadina	9
granito	9
granjas	9
gratuidad	9
grietas	9
gritaron	9
guaira	9
guayas	9
guerrilleros	9
guinda	9
habilita	9
hacerlos	9
haciéndose	9
hag	9
hallada	9
hallar	9
heat	9
helado	9
heredado	9
heredera	9
heroica	9
heroico	9
herrero	9
hiciste	9
hidroeléctrica	9
hipólito	9
homenajes	9
homónima	9
honestamente	9
horaria	9
hospitalarios	9
hosteleros	9
hotelero	9
http	9
humanista	9
hundió	9
huésped	9
idas	9
igor	9
iguala	9
igualitario	9
imparables	9
implacable	9
implementará	9
implicar	9
impositiva	9
impronta	9
impulsados	9
inactividad	9
inadecuada	9
inaugura	9
incautación	9
incautó	9
inconcebible	9
inconsistencias	9
indagar	9
independentistas	9
indicio	9
indulto	9
ineludible	9
inesperados	9
infiel	9
inflacionista	9
influencers	9
ingerir	9
ingesta	9
ingresando	9
inm	9
inmunitario	9
innecesaria	9
innovadoras	9
inquilino	9
insectos	9
instalando	9
inta	9
intacta	9
intentamos	9
intercambiaron	9
intermedias	9
internacionalmente	9
internada	9
interpuesto	9
intimidación	9
inundadas	9
investigó	9
invito	9
ione	9
irlandés	9
irreversible	9
isaac	9
island	9
islandia	9
itinerante	9
ivan	9
ix	9
ja	9
jake	9
jaula	9
jefferson	9
jokic	9
jose	9
josefina	9
josh	9
jota	9
jugaban	9
jugo	9
justificado	9
justifican	9
justificó	9
kabul	9
kansas	9
karen	9
kosovo	9
koundé	9
lalo	9
lanzador	9
lanzados	9
lata	9
latin	9
lavadora	9
lazio	9
lectivo	9
legendario	9
legumbres	9
legítima	9
lesionó	9
levemente	9
liberales	9
licuado	9
lidia	9
ligeras	9
ligue	9
liguilla	9
lille	9
lisa	9
llamativos	9
llanos	9
llenan	9
llevadas	9
lloró	9
luca	9
lucio	9
luque	9
machado	9
machete	9
macroeconómica	9
magisterio	9
magnífico	9
magos	9
mail	9
maldición	9
maleta	9
mancomunidad	9
manejado	9
manero	9
mantenida	9
manufactura	9
mané	9
maracaibo	9
marchar	9
maribel	9
marilyn	9
marineros	9
marrón	9
martillo	9
marx	9
matrimonial	9
may	9
mayoritaria	9
mazatlán	9
mazo	9
medianos	9
medirán	9
melgar	9
melodías	9
meme	9
meneses	9
meramente	9
mercadeo	9
merecemos	9
mets	9
metálico	9
mick	9
miden	9
milanés	9
mineras	9
miocardio	9
mire	9
miro	9
misericordia	9
misionero	9
misiva	9
misteriosa	9
mitigación	9
mixtas	9
modernidad	9
modus	9
monitores	9
montada	9
montenegro	9
monumentos	9
moradores	9
morel	9
motagua	9
motogp	9
movilizaron	9
movilizarse	9
mts	9
mudarse	9
municipalidades	9
muros	9
médula	9
mínimamente	9
míster	9
nacimientos	9
naranjas	9
narración	9
nativo	9
navas	9
nazareno	9
neoliberal	9
netas	9
nets	9
nevadas	9
next	9
nicolas	9
nido	9
nike	9
nikola	9
niza	9
nogales	9
nominaciones	9
nominado	9
noticiero	9
noviazgo	9
nuboso	9
nubosos	9
nuggets	9
nórdico	9
obligaba	9
obsesión	9
obtendrá	9
obvias	9
ocasionado	9
ocu	9
ocupaba	9
ocupe	9
ods	9
ofensivos	9
olivos	9
olmo	9
olona	9
operandi	9
opone	9
oportunamente	9
oportunas	9
oppo	9
optan	9
opuestos	9
orientados	9
orion	9
oscuros	9
pac	9
pagados	9
palau	9
paliza	9
palmarés	9
paloma	9
pami	9
papas	9
paradoja	9
paralizar	9
parecidos	9
parlamentarias	9
partidista	9
partners	9
pasaportes	9
pasarelas	9
pascual	9
pass	9
paterna	9
patrick	9
patrocinado	9
patrocinador	9
paulatinamente	9
pautado	9
pecados	9
pegado	9
pelos	9
peloteros	9
penaltis	9
penitenciarios	9
pensada	9
pensionistas	9
perdonar	9
pere	9
peugeot	9
ph	9
pibe	9
pierdan	9
pila	9
pilas	9
pinos	9
pintadas	9
pioneros	9
piña	9
plagado	9
planos	9
plenitud	9
plomo	9
pluralidad	9
plurinacional	9
plástica	9
pochettino	9
poderosas	9
pol	9
polémicos	9
pondría	9
ponerme	9
porto	9
porvenir	9
posicionó	9
posteó	9
postulantes	9
potasio	9
poza	9
precaria	9
predecir	9
preguntada	9
preparaba	9
presenciar	9
presentara	9
presionado	9
prestando	9
pretendían	9
pretensiones	9
preveía	9
previsional	9
prioritaria	9
prioritarios	9
privación	9
privatización	9
privilegiada	9
prm	9
problemático	9
procesadores	9
profundas	9
progresión	9
prohibiciones	9
prolongará	9
prometen	9
prometer	9
prometieron	9
prometía	9
promotora	9
propina	9
proporcionada	9
proporcionado	9
proporciones	9
propósitos	9
pros	9
prostitución	9
protagonizar	9
protagónico	9
provecho	9
provocados	9
príncipes	9
prótesis	9
psicológicos	9
pulido	9
punk	9
puramente	9
pureza	9
párroco	9
pío	9
pólvora	9
qatarí	9
quebró	9
queriendo	9
quintas	9
raciones	9
rada	9
radiales	9
radicó	9
radiografía	9
radios	9
rampa	9
ransomware	9
raras	9
ratio	9
ray	9
rayados	9
reafirma	9
realizaran	9
reanimación	9
rebajado	9
rebeca	9
recalcar	9
recibes	9
recibimiento	9
recordaba	9
recreativas	9
recurrido	9
reflejada	9
reflexiona	9
reforzada	9
reforzado	9
refrigeración	9
refugiarse	9
registraduría	9
registrarán	9
reglamentación	9
regula	9
rei	9
relaciona	9
relajarse	9
relatado	9
religiones	9
remarca	9
remitió	9
renales	9
renovador	9
reparos	9
reparte	9
repartidas	9
replicado	9
replicó	9
reportada	9
representada	9
representaron	9
rescatada	9
rescatado	9
resistido	9
restrictivas	9
resultando	9
resulten	9
resurrección	9
retenido	9
retirados	9
retoma	9
retórica	9
revisando	9
revise	9
rezago	9
reúnan	9
riad	9
ridículo	9
rigen	9
rituales	9
rn	9
robots	9
rodriguez	9
rolando	9
rosado	9
rotonda	9
rubia	9
rufián	9
ruinas	9
ruleta	9
rómulo	9
saavedra	9
sabés	9
sagrada	9
salah	9
saltando	9
santana	9
satisfactoria	9
saturación	9
satélites	9
secas	9
secreta	9
seguiré	9
selecto	9
semilla	9
sencillamente	9
sentados	9
separada	9
separó	9
sepelio	9
seremi	9
sergei	9
serna	9
sets	9
severo	9
sexualidad	9
sicarios	9
silvina	9
simpatía	9
simulación	9
sinceridad	9
sinfónica	9
sirio	9
situados	9
situar	9
snte	9
soberano	9
sobrellevar	9
sobrepasa	9
sobreviviente	9
socializar	9
socioeconómico	9
solicitada	9
sondeos	9
sonic	9
sonriente	9
soporta	9
soportes	9
sorprendieron	9
sorpresivo	9
sostenía	9
sostén	9
southern	9
soviético	9
spears	9
sportivo	9
stoessel	9
strange	9
suarez	9
subdirector	9
subrayando	9
subsanar	9
subsuelo	9
subyacente	9
sud	9
sugerido	9
suicida	9
suite	9
sullivan	9
sumamos	9
sumario	9
sumen	9
superará	9
superen	9
superestrella	9
superhéroe	9
suplemento	9
surcoreana	9
surcoreano	9
sustentan	9
sustituyendo	9
sustrajeron	9
sáenz	9
sénior	9
talibán	9
tamaulipecos	9
tarima	9
tarta	9
tatiana	9
tatuajes	9
tedros	9
tegucigalpa	9
teherán	9
telemática	9
temático	9
tenistas	9
tenor	9
tensa	9
tenías	9
terminaba	9
testamento	9
testificó	9
thriller	9
tinelli	9
tiraron	9
tiroteos	9
tolerar	9
tolima	9
tomara	9
tomates	9
tos	9
trabajaban	9
trabajen	9
trabajé	9
trafford	9
transeúnte	9
transforma	9
transformando	9
transmitida	9
transparentes	9
trascendido	9
trasladaba	9
trauma	9
trazabilidad	9
trebolense	9
trimestres	9
tristes	9
tsunami	9
tunas	9
tyson	9
tácticas	9
táctico	9
táctil	9
ufi	9
unitaria	9
utilizarla	9
vagones	9
val	9
valdez	9
validación	9
vallenata	9
variadas	9
vehiculares	9
vendida	9
vendidas	9
vendían	9
veredas	9
versatilidad	9
vertebral	9
videollamadas	9
vidrios	9
vigilia	9
vincular	9
virgo	9
visiones	9
vitoria	9
viviana	9
vivida	9
vizzotti	9
viña	9
woods	9
wrestling	9
yacimientos	9
yatra	9
zapato	9
zavala	9
zoe	9
ácido	9
ómnibus	9
abadía	8
abastecer	8
abdominal	8
abogacía	8
abogan	8
abordará	8
abortar	8
abortos	8
abr	8
abramovich	8
abran	8
abrazó	8
abrumadora	8
absorber	8
abstracto	8
abusado	8
abusivas	8
acaben	8
academy	8
accedan	8
acceden	8
accedido	8
accidentado	8
ace	8
acelerada	8
aceptables	8
aceptando	8
acerque	8
acreditado	8
active	8
activismo	8
acusando	8
adaptadas	8
adaptando	8
ademas	8
adepcoca	8
adicciones	8
administrados	8
adoptando	8
adversas	8
afectarán	8
afecten	8
afectos	8
afi	8
afianzar	8
afortunados	8
agarra	8
agotamiento	8
agotó	8
agravante	8
agravó	8
agregando	8
agroindustrial	8
aguantó	8
agudo	8
ahondar	8
aifa	8
aitana	8
aitor	8
alain	8
alcanzada	8
aldana	8
alertados	8
alertando	8
alfabetización	8
alienta	8
alimentado	8
almagro	8
almonte	8
alquilado	8
alsina	8
altiplano	8
alzar	8
amamos	8
amateur	8
ambientalistas	8
amoníaco	8
amplíe	8
ancha	8
anciano	8
andreu	8
andré	8
anemia	8
anime	8
ankara	8
anormal	8
ansv	8
anteojos	8
anticipando	8
antropología	8
anunciantes	8
anímico	8
anónimos	8
aparecían	8
apartados	8
apasionante	8
apela	8
apelar	8
apellidos	8
aplaude	8
apoyamos	8
aprenden	8
aprendió	8
aprendí	8
aprovechen	8
aproxima	8
aproximación	8
aranceles	8
arbustos	8
arcos	8
ardua	8
argumentado	8
arm	8
arrancaron	8
arrastrado	8
arriesgar	8
arroja	8
arrojar	8
asado	8
ascendencia	8
ascendieron	8
aseguradoras	8
aseguro	8
asequibles	8
asfaltado	8
asistirá	8
assange	8
astronauta	8
asumimos	8
atacan	8
atajar	8
ataúd	8
atiendan	8
atrae	8
atravesado	8
atribuciones	8
atributos	8
atropellada	8
atropellado	8
atropello	8
audición	8
autorizar	8
auténticas	8
avalan	8
avenue	8
aversión	8
back	8
bacterias	8
bai	8
bailarines	8
bajaba	8
bal	8
balazo	8
ballena	8
balompié	8
banamex	8
bancadas	8
bancarios	8
baraja	8
barceló	8
basándose	8
beneficiario	8
beneficiarán	8
bestia	8
betancourt	8
biológica	8
blindar	8
bloqueada	8
bloqueado	8
boe	8
bolivarianos	8
bolsos	8
bondad	8
borràs	8
box	8
brazalete	8
bremen	8
brigadistas	8
brillar	8
brilló	8
brindis	8
bruta	8
brutos	8
bucks	8
buenrostro	8
bulls	8
bundesliga	8
buscador	8
buzos	8
by	8
caben	8
cabinas	8
cacería	8
caducidad	8
caerá	8
cafetería	8
cafés	8
cajamarca	8
cajeros	8
calcular	8
calculó	8
calienta	8
califican	8
cam	8
cambiaria	8
camilla	8
campeonas	8
canastas	8
cancelaron	8
candidatas	8
canon	8
cansada	8
cantaron	8
canterano	8
cantó	8
cap	8
capturó	8
carcajadas	8
carestía	8
cargada	8
cargando	8
caricatura	8
caridad	8
cariñoso	8
carlo	8
carpa	8
carritos	8
carrozas	8
carter	8
cartuchos	8
casademont	8
castex	8
catastrófica	8
catriel	8
cañones	8
cejas	8
celac	8
celdas	8
celebrity	8
cenas	8
centroamericanos	8
cepillo	8
cerruti	8
certificaciones	8
cesado	8
chajarí	8
chaparrones	8
charco	8
choca	8
chocar	8
chorizo	8
christopher	8
cia	8
cid	8
cidh	8
cigarrillos	8
cigarros	8
circulado	8
cisjordania	8
cisneros	8
citibanamex	8
clandestina	8
clasifica	8
clientela	8
clubs	8
cobrará	8
cocido	8
coge	8
colaborativo	8
cole	8
colesterol	8
colindantes	8
colonos	8
comarcas	8
combatiente	8
comedores	8
community	8
comparable	8
comparamos	8
comparecer	8
comparsa	8
compartidas	8
compañerismo	8
competido	8
complete	8
compostela	8
compramos	8
comprarlo	8
comprenden	8
comprometimos	8
comunicados	8
concentraron	8
concluía	8
conducida	8
conectada	8
confirme	8
congo	8
congregación	8
conmemoró	8
conocerá	8
conred	8
consecuente	8
conseller	8
consellera	8
conservadora	8
consideraban	8
consisten	8
consistorial	8
consolidando	8
constituyó	8
constructora	8
consular	8
consultarse	8
consultoras	8
consumió	8
contabilizan	8
contencioso	8
contesta	8
contingencias	8
contratiempo	8
contratistas	8
contraído	8
contribuirá	8
contribuyendo	8
controladas	8
controladores	8
controlados	8
conurbano	8
convergencia	8
conviertan	8
convocadas	8
cook	8
coordinando	8
cordial	8
coreografía	8
coronada	8
correspondencia	8
corresponderá	8
corresponsal	8
cortez	8
cortina	8
cosechas	8
costear	8
cotidianidad	8
credencial	8
cresto	8
criminalísticas	8
criolla	8
cruzando	8
cría	8
cuadrar	8
cuadrillas	8
cuarentenas	8
cuaresma	8
cubra	8
cueste	8
cuidador	8
cuidadores	8
culmina	8
culminado	8
culmine	8
cumplidos	8
curación	8
curules	8
cómputo	8
danna	8
daytona	8
debieran	8
decadencia	8
decepcionante	8
decididos	8
decorado	8
deducir	8
dejarla	8
dejas	8
delegar	8
delfina	8
deliberación	8
deliberadamente	8
deliciosa	8
delinquir	8
demandar	8
demandará	8
demorar	8
denso	8
denunciando	8
depositan	8
depredador	8
derivan	8
desafiante	8
desarrolladas	8
descarbonización	8
descarte	8
descendieron	8
descentralizada	8
deschamps	8
describieron	8
desempate	8
designada	8
desperfectos	8
desplazar	8
desplegada	8
despliega	8
destruida	8
destruyendo	8
deteriorado	8
deudores	8
devastado	8
dga	8
diagnosticadas	8
diagnosticó	8
dialogo	8
diciéndole	8
diente	8
dilema	8
dimitir	8
dinamización	8
discoteca	8
discreción	8
discutiendo	8
diseñó	8
disfrutamos	8
disfrutarlo	8
disidencias	8
disminuyeron	8
distribuidas	8
divertidos	8
divino	8
dmitry	8
dolido	8
donbass	8
dorados	8
dorsal	8
duplicado	8
dylan	8
déficits	8
dígito	8
e-commerce	8
echando	8
ecológicos	8
edge	8
educadores	8
efectuado	8
egea	8
ejecutadas	8
electrificación	8
elegantes	8
elegirán	8
elevará	8
eliminada	8
eliminados	8
eliminando	8
elogios	8
email	8
embestido	8
emirato	8
emmy	8
empero	8
empleadas	8
empresarias	8
enamorados	8
encarcelado	8
encargo	8
encarna	8
encerrado	8
enchufables	8
enclaves	8
encontrarlo	8
endesa	8
endurecimiento	8
enmarcan	8
enojado	8
enriquecer	8
entendía	8
enteramos	8
enteros	8
entregara	8
entregarán	8
enviará	8
envuelta	8
envíe	8
equipados	8
equivalentes	8
erick	8
erika	8
errónea	8
escalando	8
escalofriante	8
escepticismo	8
esconderse	8
escriben	8
escritas	8
escrutinio	8
escuadrón	8
escuchamos	8
escudos	8
escultor	8
esculturas	8
esfera	8
esforzarse	8
especulación	8
especuló	8
espiar	8
essalud	8
estabas	8
estancamiento	8
estelares	8
estimula	8
estipula	8
estonia	8
estrechas	8
estupendo	8
estéreo	8
evaluará	8
evidenció	8
evolucionado	8
exalcalde	8
excavaciones	8
excluir	8
exenciones	8
exhibiciones	8
exilio	8
exjefe	8
exmarido	8
expandiéndose	8
experimentación	8
experimentados	8
experimentos	8
explotado	8
extensas	8
extorsiones	8
extraterrestres	8
extravagante	8
fa	8
facilitados	8
facilitará	8
factible	8
fantasma	8
farmacéuticos	8
ferran	8
ferreira	8
fia	8
filadelfia	8
filo	8
finalizando	8
financiado	8
firman	8
firmantes	8
fiscalizar	8
flamengo	8
flash	8
florentino	8
forbes	8
forjar	8
formarán	8
formulación	8
formular	8
forzados	8
fotográfica	8
fotovoltaica	8
fracasos	8
fracasó	8
fragmentación	8
frenos	8
frenético	8
frida	8
fueguina	8
funcionaba	8
fundamento	8
fósil	8
gabo	8
gaceta	8
gallos	8
gamboa	8
ganen	8
ganándole	8
garantizará	8
gasolineras	8
gastan	8
gemelo	8
genio	8
genéticos	8
gerentes	8
germano	8
gesta	8
ghz	8
gilberto	8
giró	8
gogh	8
graduado	8
grandeza	8
gratuitamente	8
grau	8
gremiales	8
gruesa	8
grupal	8
guajira	8
guaraní	8
guardacostas	8
guardavidas	8
guardó	8
guerrera	8
guiado	8
guido	8
guiones	8
guías	8
haberle	8
hablaban	8
hacerme	8
hachís	8
hallan	8
harás	8
hidratación	8
hidráulica	8
hierba	8
hitler	8
homosexualidad	8
homs	8
homónimo	8
honorarios	8
hormonas	8
hospitalarias	8
hoyo	8
hundimiento	8
húmeda	8
iberoamericano	8
icónicos	8
ideologías	8
ideológica	8
ies	8
ilegítima	8
ilumina	8
ilustración	8
imitar	8
impactantes	8
impedía	8
impensable	8
implicaría	8
importado	8
importadores	8
importó	8
impulsan	8
impune	8
inalámbricos	8
inaugurará	8
incapaces	8
incendió	8
incentivo	8
incesante	8
incomoda	8
inconstitucionalidad	8
incumple	8
incurrir	8
incursión	8
indebido	8
indemnizaciones	8
inesperadas	8
inexistente	8
infantería	8
infectadas	8
infinito	8
informaba	8
ingrid	8
iniciaba	8
injusto	8
inmaculada	8
inmediatos	8
inmejorable	8
inmersiva	8
inmerso	8
innovar	8
inoxidable	8
inscritas	8
inspeccionar	8
inspirar	8
inspiró	8
instinto	8
insuficientes	8
insulina	8
insulto	8
insólita	8
insólito	8
integrará	8
intentarán	8
intente	8
interactiva	8
interesó	8
interferir	8
interminable	8
intermitente	8
interpretaba	8
intervienen	8
intervinieron	8
intestinal	8
intolerancia	8
intriga	8
invasores	8
investigadas	8
invierten	8
invirtiendo	8
inácio	8
ips	8
irpin	8
irreparable	8
irrumpió	8
isa	8
issste	8
iza	8
jacobo	8
jaguares	8
japoneses	8
jaque	8
jeff	8
jenner	8
jerarca	8
jimena	8
jirón	8
jordania	8
judicatura	8
judo	8
jxc	8
karlos	8
kazajo	8
kia	8
kirchnerista	8
kristalina	8
kyle	8
lab	8
laborar	8
lake	8
lam	8
lance	8
laso	8
latín	8
lava	8
lazo	8
lecho	8
legalización	8
legalizar	8
leganés	8
legislar	8
legislaturas	8
legítimos	8
lenovo	8
leonés	8
letales	8
letonia	8
levantando	8
levantaron	8
leyva	8
lgbtiq	8
lidiando	8
liguero	8
line	8
lineal	8
linkedin	8
literaria	8
llamativas	8
lleida	8
llenando	8
llevándose	8
llorens	8
locación	8
localiza	8
locos	8
logrados	8
logroño	8
londinense	8
long	8
lorca	8
lucero	8
luchador	8
luchadora	8
lucho	8
luke	8
lupa	8
lyon	8
láctea	8
láser	8
lío	8
macho	8
magnético	8
managua	8
mandaron	8
manejó	8
mango	8
mantenerlos	8
manu	8
manualidades	8
manuela	8
maracay	8
maravillas	8
maravillosas	8
marcharon	8
marcharse	8
masivamente	8
mastercard	8
matanzas	8
materializar	8
maturín	8
mayra	8
mañanas	8
mclaren	8
mediocres	8
memorando	8
mendocino	8
menstrual	8
meteorológicas	8
meteorólogos	8
metieron	8
metodologías	8
metrópoli	8
mexicali	8
mexiquenses	8
mezquita	8
migratorias	8
milla	8
millonaria	8
miquel	8
mirador	8
miraflores	8
miran	8
miriam	8
miseria	8
mitología	8
mma	8
mo	8
mochilas	8
modesta	8
modifique	8
mola	8
molde	8
monetarios	8
monsalve	8
morados	8
moreau	8
motorizado	8
movilizado	8
moya	8
msp	8
mudó	8
multidisciplinar	8
multidisciplinario	8
munición	8
muralla	8
muslo	8
musulmanes	8
nacionalismo	8
nasal	8
natales	8
navegantes	8
nayib	8
negativamente	8
nerviosismo	8
neuquino	8
neurología	8
neuronas	8
nicho	8
nieva	8
nixon	8
noa	8
nombra	8
nominación	8
normatividad	8
normativo	8
norris	8
norteamericanas	8
notaron	8
notoriedad	8
notó	8
nov	8
novelas	8
nulo	8
nxt	8
náuseas	8
objetividad	8
obligando	8
obtendrán	8
obtengan	8
obvia	8
ocasionados	8
ocasionales	8
ocde	8
ocular	8
ocupante	8
ocurran	8
ocurridas	8
office	8
ofrecemos	8
oiea	8
oil	8
oklahoma	8
olivares	8
operó	8
oporto	8
opresión	8
optimización	8
opuesta	8
opuso	8
oregón	8
oreja	8
orellana	8
organizadora	8
organizaron	8
orgánicos	8
origina	8
originalidad	8
orinar	8
oscila	8
osos	8
ousmane	8
outfit	8
pa	8
padecimientos	8
padeció	8
padrinos	8
pagamos	8
page	8
paja	8
palenque	8
palmeiras	8
pandilla	8
parador	8
parajes	8
paralización	8
pararon	8
pardo	8
parecida	8
parten	8
participaba	8
partiendo	8
partirá	8
partícipe	8
parálisis	8
pastelería	8
patada	8
paternidad	8
patrias	8
paulatino	8
pavimentación	8
pe	8
pediátricas	8
pediátrico	8
pega	8
peinado	8
pepa	8
perfumes	8
pericial	8
perjudicado	8
perjudicados	8
perlas	8
permanecía	8
peroné	8
persiguió	8
persisten	8
peruanas	8
perverso	8
pesce	8
pestañas	8
pete	8
pge	8
pienses	8
pitt	8
plagio	8
planas	8
planeó	8
plantearon	8
playera	8
playón	8
pluralismo	8
pláticas	8
poemas	8
pokémon	8
pon	8
ponencia	8
pons	8
pontevedra	8
popularizó	8
porfirio	8
portadas	8
portando	8
porteños	8
portuguesa	8
portón	8
postal	8
postularse	8
potter	8
precioso	8
precipitación	8
precipitado	8
precursor	8
predomina	8
predominante	8
preferible	8
preferidos	8
prejuicio	8
prematura	8
premiar	8
prendió	8
preocupaba	8
presea	8
previsiblemente	8
primos	8
prisiones	8
procedido	8
procuradores	8
procurando	8
profe	8
profeco	8
profesionalización	8
profesionalmente	8
profundizando	8
profundizó	8
programadores	8
prohibida	8
prohibidas	8
prolongar	8
prometedora	8
propicia	8
propicio	8
proporcione	8
propusieron	8
prosiguió	8
protagoniza	8
protectora	8
provisión	8
proyectil	8
prójimo	8
psiquiatra	8
pspv	8
publicitaria	8
publico	8
pulsa	8
puma	8
puntas	8
puñaladas	8
pérsico	8
quebrado	8
quedara	8
queen	8
queens	8
quehacer	8
quemada	8
quemaron	8
quisimos	8
ra	8
radar	8
rajoy	8
rams	8
rancho	8
rastreo	8
reactiva	8
reactores	8
realizamos	8
reapareció	8
rebeldía	8
recaudos	8
recaída	8
receptores	8
rechace	8
recintos	8
recogió	8
recoleta	8
recompensas	8
reconocemos	8
recopilar	8
recortó	8
recreo	8
rectificación	8
recuperan	8
recuperándose	8
recurrieron	8
recurrirá	8
reducidas	8
reducirse	8
reducirán	8
reduzca	8
referendos	8
refirieron	8
refrenda	8
refugiadas	8
regala	8
registraba	8
reguetón	8
rehabilitar	8
rellenos	8
renombre	8
renueva	8
renunciado	8
renzo	8
reparten	8
repasa	8
repasamos	8
repatriación	8
repentina	8
repeticiones	8
repetidamente	8
repetirse	8
reportar	8
repuesto	8
requerir	8
requeriría	8
rescatadas	8
rescisión	8
reservados	8
resguardaron	8
resistirse	8
resolverse	8
respaldó	8
restitución	8
restringido	8
resueltos	8
resultaba	8
resultante	8
retina	8
retiradas	8
retiran	8
retornar	8
revisada	8
revisaron	8
revólver	8
reyna	8
reír	8
riquezas	8
rita	8
roberts	8
rodando	8
rogelio	8
rogers	8
rojinegro	8
romo	8
romántico	8
rozando	8
rs	8
rt	8
rublo	8
rumanía	8
sabana	8
sabrina	8
sacamos	8
saco	8
sagitario	8
saint-germain	8
sales	8
salirse	8
samantha	8
samu	8
sandro	8
sanfermines	8
sanidade	8
santi	8
santilli	8
schumacher	8
seas	8
secuencias	8
secuestró	8
seda	8
selló	8
semanario	8
semejantes	8
semi	8
senasa	8
senegalés	8
sentó	8
separan	8
servía	8
sesgo	8
severamente	8
señalados	8
sheffield	8
similitudes	8
simulacro	8
sinopharm	8
sintomatología	8
sintético	8
sobredosis	8
sobresale	8
sobresaliente	8
sobreviven	8
solitaria	8
sorprendidos	8
sostenidos	8
sosteniendo	8
soviéticos	8
spring	8
spurs	8
stella	8
stock	8
streamer	8
stuttgart	8
suaves	8
subterráneo	8
subvariante	8
sudafricano	8
sufrida	8
suicidó	8
sumisión	8
superados	8
superhéroes	8
superman	8
superávit	8
suponiendo	8
suscitó	8
suscriptores	8
suspenden	8
sustancial	8
sutil	8
swift	8
t-mec	8
tacos	8
tajo	8
tala	8
talentoso	8
tania	8
tarde-noche	8
tb	8
telemundo	8
televisivas	8
televisivos	8
telúrico	8
templos	8
terminados	8
terminamos	8
tesorería	8
testeos	8
texcoco	8
textura	8
tierna	8
tinder	8
tips	8
tiranía	8
tirón	8
tite	8
tlajomulco	8
tocan	8
tocará	8
tolhuin	8
tomaría	8
torino	8
torna	8
torturas	8
tractores	8
transcurre	8
transgénero	8
transitaba	8
transportista	8
trascender	8
trasladando	8
traumático	8
trayectorias	8
trazar	8
tribu	8
trimestrales	8
triunfó	8
tropa	8
trébol	8
trío	8
turca	8
turismos	8
tíos	8
típicamente	8
tóxicas	8
udi	8
ugt	8
unieron	8
unificado	8
unirá	8
ureña	8
usb	8
utah	8
uv	8
vaguada	8
vallenato	8
valorados	8
valorando	8
varonil	8
vasca	8
veda	8
velatorio	8
vendría	8
venus	8
veracidad	8
veranos	8
vergara	8
verifica	8
verificó	8
verástegui	8
vespertino	8
viabilidad	8
viaducto	8
vicegobernadora	8
vicepresidencia	8
vicesecretario	8
vicuña	8
videovigilancia	8
vigués	8
vii	8
viii	8
viktor	8
vincula	8
virgilio	8
visitaba	8
visitarán	8
vistazo	8
vistió	8
visualiza	8
viñas	8
vogue	8
volvimos	8
volví	8
vuela	8
válida	8
war	8
warner	8
wi-fi	8
willis	8
willy	8
xiv	8
xolos	8
xviii	8
yerba	8
zacatecano	8
zanjado	8
zaragozano	8
zozobra	8
áñez	8
épica	8
óptimas	8
óptimo	8
abandonadas	7
abandonará	7
abastece	7
abordados	7
abrupta	7
absolutos	7
abucheos	7
abuelas	7
accesorio	7
acelerador	7
aceleró	7
aceptada	7
aceptara	7
acera	7
acerquen	7
acertada	7
aclamado	7
acompañará	7
acompañarán	7
acopio	7
acortar	7
acostumbra	7
activada	7
activan	7
actualizados	7
actualizando	7
acudiendo	7
acueducto	7
acumuladas	7
acústica	7
adelantan	7
adentrarse	7
adheridos	7
adición	7
adjudicado	7
administradora	7
administradores	7
adonde	7
adquiridas	7
adversidades	7
adyacente	7
aeroespacial	7
aeronáutica	7
aeronáutico	7
aerosol	7
afectaría	7
afectivo	7
afiches	7
afiliadas	7
afinidad	7
agarrar	7
agotan	7
agrarias	7
agredidos	7
agremiados	7
aguardan	7
ai	7
aislarse	7
ajax	7
ajenas	7
ajustados	7
ajustarse	7
alambre	7
alargue	7
albergará	7
alcances	7
alcorta	7
alcántara	7
alegra	7
alegres	7
alejó	7
alem	7
alevosía	7
alineados	7
allianz	7
almuerzos	7
alteraciones	7
altercado	7
alternas	7
alternativos	7
aludido	7
alzó	7
amaia	7
amas	7
ambiciosas	7
ambulantes	7
amenazadas	7
amenazando	7
amenazaron	7
amparados	7
ampliada	7
amsterdam	7
anatomía	7
andino	7
andorra	7
andriy	7
anduvo	7
anfitriones	7
angulo	7
anima	7
anita	7
annie	7
anotado	7
anotador	7
anotando	7
ansiada	7
ansias	7
anteproyecto	7
anti	7
anticovid	7
antivacunas	7
antoni	7
antonia	7
anímicamente	7
apaciguar	7
apaga	7
apagado	7
apagarse	7
aparezca	7
aparezcan	7
apegado	7
aperturas	7
aplaudido	7
aplazar	7
apocalipsis	7
aportamos	7
apoyados	7
apreciado	7
aprecio	7
apreció	7
aprendan	7
apretar	7
aprobarse	7
apropiada	7
apta	7
apurar	7
aquejan	7
aquino	7
arbitral	7
arbitrariamente	7
argelino	7
aries	7
ariete	7
arqueológica	7
arqueólogos	7
arquitectónico	7
arrastran	7
arregla	7
arrestaron	7
arriesgado	7
arrojado	7
arrojan	7
arteria	7
arts	7
artífice	7
arévalo	7
asalariados	7
asaltantes	7
aseguramiento	7
asegúrese	7
asesorar	7
asevera	7
asia-pacífico	7
asienta	7
asignaturas	7
asistida	7
asiáticos	7
asombro	7
asombrosa	7
atacadas	7
atado	7
atajó	7
atenderán	7
atmosférica	7
atresmedia	7
atreve	7
atribuir	7
atún	7
auditor	7
aumentada	7
aumentarán	7
aurinegro	7
ausencias	7
autista	7
autobiografía	7
autocrítica	7
autodefensa	7
autogol	7
automoción	7
automovilístico	7
autoritaria	7
auténticos	7
avalar	7
aviar	7
avisan	7
avisar	7
aviv	7
aws	7
ayotzinapa	7
ayudaría	7
ayuno	7
azerbaiyán	7
aznar	7
azotado	7
añadimos	7
añadirle	7
baches	7
bajarse	7
balances	7
banfield	7
barbosa	7
bardas	7
barones	7
barrido	7
barón	7
bautizada	7
bcv	7
beatles	7
bebiendo	7
becker	7
begoña	7
belaruso	7
belice	7
benefician	7
beneficiando	7
beneficiaron	7
beneficiarse	7
beneficiosa	7
benéficas	7
bernabé	7
bezos	7
bikini	7
birmingham	7
blando	7
bloquea	7
bobby	7
boeing	7
boletines	7
bonafini	7
bonet	7
borges	7
borró	7
brandon	7
brasa	7
brasilia	7
brentford	7
británicas	7
brújula	7
buckingham	7
buffalo	7
burló	7
buscados	7
bustamante	7
butler	7
báltico	7
béjar	7
cabalgata	7
cableado	7
cachorro	7
cacique	7
cadera	7
cafeína	7
caigan	7
cajones	7
calculan	7
callado	7
callao	7
camargo	7
cambiante	7
cambiaría	7
camboya	7
cameron	7
camerún	7
camina	7
caminan	7
campamentos	7
camping	7
cancelaciones	7
cancelada	7
canes	7
canje	7
capacitados	7
capitalistas	7
caprichos	7
capricornio	7
captadas	7
captó	7
capó	7
caracol	7
caracterizó	7
característico	7
caratulada	7
carburante	7
cardona	7
cardíaca	7
carles	7
carretero	7
castiga	7
castilla-la	7
cat	7
cateo	7
cauca	7
caucho	7
causal	7
causan	7
causantes	7
cazar	7
cañete	7
ccss	7
ceguera	7
celebrarlo	7
celebre	7
cenar	7
centralidad	7
centrar	7
centrará	7
cepas	7
cepo	7
cerdos	7
cerebros	7
ceremonias	7
cerradura	7
chacón	7
charrúa	7
chefs	7
chic	7
chocaron	7
cholo	7
chorro	7
chrome	7
cicatriz	7
ciclón	7
ciego	7
cilindro	7
cinematográficas	7
cinismo	7
circulaban	7
circularon	7
circulen	7
ciruelas	7
cirujanos	7
clasificada	7
claustro	7
clavó	7
clinic	7
clips	7
cndh	7
cobren	7
cogió	7
cognitivas	7
coinbase	7
coincidir	7
colarse	7
colchonero	7
cold	7
colecciones	7
collar	7
colocados	7
colocando	7
comandancia	7
combatiendo	7
combinados	7
combo	7
comen	7
comentaristas	7
cometieron	7
cometían	7
comillas	7
comisarios	7
comisionada	7
commenton	7
compartían	7
comparó	7
compitió	7
complementar	7
complementó	7
comprometer	7
computador	7
comuneros	7
comunicarnos	7
comía	7
concluya	7
condal	7
condicionado	7
conduzca	7
conectan	7
conectará	7
confeccionado	7
confeccionar	7
configura	7
confrontaciones	7
congelado	7
congelar	7
congregaron	7
connotación	7
cono	7
conocerán	7
conociera	7
conozcamos	7
conquistas	7
consensuar	7
conserje	7
consiga	7
consistía	7
constituyeron	7
constructiva	7
constructores	7
construimos	7
construirse	7
consultorios	7
consumido	7
consumiendo	7
contabilizaron	7
contactarse	7
contados	7
contaminada	7
contaminante	7
contestado	7
contingente	7
continuada	7
contradicciones	7
contradictorias	7
contrajeron	7
contraofensiva	7
contraproducente	7
contratiempos	7
contribuyan	7
contribuyeron	7
contrincante	7
controlando	7
conversado	7
convertidos	7
convertirla	7
convocan	7
convocará	7
cool	7
copero	7
coquimbo	7
cordobesa	7
cornejo	7
coronación	7
coronado	7
coronarse	7
coros	7
corporativas	7
corregidora	7
correspondió	7
corrigió	7
corroboraron	7
cortometraje	7
corts	7
cosechando	7
cosmos	7
costando	7
costosa	7
costura	7
costuras	7
cotizados	7
cpi	7
creamos	7
crearse	7
creyendo	7
creyente	7
criar	7
criollo	7
criticando	7
crono	7
cross	7
cruciales	7
crujiente	7
cráter	7
cualidad	7
cualitativo	7
cuarteto	7
cubrió	7
cubría	7
cuchillos	7
cuellar	7
cuestas	7
cuestiona	7
cuestionados	7
cuidadosamente	7
cuidando	7
cuidarnos	7
cuiden	7
culo	7
culposo	7
curas	7
currículo	7
cuánta	7
cánticos	7
cáritas	7
cúmulo	7
cúspide	7
dakota	7
dana	7
danés	7
darás	7
deban	7
debuta	7
decidida	7
decidiera	7
decisivas	7
decomisaron	7
decorar	7
defendida	7
defensivos	7
defensoras	7
definidas	7
degradación	7
delicioso	7
delivery	7
dello	7
demandada	7
demandadas	7
democráticamente	7
demográfica	7
demonio	7
dennis	7
derivar	7
derrama	7
derribó	7
desabasto	7
desacuerdos	7
desagradable	7
desalojado	7
desantis	7
desaparecen	7
desaparecieron	7
desaparezca	7
desarrollador	7
desbordamiento	7
descansos	7
descartada	7
descentralizado	7
desconexión	7
desconocía	7
descubrimos	7
desempeñado	7
desesperadas	7
designaciones	7
deslizamientos	7
desmintió	7
despedidos	7
desperdicio	7
desplaza	7
desplazó	7
desplegará	7
despoblación	7
destacable	7
destacamento	7
destacamos	7
desvelado	7
detalladas	7
detectadas	7
detectan	7
detenerlos	7
detractores	7
detroit	7
deutsche	7
devoluciones	7
devolviendo	7
devolvió	7
devuelven	7
dhabi	7
diagnosticar	7
diagnosticaron	7
diagnósticas	7
dibujante	7
dic	7
dictada	7
dictaduras	7
dictaminó	7
dicte	7
dictámenes	7
dietas	7
difuntos	7
digitalizar	7
dimitri	7
dinamizar	7
diosa	7
diosdado	7
dirimir	7
discreta	7
discreto	7
disidente	7
disparados	7
disputando	7
disputarse	7
distante	7
distinguen	7
distraer	7
distribuyendo	7
distrital	7
diurna	7
dividen	7
dividendo	7
divididas	7
divisiones	7
divulgar	7
diálisis	7
diámetro	7
diáspora	7
documentó	7
dominando	7
donativo	7
down	7
dramáticamente	7
dual	7
durant	7
duraron	7
durísimo	7
ecatepec	7
echado	7
echo	7
ecologistas	7
ecu	7
eddie	7
edward	7
eintracht	7
ejecutaron	7
ejecute	7
elaboran	7
elegirá	7
elegí	7
elemental	7
elija	7
eliminadas	7
eliminan	7
embalaje	7
embalse	7
embestida	7
emerge	7
emery	7
emily	7
emir	7
emisoras	7
emojis	7
empeora	7
empeorar	7
empezaba	7
emplazamiento	7
empoderamiento	7
emprendedora	7
empujón	7
encabezará	7
encaja	7
encajar	7
encaje	7
encamina	7
encantan	7
encapuchados	7
encargan	7
encerrada	7
encontrarlos	7
encubrimiento	7
endémica	7
enfermas	7
engloba	7
enhorabuena	7
enríquez	7
ensanche	7
ensueño	7
enterrar	7
entraría	7
entrenadora	7
entrerrianos	7
entretanto	7
enviamos	7
epic	7
equitativa	7
erling	7
ermita	7
erupciones	7
esclarezca	7
escribí	7
escuchadas	7
escudero	7
eslogan	7
espargaró	7
esparta	7
esperas	7
espías	7
espósito	7
esquivar	7
establecerse	7
estacionada	7
estacional	7
estampida	7
estatua	7
estimaron	7
estrechar	7
estrictos	7
estuviese	7
estético	7
ethereum	7
etiopía	7
euforia	7
eugene	7
eurovisión	7
euríbor	7
examinar	7
excesivos	7
excompañeros	7
exdiputado	7
exención	7
exenta	7
exento	7
exhaustiva	7
expensas	7
explicarse	7
explotaciones	7
expresando	7
expropiación	7
expulsar	7
exquisito	7
exsecretario	7
exterminio	7
externó	7
extorsionar	7
extraterrestre	7
extremeño	7
extremistas	7
exóticas	7
faa	7
facción	7
facilitan	7
factibilidad	7
factoría	7
fallaron	7
faltaban	7
farc	7
favoreciendo	7
federados	7
federalismo	7
federativas	7
felix	7
fema	7
ferretería	7
festeja	7
fibras	7
fichado	7
fichó	7
field	7
figueres	7
fijados	7
filmado	7
filmar	7
fino	7
firmando	7
fisura	7
fitness	7
flecha	7
floral	7
flote	7
fluctuaciones	7
fluidos	7
fluir	7
fluvial	7
fomentan	7
fonatur	7
formadores	7
formalización	7
formalizó	7
formará	7
formativo	7
formen	7
formuladas	7
formulado	7
formuló	7
fortalezas	7
fortunas	7
fotógrafos	7
fran	7
francesas	7
francis	7
fray	7
frena	7
frescura	7
frustraciones	7
frustrada	7
fucsia	7
fulgencio	7
fumadores	7
funcionarias	7
fundado	7
fusil	7
fármaco	7
gago	7
gaitán	7
gallegas	7
gallina	7
galpón	7
ganadero	7
garante	7
garden	7
gareth	7
garras	7
garrido	7
gary	7
garzón	7
gaspar	7
gea	7
geforce	7
generamos	7
generation	7
genil	7
genuino	7
geográfico	7
gesell	7
gestiona	7
gestionando	7
gianni	7
gimnasios	7
giorgia	7
giovani	7
giovanni	7
gisela	7
gladys	7
globalmente	7
glúteos	7
gobernabilidad	7
gobernaciones	7
gobernado	7
god	7
goleadores	7
goleó	7
golosinas	7
gonnet	7
gorra	7
gpu	7
grabados	7
grada	7
graduada	7
granadinos	7
grosor	7
grúas	7
guadiana	7
guanacaste	7
guante	7
guardados	7
guardaparques	7
guardianes	7
guatemalteca	7
guillén	7
guitarrista	7
guión	7
haberme	7
habitacionales	7
habitáculo	7
hablo	7
habéis	7
hacerlas	7
hagas	7
hamburguesas	7
harta	7
harvard	7
haré	7
hayas	7
health	7
herradura	7
hidráulico	7
hill	7
hipotecarios	7
holding	7
homenajear	7
honrado	7
hormona	7
hoteleros	7
howard	7
hp	7
hubble	7
hubiésemos	7
huertas	7
huerto	7
hunter	7
hyundai	7
ibercaja	7
ibérico	7
ica	7
ice	7
ictus	7
id	7
idc	7
ideológicas	7
idiosincrasia	7
idéntica	7
ignora	7
ignorado	7
igualado	7
il	7
ilusionante	7
ilustraciones	7
ilustre	7
imaginario	7
imparcial	7
impartir	7
imperialista	7
impermeable	7
implantar	7
implementa	7
implementada	7
implementadas	7
importarle	7
impresionó	7
imprevistos	7
improvisación	7
improvisada	7
improvisado	7
impugnación	7
impulsará	7
impulsor	7
imputadas	7
inadecuado	7
incansablemente	7
inciden	7
inclusivas	7
incompleto	7
incorpore	7
incorrecto	7
incredulidad	7
incumplió	7
incurrido	7
incursionar	7
indagaciones	7
indefinidos	7
independentismo	7
indicación	7
indicada	7
indie	7
indios	7
indirectas	7
indirecto	7
inditex	7
individualmente	7
indudablemente	7
industrialización	7
inexplicable	7
infanta	7
infantino	7
infectado	7
infinitas	7
influyentes	7
informadas	7
informamos	7
ingeniera	7
ingrediente	7
ingresadas	7
iniciados	7
inmersa	7
inmersos	7
inmobiliarias	7
innecesarios	7
inning	7
innovadores	7
inoculación	7
inscribieron	7
inscriptos	7
insertar	7
insistimos	7
insomnio	7
instrumental	7
insurrección	7
intencionalmente	7
intensificado	7
intensificando	7
intensificar	7
interesaba	7
interferencias	7
internación	7
interpretando	7
interpretaron	7
intervenida	7
intestino	7
intrafamiliar	7
invadió	7
inventar	7
invernales	7
investiguen	7
invirtieron	7
involucrada	7
involucrar	7
inéditos	7
iquique	7
irritación	7
irónicamente	7
istmo	7
itinerarios	7
iñaki	7
jalil	7
jan	7
jaume	7
jerusalén	7
jet	7
jong-un	7
jordán	7
josué	7
jp	7
juanjo	7
jugué	7
juntar	7
justos	7
juve	7
júnior	7
kazajistán	7
kelly	7
kerr	7
kids	7
kishida	7
kuleba	7
labora	7
labs	7
lacalle	7
lali	7
lamentamos	7
lando	7
lanzadores	7
lanzarote	7
largometrajes	7
lastre	7
lawrence	7
leen	7
lejanos	7
lemus	7
lenin	7
lentitud	7
lesionarse	7
levanten	7
lezama	7
lgtbi	7
liberaron	7
liberó	7
lideran	7
lienzo	7
ligados	7
lilia	7
limitadas	7
limitando	7
limite	7
lingüística	7
livianos	7
llamo	7
llamosas	7
llaryora	7
lluvioso	7
lobby	7
locutor	7
logotipo	7
loret	7
loíza	7
lp	7
luchó	7
luhansk	7
lujan	7
lujosa	7
luminoso	7
lámpara	7
lámparas	7
macrozona	7
maduración	7
maestría	7
mahsa	7
malí	7
mamas	7
management	7
mandado	7
manifestarse	7
manzanas	7
manzanillo	7
marcial	7
marga	7
mariel	7
marin	7
markle	7
maroto	7
marqués	7
marrones	7
marroquíes	7
maru	7
marítimos	7
masters	7
matizado	7
matt	7
maza	7
mañaneras	7
medallista	7
mediaset	7
medicación	7
medicinal	7
meditación	7
medusa	7
megavatio	7
megavatios	7
mejorarán	7
melanie	7
melodía	7
mendes	7
mentes	7
mercenarios	7
meteorito	7
metía	7
meza	7
mezclado	7
microbikini	7
micrófonos	7
millar	7
mintió	7
mirado	7
misterioso	7
mit	7
mixtos	7
mohammed	7
molestar	7
momentáneamente	7
monedero	7
monetarias	7
monstruo	7
montado	7
montaron	7
montó	7
morteros	7
mostrador	7
mostrarse	7
motivar	7
motoristas	7
movilizar	7
multiplican	7
muriera	7
musculares	7
mussolini	7
mvp	7
míos	7
nací	7
nadar	7
napoli	7
narrador	7
nata	7
nature	7
navales	7
navideña	7
navío	7
nbc	7
necesitábamos	7
negación	7
negocia	7
negociado	7
negoció	7
nerviosos	7
nhc	7
noah	7
noción	7
nolasco	7
non	7
notario	7
note	7
notificados	7
nuca	7
nutricionales	7
obelisco	7
obregón	7
obsequios	7
observaba	7
obtendrás	7
