di	75173
e	48828
il	42584
la	39297
che	35740
in	33806
a	31064
per	28263
è	27790
un	24417
del	19591
non	18263
i	17270
con	16926
una	16560
ha	16407
le	16093
della	14877
si	14674
da	13347
al	12174
sono	11753
anche	9035
più	8955
ma	8313
nel	8304
dei	8131
alla	6968
come	6909
delle	6170
gli	6078
lo	5470
questo	4924
dal	4697
hanno	4560
ci	4484
se	4461
stato	4439
nella	4393
su	4275
tra	4143
ad	4013
anni	3859
dopo	3741
essere	3712
due	3708
sul	3590
alle	3485
o	3411
cui	3302
suo	3264
prima	3244
ai	3238
questa	3116
solo	3093
sua	3021
dalla	2930
tutti	2914
era	2892
sempre	2857
ed	2849
ancora	2688
poi	2635
loro	2586
tutto	2575
molto	2550
degli	2503
perché	2477
parte	2455
fatto	2423
quando	2421
sarà	2379
oggi	2365
uno	2334
sia	2310
stata	2299
fare	2270
mi	2223
così	2200
nei	2186
sulla	2138
già	2111
quello	2023
secondo	2007
nelle	1939
quanto	1938
fa	1930
senza	1927
proprio	1889
tempo	1874
può	1835
persone	1826
stati	1806
chi	1805
ho	1772
abbiamo	1696
casa	1638
primo	1634
però	1625
euro	1619
vita	1612
grande	1607
ogni	1599
contro	1592
cosa	1590
altri	1583
momento	1582
quindi	1558
nuovo	1553
dove	1538
giorni	1532
oltre	1524
fino	1508
ore	1491
ora	1486
infatti	1468
dai	1453
lavoro	1446
mentre	1437
mondo	1430
quella	1425
mai	1421
invece	1416
aveva	1403
via	1388
sta	1385
presidente	1381
questi	1379
volta	1354
rispetto	1346
modo	1340
c’è	1330
italia	1307
detto	1291
fine	1287
sui	1274
tre	1265
dalle	1231
caso	1223
siamo	1219
città	1214
ne	1192
milioni	1166
giorno	1150
aver	1109
meno	1109
tutte	1107
dello	1104
durante	1101
lui	1089
noi	1080
sarebbe	1078
potrebbe	1070
poco	1067
serie	1055
bene	1043
stesso	1037
nuova	1031
suoi	1029
qualche	1019
punto	1010
alcuni	1007
negli	1006
insieme	1001
ieri	996
avere	973
saranno	970
altro	967
possibile	966
anno	956
agli	936
storia	936
quale	932
sotto	930
altre	926
mesi	925
queste	924
posto	921
io	919
grazie	918
sulle	916
corso	913
nostro	913
qui	913
soprattutto	906
circa	902
visto	901
paese	879
nuovi	873
governo	871
covid	860
importante	848
roma	841
guerra	834
state	816
famiglia	814
inoltre	813
tratta	809
stagione	807
nostra	806
lei	805
centro	804
situazione	801
squadra	801
quel	799
pubblico	797
viene	793
ti	787
quasi	785
regione	784
deve	775
de	772
mila	769
erano	768
verso	765
davvero	763
tanto	760
donna	758
possono	753
società	753
casi	749
nazionale	747
dire	744
subito	744
molti	743
va	738
sue	736
dato	734
quali	733
progetto	729
programma	725
vi	725
far	724
meglio	718
ciò	717
settimana	715
campo	714
tutta	707
avuto	702
mercato	701
allo	698
livello	698
numero	695
successo	694
ultimi	694
fuori	692
me	688
mio	688
sembra	684
avrebbe	683
comune	683
ucraina	682
mia	681
russia	679
diversi	677
scorso	674
donne	670
cose	668
social	666
giornata	664
film	663
base	662
gruppo	662
territorio	662
vista	651
c'è	648
dati	648
particolare	648
san	644
volte	642
stanno	638
enne	632
sei	630
sicurezza	630
ben	624
punti	624
almeno	623
mese	615
futuro	614
stessa	611
po	607
seconda	605
lungo	604
spesso	596
domenica	593
alcune	589
troppo	586
causa	583
quelli	582
nonostante	578
dare	573
tanti	573
quattro	571
qualcosa	570
parole	569
settembre	568
nuove	567
comunque	566
problema	566
certo	565
gioco	565
periodo	564
quelle	563
dice	562
attraverso	561
gennaio	560
piano	559
andare	557
diverse	556
attività	552
sindaco	552
consiglio	550
grandi	550
persona	549
forse	546
finale	544
esempio	542
partita	541
realtà	539
dunque	538
bambini	536
giovane	534
servizio	534
avanti	531
italiano	531
possibilità	530
giovani	528
polizia	528
strada	527
ultime	526
media	525
ecco	524
legge	524
forte	523
giugno	520
adesso	519
video	519
fosse	518
nulla	516
sera	515
sistema	515
scelta	513
fronte	510
ormai	509
politica	508
paesi	503
no	500
tv	499
vuole	499
settore	497
l	496
cittadini	495
deciso	495
forza	494
vedere	494
vero	494
porta	493
milano	492
amici	491
club	489
seguito	488
propria	486
forze	485
passato	485
italiana	483
luglio	479
sabato	478
prezzo	476
nostri	474
percorso	474
senso	473
nome	472
dagli	471
pochi	471
riguarda	469
siano	469
totale	468
trovare	468
salute	467
zona	467
scuola	466
generale	465
grado	465
napoli	462
prime	460
rete	460
continua	459
risultato	458
dovrebbe	457
gara	456
bisogno	453
marzo	453
qualità	452
pandemia	451
partire	451
crisi	449
li	447
ricerca	443
appena	439
piazza	439
dobbiamo	438
ministro	438
rapporto	438
tuttavia	438
davanti	437
primi	437
fanno	436
problemi	436
provincia	436
cinque	435
foto	435
studio	435
personale	434
nessuno	432
prossimo	432
difficile	431
italiani	431
servizi	430
all’interno	428
arriva	428
maggio	428
prodotti	428
settimane	428
spazio	427
capire	424
condizioni	424
ovviamente	424
gas	422
domani	421
ruolo	421
uomini	421
calcio	420
morte	420
portato	419
spiega	419
figlio	416
fra	416
russo	416
allora	415
coppia	414
dicembre	414
possa	414
ragazzi	414
mezzo	413
regionale	413
carabinieri	409
abbia	408
mano	408
presenza	408
ex	407
rischio	407
partito	404
presso	404
aprile	403
massimo	403
padre	403
ottobre	402
parlare	401
bisogna	400
notte	398
nello	396
tema	396
tempi	396
importanti	395
tante	394
musica	392
notizia	392
crescita	390
termine	390
chiesto	389
mettere	389
edizione	388
preso	388
arrivare	387
leader	387
miliardi	385
sicuramente	385
controllo	381
mondiale	379
dichiarato	378
minuti	378
presenti	377
fuoco	376
fu	375
comunità	374
trovato	374
novembre	373
col	372
poter	372
aziende	371
cuore	369
difesa	369
febbraio	369
internazionale	369
ritorno	369
terra	369
gol	368
molte	368
serata	368
aggiunto	367
maggiore	367
presente	367
decisione	366
pari	366
linea	365
portare	365
valore	365
tipo	364
tornare	364
uomo	364
necessario	363
resta	363
vengono	363
messo	362
puntata	362
spiegato	362
hai	361
stiamo	361
corpo	358
questione	358
conto	357
piccolo	357
sport	357
venerdì	356
campionato	355
devono	355
fase	354
prova	354
agosto	352
mattina	352
protagonista	352
data	351
difficoltà	351
risultati	351
terzo	351
testa	351
auto	350
nato	350
niente	350
nord	347
madre	345
parla	345
avevano	342
centrale	342
prezzi	342
rai	342
sì	342
possiamo	341
entro	340
motivo	340
produzione	340
titolo	340
locale	339
putin	339
stampa	339
famiglie	338
lega	338
mare	338
pomeriggio	338
s	338
lunedì	337
luogo	336
sapere	334
sito	334
direttore	333
genere	333
ministero	333
attualmente	332
potrà	332
qualcuno	332
verrà	332
vittoria	332
figli	331
viaggio	331
uniti	329
facendo	328
risposta	328
positivi	327
presto	327
the	327
dovuto	326
lavori	326
scena	326
test	326
confronti	325
genova	325
l’uomo	325
pace	325
disposizione	324
milan	324
potrebbero	323
sa	323
vicino	323
sviluppo	322
annunciato	321
fatti	321
prendere	321
europa	320
trova	320
arrivato	319
maria	319
campagna	318
genitori	318
lì	318
pd	318
russi	318
giusto	317
lavorare	316
domanda	315
infine	314
male	314
nota	314
maggior	313
tuo	313
giro	312
guida	312
informazioni	312
bella	311
europea	311
forma	311
iniziato	311
attesa	310
fiorentina	310
cultura	309
moglie	309
scritto	309
sociale	309
migliore	308
pronto	308
diventare	307
francesco	307
diretta	306
imprese	306
aumento	305
chiaro	305
luce	305
semplice	305
canale	304
probabilmente	304
prossima	304
festival	303
alto	302
collaborazione	302
dovrà	302
intorno	301
l’ex	301
posizione	301
prodotto	301
scelto	301
teatro	301
insomma	299
nostre	299
russa	299
processo	298
capo	297
prevede	297
prossimi	297
resto	295
torna	295
draghi	294
né	294
richiesta	294
buon	293
te	293
dietro	292
giocare	292
costi	291
evitare	291
passo	291
paura	291
comunale	290
ufficiale	290
fan	289
comuni	287
l’italia	287
tecnico	287
buona	286
diritto	286
attenzione	285
kiev	285
parlato	285
modello	284
pazienti	284
pubblica	284
giocatori	283
qualsiasi	283
contratto	282
entrambi	282
gran	282
tramite	282
vittima	282
metri	281
vivere	281
locali	280
versione	280
onda	279
vera	279
capacità	278
farlo	278
fatta	278
gestione	278
serve	278
vede	278
perso	277
previsto	277
progetti	277
basta	276
palermo	276
piccola	276
sarebbero	276
significa	276
tale	276
effetti	275
fondamentale	275
partite	275
purtroppo	275
sud	275
formazione	274
online	274
quest’anno	274
aperto	273
commissione	273
metà	273
completamente	272
occasione	272
precedente	272
proposta	272
propri	272
spettacolo	272
vip	272
classe	271
figlia	271
alta	270
breve	270
immagini	269
mosca	269
pensare	269
cura	268
interventi	268
marito	268
soli	268
inizio	267
distanza	266
instagram	266
militari	266
affermato	265
creare	265
energia	265
mamma	265
maniera	265
repubblica	265
giovedì	264
mostra	264
posti	264
intanto	263
voglio	263
lunga	262
ragazzo	262
ricevuto	262
utenti	262
cantante	261
vittime	261
credo	260
lasciato	260
noto	260
occhi	259
paolo	259
sfida	259
m	258
pare	258
affrontare	257
classifica	257
eventi	257
finalmente	257
sostegno	257
migliori	256
camera	255
fondo	255
post	255
raccontato	255
riferimento	255
ce	254
facile	254
segno	254
studenti	254
violenza	254
bologna	253
lavoratori	253
poche	253
quota	253
sole	252
terza	252
usa	252
avrà	251
sede	251
un’altra	251
giocatore	250
marco	250
novità	250
storico	250
voluto	250
conferma	248
dieci	248
festa	248
relazione	248
pieno	247
show	247
stelle	247
torino	247
voto	247
carriera	246
incontro	245
numeri	245
aree	244
continuare	244
disponibile	244
merito	244
pubblicato	244
voi	244
compagnia	243
principali	243
sugli	243
morto	242
nessun	242
stare	242
politiche	241
ucraino	241
arrivata	240
danni	240
chiuso	239
nemmeno	239
stava	239
stile	239
armi	238
direzione	238
libro	238
ottenere	238
ragazza	238
vogliamo	238
calo	237
soltanto	237
squadre	237
clienti	236
esperienza	236
partecipazione	236
raggiunto	236
recente	236
fratello	235
potuto	235
premier	235
premio	235
speciale	235
mercoledì	234
movimento	234
piuttosto	234
spettatori	234
costa	233
elezioni	233
morti	233
responsabilità	233
soccorso	233
soldi	233
soluzione	233
vanno	233
entrare	232
lazio	232
oppure	232
parlando	232
seguire	232
vari	232
voce	232
voglia	232
penso	231
piccoli	231
precedenti	231
raggiungere	231
libertà	230
magari	230
meloni	230
tua	230
aggiunge	229
cambiare	229
dentro	229
gente	229
popolazione	229
afferma	228
amore	228
bambino	228
indagini	228
messaggio	228
racconta	228
lasciare	227
diritti	226
fin	226
luca	226
ospedale	226
scorsa	226
tu	226
dell	225
parti	225
accaduto	224
contenuti	224
conti	224
risorse	224
scuole	224
tamponi	224
team	224
bilancio	223
of	223
perchè	223
sopra	223
terapia	223
francia	222
presentato	222
pure	222
reale	222
unico	222
avvenuto	221
differenza	221
martedì	221
modalità	221
sinistra	221
elettorale	220
misure	220
palazzo	220
sicilia	220
cinema	219
addirittura	218
digitale	218
dollari	218
età	218
intervento	218
misura	218
piattaforma	218
costo	217
sé	217
grave	216
ovvero	216
struttura	216
vinto	216
viola	216
anzi	215
colpo	215
commenta	215
fiducia	215
germania	215
juventus	215
medici	215
stessi	215
termini	215
verità	215
azioni	214
carlo	214
confronto	214
so	214
dallo	213
necessità	213
passare	213
ripresa	213
chiesa	212
letto	212
natale	212
speranza	212
mezzi	211
personaggi	211
avete	210
europeo	210
farà	210
parlamento	210
andrea	209
capitale	209
civile	209
tenere	209
agenti	207
carta	207
cento	207
matteo	207
momenti	207
potranno	207
proprie	207
strade	207
dedicato	206
evento	206
giochi	206
nessuna	206
obiettivo	206
personaggio	206
puoi	206
storie	206
dettagli	205
messa	205
procura	205
realizzato	205
segretario	205
ucraini	205
amazon	204
direttamente	204
italiane	204
pelle	204
rende	204
twitter	204
andato	203
economico	203
fondi	203
giovanni	203
liguria	203
maggioranza	203
perdere	203
principale	203
punta	203
regioni	203
acqua	202
forti	202
protezione	202
all	201
destra	201
estate	201
lombardia	201
rendere	201
superiore	201
natura	200
politico	200
quei	200
vincere	200
basso	199
chiedere	199
gravi	199
intensiva	199
l’ha	199
diventa	198
pur	198
sala	198
sicuro	198
tasso	198
corsa	197
malattia	197
medico	197
posso	197
virus	197
zone	197
avrebbero	196
cercare	196
diverso	196
felice	196
nero	196
atto	195
dedicata	195
passaggio	195
alcun	194
cerca	194
confermato	194
g	194
match	194
potere	194
profilo	194
pronti	194
sola	194
conclude	193
disponibili	193
ospiti	193
pensato	193
tecnologia	193
apple	192
chiara	192
coloro	192
fortuna	192
reso	192
supporto	192
parco	191
sale	191
scrive	191
cambiamento	190
case	190
finito	190
frattempo	190
giornalista	190
l’anno	190
mantenere	190
mette	190
riportato	190
rosa	190
scegliere	190
scoprire	190
smartphone	190
aiutare	189
centrodestra	189
concluso	189
faccia	189
favore	189
porto	189
sette	189
super	189
ulteriori	189
web	189
europei	188
positivo	188
poteva	188
vicenda	188
carcere	187
dipendenti	187
mani	187
militare	187
assolutamente	186
corte	186
garantire	186
l’obiettivo	186
permette	186
peso	186
rappresenta	186
rosso	186
stefano	186
vogliono	186
arrivati	185
colpito	185
conduttrice	185
partner	185
protagonisti	185
rimane	185
bordo	184
esperti	184
green	184
lista	184
obiettivi	184
ottenuto	184
pro	184
soluzioni	184
vostro	184
c	183
cioè	183
conferenza	183
d’italia	183
lascia	183
miei	183
parma	183
ricorda	183
semplicemente	183
spalle	183
cina	182
manifestazione	182
messina	182
migliorare	182
sanzioni	182
arrivo	181
piace	181
top	181
vive	181
appuntamento	180
dolore	180
dovrebbero	180
rimasto	180
tribunale	180
cercando	179
conte	179
giusta	179
memoria	179
sappiamo	179
stando	179
tifosi	179
vendita	179
verde	179
andata	178
arrivano	178
conoscere	178
francese	178
giuseppe	178
impegno	178
passione	178
ricordo	178
scorsi	178
area	177
autorità	177
comunicato	177
esiste	177
fratelli	177
immediatamente	177
opportunità	177
sogno	177
contagi	176
dettaglio	176
pensa	176
record	176
sanità	176
vediamo	176
vigili	176
visita	176
zero	176
diventato	175
lontano	175
regina	175
regole	175
utilizzare	175
cittadino	174
colori	174
otto	174
pubblici	174
santa	174
uscire	174
vale	174
aiuto	173
coppa	173
investimenti	173
league	173
naturale	173
notizie	173
chiede	172
giunta	172
gruppi	172
lato	172
prossime	172
siete	172
studi	172
traffico	172
vantaggio	172
attacco	171
operazioni	171
palco	171
riesce	171
usare	171
uscita	171
alessandro	170
avevo	170
conflitto	170
dovranno	170
firenze	170
livelli	170
sanremo	170
accordo	169
andrà	169
domande	169
inizia	169
luoghi	169
popolo	169
possibili	169
roberto	169
matrimonio	168
offre	168
parola	168
partenza	168
particolarmente	168
permesso	168
riuscito	168
temi	168
banca	167
contrario	167
lanciato	167
pratica	167
quarto	167
realizzare	167
responsabile	167
venezia	167
vissuto	167
antonio	166
conseguenze	166
diversa	166
motivi	166
ragione	166
stazione	166
attacchi	165
dà	165
piena	165
set	165
svolta	165
titoli	165
c’era	164
fianco	164
libera	164
presa	164
campione	163
giustizia	163
libero	163
possano	163
prende	163
stesse	163
aspetto	162
cambio	162
conseguenza	162
istituzioni	162
nuovamente	162
opera	162
piedi	162
prestazioni	162
russe	162
solito	162
sostenere	162
battaglia	161
caldo	161
dell’anno	161
diretto	161
pagare	161
quarta	161
quartiere	161
sottolineato	161
colore	160
fondazione	160
maggiori	160
opere	160
praticamente	160
aperta	159
azione	159
bellezza	159
economica	159
episodi	159
incidente	159
prosegue	159
raccontare	159
richieste	159
chiusura	158
ero	158
paio	158
prevista	158
proprietà	158
utile	158
valori	158
danno	157
google	157
internazionali	157
minimo	157
registrato	157
varie	157
volto	157
animali	156
concerto	156
consente	156
contesto	156
decisamente	156
inglese	156
km	156
numerosi	156
portata	156
abbastanza	155
cercato	155
chiudere	155
dicono	155
indietro	155
papà	155
ricoverati	155
strutture	155
trovano	155
vaccino	155
vivo	155
chiamato	154
facebook	154
lotta	154
partecipato	154
poiché	154
rispondere	154
scelte	154
specie	154
ue	154
categoria	153
dubbio	153
l’altro	153
nata	153
neanche	153
nomi	153
pagina	153
perfetto	153
presenta	153
scomparsa	153
all'interno	152
arrestato	152
bianca	152
contatto	152
look	152
migliaia	152
mille	152
raccolta	152
stadio	152
velocità	152
contributo	151
design	151
discorso	151
emilia	151
fascia	151
globale	151
idee	151
operatori	151
pronta	151
unità	151
anticipazioni	150
civili	150
culturale	150
decessi	150
familiari	150
finora	150
miglior	150
regista	150
scoperto	150
sentire	150
sullo	150
unito	150
verranno	150
appunto	149
attuale	149
b	149
moda	149
papa	149
schermo	149
associazioni	148
candidato	148
capito	148
codice	148
decreto	148
elementi	148
fuga	148
generazione	148
gestire	148
incontri	148
interesse	148
partiti	148
provato	148
strumento	148
amico	147
bel	147
cambiato	147
capelli	147
caro	147
esteri	147
farsi	147
l'ex	147
l’ultima	147
macchina	147
manca	147
regno	147
salvini	147
situazioni	147
abitanti	146
aumentare	146
bello	146
brand	146
gesto	146
l’ultimo	146
nazionali	146
riguardo	146
star	146
sto	146
bonus	145
complesso	145
fonti	145
funzione	145
mario	145
modelli	145
new	145
ottimo	145
presentazione	145
proposte	145
zelensky	145
alcuna	144
carica	144
carico	144
comunicazione	144
eppure	144
membri	144
pagamento	144
residenti	144
rimanere	144
sorpresa	144
ucciso	144
varese	144
continuano	143
denuncia	143
effetto	143
juve	143
mancanza	143
volo	143
centinaia	142
durata	142
emergenza	142
femminile	142
iniziative	142
quotidiano	142
calciatore	141
controlli	141
doppio	141
elettrica	141
reggio	141
rifiuti	141
rischia	141
sorta	141
temperature	141
x	141
dichiarazioni	140
fai	140
iniziare	140
sentito	140
sistemi	140
tutela	140
creato	139
dimostrato	139
gf	139
legale	139
mondiali	139
realizzazione	139
sottolinea	139
strategia	139
tratto	139
villa	139
dall’inizio	138
elisabetta	138
lavorando	138
spazi	138
ulteriore	138
ultimo	138
volontà	138
chilometri	137
colpi	137
discussione	137
passi	137
pnrr	137
provare	137
riporta	137
risposto	137
simile	137
spesa	137
spese	137
batteria	136
caratteristiche	136
conduttore	136
esigenze	136
l'uomo	136
rapporti	136
reddito	136
tour	136
accanto	135
chiave	135
considerato	135
gioia	135
pericolo	135
pressione	135
quadro	135
superare	135
turno	135
cibo	134
dispositivi	134
dose	134
giudice	134
guardare	134
occorre	134
pensiero	134
reti	134
riduzione	134
risposte	134
scopo	134
solidarietà	134
streaming	134
lavorato	133
organizzato	133
sezione	133
spero	133
telespettatori	133
app	132
berlusconi	132
cittadinanza	132
d	132
legato	132
materiale	132
passa	132
proposito	132
registrati	132
reparto	132
strumenti	132
toscana	132
artisti	131
definito	131
massima	131
musicale	131
partecipare	131
porte	131
racconto	131
restare	131
visione	131
chiunque	130
ciclo	130
dosi	130
finita	130
limite	130
luigi	130
oggetto	130
re	130
share	130
telefono	130
trasporto	130
assoluto	129
brescia	129
cambia	129
colpa	129
critiche	129
dell’ordine	129
denaro	129
lavora	129
legati	129
l’idea	129
pass	129
primavera	129
riusciti	129
soggetti	129
accedere	128
condizione	128
figura	128
letta	128
mente	128
mostrato	128
offerta	128
offerte	128
offrire	128
segue	128
tornato	128
tragedia	128
londra	127
ridurre	127
sangue	127
sembrano	127
silenzio	127
sorella	127
tradizione	127
veramente	127
clima	126
compagno	126
cucina	126
decine	126
faccio	126
guardia	126
interessante	126
mandato	126
nell’ambito	126
professionale	126
puglia	126
tassi	126
tenuto	126
vecchio	126
abbiano	125
bollette	125
commentato	125
essersi	125
marino	125
sanitari	125
spagna	125
tavolo	125
titolare	125
umani	125
uso	125
acquistare	124
altra	124
compagni	124
maglia	124
ospedali	124
popolare	124
presentare	124
taglio	124
tentativo	124
amministrazione	123
certamente	123
giorgia	123
giornalisti	123
impossibile	123
sociali	123
unica	123
comitato	122
consigliere	122
decidere	122
difensore	122
diventata	122
evidente	122
feriti	122
finire	122
nasce	122
ognuno	122
ospite	122
promozione	122
reality	122
ricordare	122
voci	122
beni	121
conclusione	121
crescere	121
dubbi	121
entrambe	121
eventuali	121
missione	121
piccole	121
ponte	121
quanti	121
sanno	121
testo	121
trasmissione	121
utili	121
utilizzato	121
voti	121
ambientale	120
attorno	120
bar	120
bianco	120
cause	120
colleghi	120
conoscenza	120
devi	120
enrico	120
gradi	120
idea	120
lorenzo	120
piani	120
prese	120
professionisti	120
centri	119
cerimonia	119
gare	119
impianti	119
messi	119
netflix	119
netto	119
normale	119
nucleare	119
riuscita	119
storica	119
stradale	119
territori	119
vedo	119
vostra	119
business	118
d’amore	118
esserci	118
giocato	118
occasioni	118
ragioni	118
rivelato	118
scadenza	118
sportivo	118
ulteriormente	118
addio	117
bergamo	117
cifra	117
condotto	117
consumo	117
costruire	117
dura	117
giornate	117
mercati	117
patrimonio	117
ricevere	117
rimasti	117
stop	117
successivamente	117
ultima	117
venire	117
accusato	116
apre	116
ferite	116
moto	116
prevenzione	116
programmi	116
recupero	116
riferito	116
terreno	116
turismo	116
certa	115
champions	115
coinvolti	115
fermato	115
l’attenzione	115
modi	115
piacere	115
pietro	115
privata	115
prove	115
ragazze	115
regionali	115
riuscire	115
segni	115
sostenibile	115
sostenibilità	115
tetto	115
york	115
allenatore	114
andando	114
appello	114
azienda	114
chiaramente	114
dico	114
energetica	114
fossero	114
iniziata	114
leggere	114
mancano	114
michele	114
minori	114
over	114
palla	114
portavoce	114
positività	114
rimasta	114
tecnici	114
veicoli	114
accesso	113
altrimenti	113
bambina	113
chiama	113
errore	113
fatica	113
firma	113
originale	113
persino	113
portiere	113
reparti	113
settori	113
standard	113
aiuti	112
circolazione	112
collega	112
devo	112
esattamente	112
là	112
perdita	112
accade	111
arriverà	111
chiamata	111
compagna	111
conosciuto	111
convinto	111
entra	111
episodio	111
fenomeno	111
libri	111
performance	111
personali	111
presentata	111
rossi	111
tanta	111
truppe	111
alberto	110
campania	110
canzone	110
corriere	110
difficili	110
essendo	110
l’unico	110
partecipanti	110
quantità	110
sanitario	110
scontro	110
sembrava	110
vicini	110
vince	110
aspetti	109
bassa	109
fermo	109
ingresso	109
lancio	109
minuto	109
mobile	109
pc	109
sardegna	109
servono	109
svolto	109
tornata	109
voleva	109
accertamenti	108
appare	108
aspettare	108
candidati	108
concorso	108
costante	108
cure	108
dialogo	108
documento	108
espresso	108
estremamente	108
it	108
l’ucraina	108
nove	108
numerose	108
rigore	108
rischi	108
risulta	108
sfide	108
vacanza	108
vuoi	108
capace	107
chiude	107
dando	107
entrato	107
facciamo	107
faceva	107
harry	107
impatto	107
luna	107
l’assessore	107
l’azienda	107
l’unica	107
messaggi	107
naturalmente	107
oggetti	107
omicron	107
ovunque	107
pagine	107
passati	107
raccolto	107
reazione	107
simbolo	107
sostiene	107
tali	107
trimestre	107
valle	107
vorrebbe	107
alti	106
approvato	106
assieme	106
cielo	106
coinvolto	106
condiviso	106
considerazione	106
dolce	106
fiamme	106
inferiore	106
nascita	106
omicidio	106
peggio	106
provenienti	106
restano	106
ricordato	106
rossa	106
scoperta	106
tal	106
vaccini	106
affari	105
aprire	105
avranno	105
bari	105
commercio	105
continuato	105
dimensioni	105
interno	105
l’evento	105
museo	105
pista	105
privato	105
radio	105
recuperare	105
resistenza	105
risolvere	105
savona	105
soldati	105
stabile	105
succede	105
venga	105
carattere	104
chiedono	104
commento	104
concorrenti	104
conta	104
coraggio	104
desiderio	104
doveva	104
funziona	104
guarda	104
l’intervento	104
morta	104
nazioni	104
parliamo	104
politici	104
prestito	104
priorità	104
proposto	104
puntate	104
speciali	104
vie	104
volontari	104
alimentare	103
all’inizio	103
avesse	103
blu	103
combattere	103
critica	103
emozioni	103
fonte	103
giudizio	103
lago	103
mattino	103
potete	103
riconoscimento	103
sconfitta	103
secondi	103
segnato	103
staff	103
straordinario	103
tiene	103
weekend	103
aiuta	102
americano	102
attuali	102
avviato	102
canali	102
classico	102
commenti	102
compito	102
contenuto	102
dibattito	102
europee	102
famosi	102
firmato	102
intenzione	102
l'ha	102
l'italia	102
l’amore	102
notare	102
note	102
percentuale	102
ricoveri	102
sconto	102
sintomi	102
vaccinale	102
vigore	102
vuol	102
affatto	101
borsa	101
buone	101
calabria	101
cambiamenti	101
confine	101
dio	101
famoso	101
incredibile	101
l’attrice	101
posizioni	101
potenza	101
previsti	101
registrano	101
settimanale	101
sguardo	101
stima	101
svizzera	101
tecnica	101
trattamento	101
android	100
anna	100
bellissima	100
comprendere	100
costretto	100
costruzione	100
decide	100
diffuso	100
fornire	100
ii	100
infrastrutture	100
interessato	100
isolamento	100
materiali	100
network	100
ordine	100
provinciale	100
ricco	100
riunione	100
scenario	100
senato	100
spiaggia	100
tantissimi	100
venti	100
bassi	99
benessere	99
caduta	99
croce	99
decisioni	99
denunciato	99
dichiarazione	99
disponibilità	99
finisce	99
forme	99
gioca	99
incontrato	99
industriale	99
intervenire	99
medio	99
perfetta	99
probabile	99
quest’ultimo	99
samsung	99
singolo	99
siti	99
stretto	99
uscito	99
verona	99
viva	99
attori	98
canzoni	98
catania	98
complessivamente	98
ipotesi	98
italpress	98
lettera	98
provvedimento	98
qual	98
risparmio	98
simili	98
stasera	98
tedesco	98
variante	98
biden	97
condividere	97
credito	97
dell’ucraina	97
errori	97
fisica	97
fiume	97
giulia	97
intervenuti	97
mie	97
ministri	97
parenti	97
pena	97
percorsi	97
pesante	97
previste	97
reato	97
regime	97
riccardo	97
specifico	97
tecnologie	97
terapie	97
terrà	97
tratti	97
umano	97
viso	97
aggiungere	96
benissimo	96
coalizione	96
decenni	96
ilary	96
impegni	96
linee	96
mattinata	96
minacce	96
mobilità	96
news	96
rapidamente	96
spagnolo	96
superato	96
tenuta	96
totalmente	96
troviamo	96
valutazione	96
vettura	96
voler	96
articolo	95
bando	95
bollettino	95
dover	95
effettuare	95
elemento	95
enorme	95
ferma	95
indicazioni	95
necessari	95
passando	95
vento	95
ammesso	94
analisi	94
attiva	94
bandiera	94
black	94
certi	94
continuerà	94
daniele	94
display	94
dispositivo	94
documenti	94
enti	94
esperienze	94
facilmente	94
federico	94
formula	94
fortemente	94
giorgio	94
limiti	94
l’incontro	94
l’occasione	94
marchio	94
mariupol	94
nonché	94
principe	94
sebbene	94
sensazione	94
vaccinati	94
veloce	94
anziani	93
appassionati	93
aspetta	93
cast	93
cena	93
competenze	93
completa	93
completo	93
esistono	93
franco	93
iniziativa	93
iphone	93
lingua	93
pezzi	93
polemiche	93
richiesto	93
risponde	93
sento	93
sky	93
smart	93
sportiva	93
tappa	93
vite	93
all’ospedale	92
ama	92
carte	92
corsi	92
dichiara	92
discutere	92
economici	92
famosa	92
ferito	92
internet	92
live	92
località	92
malattie	92
manager	92
minaccia	92
origine	92
personalità	92
rinnovo	92
ripreso	92
sente	92
spirito	92
tornerà	92
veicolo	92
vice	92
band	91
comportamento	91
diffusione	91
mattarella	91
panchina	91
previsioni	91
real	91
scambio	91
secolo	91
straordinaria	91
telecamere	91
televisione	91
transizione	91
turisti	91
vicina	91
volevo	91
avendo	90
centrocampista	90
effettuati	90
fila	90
funzionalità	90
gamma	90
k	90
l’attività	90
l’attore	90
molta	90
perde	90
pertanto	90
recentemente	90
ricarica	90
sanitaria	90
sbagliato	90
torneo	90
uffici	90
un'altra	90
venne	90
vorrei	90
affinché	89
agire	89
ampio	89
annuncia	89
attivo	89
contare	89
dell’ex	89
distribuzione	89
don	89
impegnato	89
interessati	89
one	89
posta	89
potente	89
ricorso	89
ricostruzione	89
scopriamo	89
seduta	89
segreto	89
sentenza	89
serena	89
treno	89
ufficiali	89
ufficialmente	89
veneto	89
acque	88
allegri	88
ambiente	88
bocca	88
capitolo	88
centrali	88
consentire	88
continuità	88
cresciuto	88
dell'ucraina	88
dipende	88
esclusivamente	88
fondamentali	88
francesca	88
frutto	88
funzioni	88
giallo	88
intervista	88
madrid	88
norme	88
portando	88
profondo	88
proteggere	88
rappresentano	88
red	88
registra	88
richiede	88
ritiro	88
romano	88
scrivere	88
sembrerebbe	88
sostenuto	88
appuntamenti	87
big	87
caccia	87
canto	87
capitano	87
consumatori	87
david	87
dipartimento	87
formato	87
inizialmente	87
l'ucraina	87
mancato	87
materia	87
mettendo	87
motore	87
negativo	87
notato	87
paziente	87
pianeta	87
portano	87
quest’ultima	87
riforma	87
segnale	87
sin	87
stia	87
tendenza	87
verdi	87
accolto	86
asl	86
chiusa	86
entrate	86
laboratorio	86
lettura	86
ligure	86
l’ho	86
p	86
parlano	86
province	86
ricerche	86
software	86
successivo	86
uscite	86
album	85
blocco	85
brano	85
commerciale	85
componenti	85
concorrente	85
coronavirus	85
davide	85
dinamica	85
disposto	85
effettivamente	85
ferrari	85
fisico	85
governatore	85
h	85
modena	85
peccato	85
positiva	85
profonda	85
pubbliche	85
qualunque	85
relazioni	85
santo	85
sessuale	85
sostanza	85
tuoi	85
usato	85
vladimir	85
bloccato	84
cinese	84
destino	84
emerge	84
fabio	84
interessanti	84
marcia	84
monte	84
particolari	84
pesanti	84
pioggia	84
pressi	84
qatar	84
questioni	84
regia	84
riferisce	84
signora	84
speriamo	84
talento	84
totti	84
traguardo	84
ucraine	84
utilizzando	84
veniva	84
accuse	83
all’estero	83
americani	83
apertura	83
attendere	83
attivi	83
avrei	83
belle	83
carne	83
cassa	83
compreso	83
doppia	83
fatte	83
federazione	83
ideale	83
legata	83
l’arrivo	83
manga	83
marche	83
mascherina	83
pezzo	83
positive	83
possesso	83
preoccupazione	83
promuovere	83
quest'anno	83
resa	83
responsabili	83
ricordiamo	83
ristorante	83
rivolto	83
sosta	83
trasferimento	83
accompagnato	82
ambito	82
arrivate	82
aspettative	82
atti	82
attore	82
condanna	82
derby	82
federale	82
frase	82
furono	82
mostrare	82
necessaria	82
norma	82
privati	82
produttori	82
semplici	82
somma	82
superiori	82
tecniche	82
unite	82
é	82
avvenuta	81
buono	81
conquistato	81
cremlino	81
culturali	81
debutto	81
delegato	81
dimostra	81
dovesse	81
droga	81
economiche	81
giardino	81
interessi	81
l'ultima	81
lasciando	81
l’aumento	81
molise	81
piede	81
porterà	81
professionista	81
replica	81
saputo	81
solamente	81
tensione	81
tiro	81
tornano	81
trattativa	81
valutare	81
visite	81
volume	81
calendario	80
campi	80
cani	80
cominciato	80
concetto	80
considerando	80
continuo	80
digitali	80
duro	80
emissioni	80
generazioni	80
inutile	80
mangiare	80
milione	80
missili	80
operativo	80
petrolio	80
vincitore	80
avevamo	79
avventura	79
c'era	79
castello	79
coi	79
conosce	79
consapevolezza	79
curiosità	79
date	79
eravamo	79
esterno	79
figure	79
filippi	79
investire	79
legate	79
l’acqua	79
materie	79
maurizio	79
mediaset	79
occhio	79
organizzata	79
polonia	79
realizzata	79
residente	79
scritta	79
sostanze	79
spiegare	79
tardi	79
tradizionale	79
turchia	79
vecchia	79
verificare	79
vivono	79
acquisti	78
acquisto	78
biglietti	78
cagliari	78
complessivo	78
credere	78
d'italia	78
definitivamente	78
diceva	78
dirigente	78
dovuta	78
effettuato	78
emerso	78
faremo	78
iscritti	78
maestro	78
maggiormente	78
musk	78
nave	78
negozi	78
nell’ultimo	78
nicola	78
pensione	78
potesse	78
precedenza	78
presidenza	78
scolastico	78
stranieri	78
tasse	78
tocca	78
vedono	78
anticipo	77
approccio	77
assistenza	77
atteso	77
bagno	77
banche	77
belli	77
campioni	77
commerciali	77
compresa	77
condotta	77
diventando	77
efficace	77
fermare	77
fidanzato	77
gianni	77
giudici	77
largo	77
laura	77
legame	77
medicina	77
passeggeri	77
pausa	77
propone	77
rappresentare	77
scala	77
scudetto	77
svelato	77
trovata	77
america	76
assistito	76
avviene	76
benzina	76
calciatori	76
celebre	76
cessione	76
concorrenza	76
contratti	76
copertura	76
dall’altra	76
decesso	76
dell’azienda	76
esimo	76
fortunatamente	76
furto	76
gb	76
guariti	76
martino	76
medica	76
miglioramento	76
migranti	76
montagna	76
precisa	76
proprietario	76
pubblicità	76
regola	76
segna	76
sfruttare	76
signore	76
sufficiente	76
vicinanza	76
and	75
associazione	75
azzurro	75
barcellona	75
blasi	75
cane	75
chelsea	75
claudio	75
corrente	75
democratico	75
giappone	75
girone	75
inquirenti	75
inter	75
l'inter	75
l'ultimo	75
l’obbligo	75
monaco	75
occidentale	75
panorama	75
passata	75
regalo	75
relativi	75
rientro	75
rispettare	75
ritrovato	75
salvare	75
salvo	75
sergio	75
silvio	75
stagioni	75
utilizzo	75
vuoto	75
alimentari	74
americana	74
braccio	74
buoni	74
commissario	74
compleanno	74
consigli	74
dicendo	74
f	74
fattori	74
fiori	74
fiscale	74
indossare	74
lacrime	74
l’impegno	74
mancare	74
negozio	74
occupa	74
paola	74
proseguire	74
quinto	74
rivela	74
scendere	74
serio	74
sospeso	74
spezia	74
statunitense	74
tentato	74
viale	74
accettare	73
account	73
aggiungendo	73
andati	73
antigenici	73
antonella	73
aperte	73
chissà	73
composto	73
compresi	73
confini	73
crea	73
debito	73
democrazia	73
differenti	73
d’oro	73
energetico	73
entrata	73
file	73
gratuito	73
l’associazione	73
l’esperienza	73
l’europa	73
mister	73
molecolari	73
monitoraggio	73
muro	73
perfettamente	73
piattaforme	73
piemonte	73
poliziotti	73
protesta	73
ps	73
rassegna	73
rinunciare	73
risoluzione	73
tweet	73
vacanze	73
vedremo	73
veri	73
vertice	73
accordi	72
adulti	72
autori	72
averlo	72
ballando	72
caffè	72
calore	72
competenza	72
concerti	72
condannato	72
dall'inizio	72
entusiasmo	72
esce	72
identità	72
inviato	72
metodo	72
minore	72
moderna	72
necessarie	72
parlamentare	72
potenziale	72
preparare	72
riguardano	72
risultano	72
salire	72
scatto	72
scene	72
selezione	72
spettacoli	72
stanza	72
studiare	72
trasporti	72
trucco	72
utilizzati	72
altrove	71
ascoltare	71
bianconeri	71
calenda	71
comprare	71
comunali	71
console	71
contribuito	71
creazione	71
definitiva	71
dell'ordine	71
difendere	71
dovere	71
evidentemente	71
felici	71
felicità	71
giù	71
gravidanza	71
impegnati	71
kg	71
marina	71
meta	71
monza	71
occidentali	71
organizzazioni	71
ossia	71
preferito	71
principalmente	71
recenti	71
rialzo	71
riprese	71
ritiene	71
salto	71
scusa	71
segnalazioni	71
simone	71
soggetto	71
successivi	71
trovava	71
vincente	71
visti	71
abbandonato	70
altrettanto	70
aria	70
aumenta	70
carburante	70
collezione	70
complicato	70
contrasto	70
dimenticare	70
equilibrio	70
federica	70
ferro	70
genoa	70
giudiziaria	70
l'obiettivo	70
lanciare	70
leggermente	70
letteralmente	70
mentale	70
mettersi	70
milanese	70
mossa	70
neppure	70
parigi	70
pilota	70
precisione	70
procedere	70
produrre	70
professionali	70
regolamento	70
relative	70
report	70
seguita	70
sesso	70
stavano	70
stavolta	70
superficie	70
televisivo	70
trend	70
università	70
vertici	70
accessori	69
aggiornamento	69
all’anno	69
autore	69
barbara	69
cantiere	69
causato	69
cliente	69
composta	69
destinato	69
diretti	69
dirlo	69
d’accordo	69
edizioni	69
immagine	69
intende	69
investimento	69
l’iniziativa	69
manifestazioni	69
mascherine	69
naturali	69
nera	69
neve	69
operazione	69
parziale	69
permettere	69
porre	69
pranzo	69
probabilità	69
puntare	69
quinta	69
rapido	69
rispettivamente	69
sapete	69
sindacati	69
specifiche	69
store	69
svolgere	69
temperatura	69
territoriale	69
vincenzo	69
alex	68
atleti	68
capoluogo	68
categorie	68
cgil	68
comando	68
compiuto	68
considerare	68
definire	68
dirigenti	68
divieto	68
domiciliari	68
elettriche	68
energie	68
filo	68
finanza	68
garanzia	68
incremento	68
intensive	68
inverno	68
l'altro	68
leggi	68
lusso	68
l’accordo	68
l’area	68
margine	68
mettono	68
nascosto	68
noti	68
principessa	68
procedura	68
riconosciuto	68
riflessione	68
ringrazio	68
riscatto	68
rottura	68
sequestro	68
sinistro	68
spera	68
vaccinazione	68
venduto	68
aggiornamenti	67
ambienti	67
andranno	67
audio	67
computer	67
consentito	67
corona	67
curva	67
debba	67
dell’ospedale	67
diciamo	67
disagi	67
edifici	67
eliminare	67
esprimere	67
fretta	67
gusto	67
iniziale	67
interna	67
isole	67
panni	67
partendo	67
piatto	67
prevenire	67
ribadito	67
rilasciato	67
rimini	67
riprendere	67
rivoluzione	67
sassuolo	67
sicuri	67
soddisfazione	67
un’intervista	67
valorizzare	67
vedrà	67
vostre	67
abitazione	66
alimenti	66
arresti	66
articoli	66
assenza	66
auguro	66
aumentato	66
centrosinistra	66
chiarezza	66
completare	66
concreto	66
considerata	66
corretto	66
estiva	66
filippo	66
forniture	66
intero	66
invitato	66
l’amministrazione	66
microsoft	66
mistero	66
mostrano	66
nemico	66
pechino	66
picco	66
polo	66
prestazione	66
realizzati	66
registrare	66
rifugiati	66
soglia	66
stress	66
tampone	66
trono	66
trovate	66
alleati	65
alte	65
amato	65
ampia	65
brani	65
capi	65
city	65
c’erano	65
discesa	65
fate	65
giovanile	65
laurea	65
led	65
leonardo	65
l’aquila	65
l’inter	65
manutenzione	65
membro	65
mezzogiorno	65
movimenti	65
occupati	65
on	65
peraltro	65
porti	65
procedure	65
questura	65
rabbia	65
rapidi	65
rappresentanti	65
ricordi	65
rimaste	65
ritardo	65
sensi	65
singoli	65
soccorsi	65
sorriso	65
sportivi	65
tonnellate	65
trump	65
utilizzata	65
vendite	65
venuto	65
vittorio	65
addetti	64
alessandra	64
anticipato	64
apprende	64
arte	64
assunto	64
bianchi	64
candidatura	64
catena	64
chiedendo	64
chiediamo	64
cloud	64
cominciare	64
costretti	64
cresce	64
deputato	64
differenze	64
dimissioni	64
evidenziato	64
fini	64
grosso	64
guidare	64
israele	64
larga	64
l’estate	64
l’uso	64
massimiliano	64
max	64
modella	64
morire	64
offerto	64
orari	64
organizzare	64
permettono	64
pistola	64
produttore	64
prospettiva	64
provvedimenti	64
punteggio	64
raccogliere	64
reali	64
restrizioni	64
scorse	64
scrittore	64
significato	64
stai	64
stella	64
storici	64
time	64
tumore	64
uccisi	64
vecchi	64
vengano	64
vino	64
visitatori	64
vittorie	64
volti	64
votare	64
autunno	63
certe	63
consegna	63
contatti	63
corpi	63
correre	63
dall	63
dell’energia	63
dimostrare	63
disco	63
diventano	63
elevato	63
faranno	63
favorevole	63
follower	63
freddo	63
indipendente	63
l'idea	63
limitare	63
lunghi	63
l’intera	63
maio	63
manovra	63
meteo	63
mira	63
nati	63
ndr	63
nonna	63
pagamenti	63
pareggio	63
perdite	63
plastica	63
programmazione	63
rapper	63
relativa	63
resterà	63
ricca	63
ricercatori	63
rinnovabili	63
risparmiare	63
romanzo	63
seguendo	63
sessione	63
siccità	63
sviluppare	63
tantissimo	63
tg	63
togliere	63
trascorso	63
trasportato	63
under	63
un’esperienza	63
vivendo	63
voli	63
aereo	62
allenamento	62
alternativa	62
angeles	62
aperti	62
artista	62
avremo	62
cavaliere	62
certezza	62
cittadina	62
climatico	62
coda	62
collo	62
colpisce	62
consumi	62
controllare	62
criticità	62
day	62
definitivo	62
diffusa	62
disney	62
elettori	62
extra	62
fidanzata	62
fiera	62
finestra	62
future	62
gambe	62
inizierà	62
interessa	62
los	62
origini	62
passaggi	62
pensando	62
polemica	62
potevano	62
principio	62
procuratore	62
rapida	62
relativo	62
ricostruire	62
sanitarie	62
sino	62
sottolineare	62
stabilito	62
tocco	62
tracce	62
trattato	62
trovati	62
vlahovic	62
alghero	61
attrice	61
aula	61
avverte	61
celebrare	61
chiamate	61
collegamento	61
colpita	61
comincia	61
costruito	61
dimensione	61
dinamiche	61
estivo	61
fabrizio	61
fdi	61
fiction	61
grano	61
guidato	61
indiscrezioni	61
investitori	61
lunghe	61
l’altra	61
n	61
occupazione	61
ottimi	61
paga	61
palestinesi	61
piogge	61
podio	61
potrete	61
preciso	61
proprietari	61
renzi	61
ripartire	61
romagna	61
spinto	61
tedesca	61
temporali	61
tennis	61
ufficio	61
violazione	61
votato	61
alberi	60
bellissimo	60
borgo	60
cammino	60
coinvolte	60
confermata	60
dedicati	60
definizione	60
dell’area	60
dell’isola	60
dell’uomo	60
determinato	60
disabilità	60
edoardo	60
essenziale	60
fasi	60
fattore	60
fece	60
fedez	60
fragili	60
franchi	60
incontrare	60
interne	60
luci	60
l’appuntamento	60
maltempo	60
nazione	60
pagato	60
passano	60
pericoloso	60
pm	60
presenze	60
private	60
referendum	60
rimangono	60
ristoranti	60
sampdoria	60
sara	60
scende	60
segnalato	60
semifinale	60
sforzo	60
significativo	60
spendere	60
street	60
telegram	60
umana	60
un’auto	60
virtuale	60
vostri	60
whatsapp	60
william	60
abiti	59
alternative	59
andiamo	59
ascolti	59
avvocati	59
brasiliano	59
brutta	59
chiarire	59
classica	59
com’è	59
condivisione	59
congresso	59
dell'anno	59
dell’unione	59
destro	59
disastro	59
dovremmo	59
elettrico	59
est	59
familiare	59
https	59
immaginare	59
imparare	59
indicato	59
interni	59
inzaghi	59
john	59
liceo	59
l’economia	59
l’inizio	59
l’offerta	59
l’utilizzo	59
mail	59
manchester	59
marketing	59
merita	59
mirino	59
parere	59
pil	59
preoccupazioni	59
preparazione	59
presi	59
privacy	59
promosso	59
regolare	59
requisiti	59
rientrare	59
rumore	59
sai	59
saluto	59
scatti	59
segnali	59
showgirl	59
sindaci	59
solare	59
sportive	59
tentativi	59
trasferito	59
tue	59
vestiti	59
vigilia	59
affrontato	58
alfonso	58
all'inizio	58
all’epoca	58
artistico	58
assoluta	58
ballo	58
benefici	58
biglietto	58
brasile	58
cambiata	58
circuito	58
contemporanea	58
creando	58
danza	58
diventati	58
enormi	58
estrema	58
fermata	58
feste	58
festeggiare	58
finali	58
giornali	58
l'anno	58
l'unico	58
lieve	58
lite	58
l’ora	58
narrazione	58
onore	58
open	58
pacchetto	58
pasqua	58
patto	58
peggiore	58
pietra	58
portale	58
povertà	58
ricoverato	58
ridotto	58
riflettere	58
romana	58
segnalare	58
sentimenti	58
spagnola	58
tessuto	58
triste	58
varianti	58
violenze	58
amicizia	57
ancor	57
atteggiamento	57
avversari	57
battuta	57
bloccare	57
cellulare	57
ciascuno	57
colpiti	57
contagio	57
domenico	57
dotato	57
dramma	57
d’arte	57
fantasia	57
finanziamento	57
funerali	57
gip	57
giunti	57
governi	57
ingredienti	57
innovazione	57
intervenuto	57
joe	57
lancia	57
l’acquisto	57
l’hanno	57
l’impatto	57
l’importanza	57
macron	57
mediche	57
mediterraneo	57
mini	57
mourinho	57
orientale	57
parlamentari	57
potremmo	57
premi	57
prescindere	57
proteste	57
qua	57
rendono	57
ritenuto	57
ritrovare	57
salernitana	57
sceso	57
senatore	57
separazione	57
sfondo	57
silvia	57
sostanzialmente	57
stabilimento	57
strano	57
tablet	57
toni	57
torre	57
trasformazione	57
uccisa	57
val	57
vicepresidente	57
volete	57
www	57
aerei	56
agente	56
amica	56
ammette	56
annuale	56
arrivando	56
attese	56
caratterizzato	56
chiedo	56
cifre	56
collegio	56
competizione	56
completato	56
conclusa	56
conducente	56
confessato	56
difficilmente	56
divertente	56
docente	56
elena	56
fenomeni	56
ferragni	56
finanziaria	56
giornale	56
giunto	56
incinta	56
individuare	56
investito	56
l’agenzia	56
l’intero	56
medaglia	56
nell’area	56
nucleari	56
omaggio	56
oro	56
padroni	56
pallone	56
parecchio	56
promessa	56
provocato	56
raccolti	56
residenza	56
scontri	56
sogni	56
sottoposto	56
suolo	56
tesi	56
tipi	56
tornando	56
trovi	56
verifica	56
vicende	56
amati	55
andate	55
art	55
attaccato	55
aumenti	55
aziendale	55
banda	55
bici	55
borse	55
braccia	55
cadere	55
cancro	55
chiamare	55
citato	55
coach	55
colpire	55
comandante	55
conquista	55
consorzio	55
contributi	55
costituzione	55
dario	55
disagio	55
dovete	55
eletto	55
esercizi	55
fasce	55
favorire	55
fontana	55
for	55
frazione	55
guardando	55
incidenti	55
inevitabilmente	55
l'ho	55
laboratori	55
lesioni	55
l’allarme	55
l’ingresso	55
meccanismo	55
meghan	55
navi	55
neo	55
pasta	55
piante	55
precisato	55
professione	55
radici	55
reati	55
riscaldamento	55
rivedere	55
salvatore	55
scarpe	55
sforzi	55
signorini	55
soffre	55
specifici	55
tende	55
toccato	55
v	55
vendere	55
all'ospedale	54
artistica	54
auguri	54
bomba	54
brutto	54
cadavere	54
cautelare	54
circostanze	54
co	54
commedia	54
concesso	54
conosciamo	54
delicato	54
disegno	54
distretto	54
docenti	54
donbass	54
economia	54
esclusiva	54
fissato	54
girare	54
giuria	54
immediato	54
indispensabile	54
inserire	54
ios	54
l'intervento	54
lecce	54
lockdown	54
l’isola	54
mezza	54
nipote	54
nominato	54
nozze	54
pensano	54
permetterà	54
prezioso	54
processi	54
professore	54
profughi	54
r	54
rock	54
segnalazione	54
sofferenza	54
solitamente	54
sorveglianza	54
spinta	54
statale	54
successi	54
tensioni	54
transito	54
utente	54
vantaggi	54
verificato	54
viste	54
adatta	53
affetto	53
aggredito	53
amadeus	53
arrivi	53
aspettiamo	53
avviso	53
bisognerà	53
bravo	53
bruno	53
capogruppo	53
chiusi	53
comparto	53
comprende	53
conoscono	53
conquistare	53
consenso	53
cristiano	53
diagnosi	53
dirigenza	53
donetsk	53
dovremo	53
esami	53
escluso	53
farmaci	53
finanziario	53
futura	53
galleria	53
gaming	53
gossip	53
guidata	53
intelligente	53
johnson	53
lettori	53
limitato	53
l’inflazione	53
l’ipotesi	53
malore	53
medie	53
messe	53
metropolitana	53
modificare	53
pensiamo	53
pienamente	53
prepara	53
principi	53
psg	53
quante	53
resti	53
riceve	53
riescono	53
risale	53
riservato	53
ritmo	53
rito	53
saremo	53
sedi	53
segreti	53
sereno	53
smesso	53
splendida	53
stabilire	53
supera	53
terminato	53
valentina	53
venivano	53
verissimo	53
youtube	53
accogliere	52
addosso	52
appartamento	52
applicazioni	52
attende	52
avrete	52
azzurri	52
basse	52
camere	52
capaci	52
centrocampo	52
chiamati	52
chiare	52
coinvolgimento	52
componente	52
costantemente	52
decisivo	52
dell’ambiente	52
deputati	52
detta	52
dieta	52
disse	52
eccezione	52
emma	52
esima	52
fornito	52
hotel	52
ida	52
impianto	52
importanza	52
indagati	52
influencer	52
innanzitutto	52
istituti	52
jessica	52
legali	52
liberi	52
l’abbiamo	52
l’accesso	52
man	52
mara	52
maschile	52
notevole	52
operativa	52
personalmente	52
pesce	52
pone	52
portogallo	52
possiede	52
pratiche	52
produce	52
pulizia	52
realmente	52
regolarmente	52
riflettori	52
riforme	52
riposo	52
riqualificazione	52
riservata	52
ruoli	52
sentirsi	52
seppur	52
sospensione	52
sperare	52
stazioni	52
successiva	52
svolge	52
talenti	52
terzi	52
tiktok	52
trama	52
trasferta	52
troppi	52
un’ottima	52
up	52
velocemente	52
villaggio	52
world	52
abitudini	51
adatto	51
adottare	51
aggiungono	51
applicare	51
armate	51
assistere	51
attaccante	51
batte	51
berlino	51
britannico	51
capodanno	51
chef	51
colloqui	51
comportamenti	51
conduzione	51
crema	51
destinazione	51
diana	51
eseguiti	51
esprime	51
fatturato	51
finanziari	51
frequenza	51
game	51
l'europa	51
l'unica	51
moltissimi	51
perciò	51
perugia	51
pixel	51
play	51
prefettura	51
preparato	51
prospettive	51
quotidiana	51
rappresentato	51
registrazione	51
richiamo	51
rilancio	51
riportare	51
rischiano	51
saga	51
salvezza	51
scheda	51
scientifica	51
scontato	51
serbo	51
stamattina	51
strage	51
talent	51
tantissime	51
televisiva	51
termoli	51
terribile	51
valido	51
visitare	51
volodymyr	51
accettato	50
ascolto	50
barca	50
belgio	50
britannica	50
bus	50
caos	50
centesimi	50
colto	50
compiere	50
complessa	50
comunicare	50
confermare	50
considera	50
contento	50
contribuire	50
coppie	50
darà	50
dell’evento	50
detenuti	50
diego	50
dottor	50
efficaci	50
eseguito	50
fallimento	50
farla	50
gazzetta	50
grammi	50
impegnata	50
improvvisamente	50
incendio	50
include	50
informazione	50
investigatori	50
invita	50
kate	50
l'arrivo	50
legno	50
limitata	50
modifica	50
motori	50
musicali	50
nonno	50
ovest	50
palestra	50
piero	50
profondamente	50
protocollo	50
redazione	50
rifugio	50
rimarrà	50
rincari	50
rotta	50
sarei	50
scrittura	50
sostituire	50
sottolineando	50
spiagge	50
united	50
vestito	50
accompagnati	49
aiutato	49
all’altezza	49
antonino	49
assegnato	49
bis	49
bruxelles	49
cedere	49
cercano	49
complicata	49
comunica	49
cristina	49
crollo	49
dell’ue	49
destinati	49
dignità	49
dipendente	49
dito	49
divisione	49
firme	49
gravemente	49
imprenditori	49
impresa	49
indica	49
individuato	49
leggera	49
leone	49
linguaggio	49
liste	49
lontana	49
lutto	49
l’artista	49
marvel	49
mauro	49
nerazzurri	49
normalità	49
ospita	49
ospitare	49
pazienza	49
piscina	49
poteri	49
prevedono	49
proporre	49
quegli	49
raggiunge	49
riconoscere	49
riuscirà	49
rivista	49
salito	49
sesto	49
sofia	49
sondaggi	49
sorprese	49
t	49
testimonianza	49
tim	49
trasmesso	49
trento	49
ultra	49
vanta	49
ve	49
viaggi	49
accusa	48
altamente	48
argentina	48
arriveranno	48
assessore	48
autonomia	48
banco	48
battere	48
belen	48
benedetto	48
bombardamenti	48
bravi	48
campobasso	48
ceo	48
certificato	48
cibi	48
compagnie	48
consapevoli	48
contrastare	48
crimea	48
deboli	48
dedicate	48
dell’associazione	48
esercizio	48
esperto	48
esso	48
fede	48
fiamma	48
giacomo	48
imparato	48
lady	48
mancini	48
massa	48
miss	48
necessariamente	48
normativa	48
nucleo	48
originali	48
pane	48
paradiso	48
parità	48
portoghese	48
primis	48
profili	48
profondità	48
rafforzare	48
ricchi	48
riserva	48
ruote	48
sciopero	48
sensibilità	48
servirà	48
sindacato	48
siro	48
sondaggio	48
specialmente	48
stime	48
suicidio	48
tavola	48
un’azienda	48
vada	48
vasta	48
vere	48
viaggiare	48
abbandonare	47
abito	47
all’insegna	47
all’ultimo	47
ambientali	47
angela	47
attenti	47
attivare	47
automaticamente	47
beh	47
caduto	47
carenza	47
civico	47
consapevole	47
coprire	47
corretta	47
corse	47
cronaca	47
dama	47
dottoressa	47
dybala	47
eccezionale	47
esame	47
essa	47
evidenzia	47
falso	47
fame	47
garantisce	47
ginocchio	47
inclusi	47
inserito	47
intenso	47
interpretato	47
l'azienda	47
labbra	47
lavorano	47
link	47
lucca	47
l’attuale	47
l’emergenza	47
l’indice	47
l’opportunità	47
l’unione	47
mal	47
modifiche	47
negato	47
nell’ultima	47
nomina	47
offrono	47
opzioni	47
ordini	47
oscar	47
palo	47
pescara	47
piacerebbe	47
poste	47
prendersi	47
problematiche	47
pubblicazione	47
realizzate	47
regalato	47
ricovero	47
rilascio	47
scomparso	47
seguono	47
siciliana	47
soap	47
sospetto	47
stipendio	47
subire	47
sviluppato	47
tornati	47
un’occasione	47
urbano	47
utilizzate	47
valere	47
vax	47
versioni	47
vetro	47
washington	47
anti	46
approfondire	46
attacca	46
avversario	46
avviare	46
avvocato	46
batterie	46
beautiful	46
buio	46
calda	46
camion	46
circolare	46
circolo	46
climatici	46
code	46
colonna	46
conseguente	46
costretta	46
criptovalute	46
dedica	46
dell'ex	46
dell’attività	46
divertimento	46
ecologica	46
elettorali	46
elettrici	46
essenziali	46
esterni	46
fedeli	46
finché	46
flussi	46
fresco	46
galaxy	46
gravità	46
informato	46
insegnanti	46
interamente	46
introdotto	46
inviare	46
kharkiv	46
legislatura	46
l’annuncio	46
motivazioni	46
municipio	46
negativi	46
netta	46
organi	46
potreste	46
prendendo	46
primaria	46
quarantena	46
regalare	46
revisione	46
rivolta	46
salita	46
serenità	46
spaccio	46
spalletti	46
specifica	46
stretta	46
tommaso	46
vado	46
abitazioni	45
accadendo	45
air	45
alunni	45
analisti	45
angelo	45
anziché	45
assist	45
avremmo	45
bce	45
bisogni	45
bosco	45
capisce	45
center	45
chiarito	45
coldiretti	45
collettivo	45
complessiva	45
complice	45
consiglieri	45
coscienza	45
costituzionale	45
dell’istituto	45
eccellenza	45
emanuele	45
escludere	45
esponenti	45
essi	45
fabbrica	45
ferita	45
fissa	45
fondatore	45
format	45
forum	45
funzionari	45
giri	45
indossato	45
interessata	45
intesa	45
invito	45
italy	45
jazz	45
l'annuncio	45
lasciata	45
latte	45
lezioni	45
l’accusa	45
l’energia	45
mancata	45
microfoni	45
mobili	45
musumeci	45
negoziati	45
nintendo	45
normali	45
olimpiadi	45
olio	45
orlando	45
ottiene	45
parchi	45
pesca	45
piazze	45
pollici	45
professor	45
reazioni	45
rilasciata	45
rilevante	45
sceglie	45
segnare	45
soci	45
spiegano	45
stabilità	45
taiwan	45
tastiera	45
titolari	45
troppe	45
utilizza	45
abusi	44
aerea	44
amministrative	44
amministrazioni	44
andava	44
avverrà	44
azzurra	44
battuto	44
capisco	44
coltello	44
convincere	44
convinti	44
crescente	44
ct	44
delitto	44
dell’italia	44
dem	44
deposito	44
dimora	44
distrutto	44
diventerà	44
dodici	44
drammatico	44
d’acqua	44
esistenti	44
fed	44
fermi	44
filosofia	44
finanziamenti	44
flusso	44
funzionare	44
incendi	44
interrotto	44
lontani	44
l’ambiente	44
mar	44
morale	44
mosse	44
motivazione	44
organizzatori	44
padova	44
panico	44
perfino	44
potremo	44
presentati	44
procedimento	44
professionalità	44
resilienza	44
ridotta	44
rifiutato	44
rodriguez	44
sentimento	44
sintesi	44
sorge	44
strategie	44
talmente	44
tentare	44
toti	44
tronista	44
trovo	44
tutelare	44
uguale	44
umbria	44
unisce	44
vai	44
viabilità	44
vorrà	44
abbassare	43
acquistato	43
africa	43
albenga	43
allarme	43
alzare	43
anime	43
arresto	43
aspettano	43
avvertito	43
avvicina	43
bacio	43
basato	43
basi	43
bimbo	43
biodiversità	43
campionati	43
centimetri	43
chiari	43
chip	43
clinica	43
colloquio	43
condivisa	43
condurre	43
cosiddetto	43
crede	43
crescono	43
dell’ultimo	43
determinazione	43
diffusi	43
diminuzione	43
discusso	43
documentario	43
emesso	43
esseri	43
evidenza	43
fermarsi	43
filiera	43
fredda	43
frutta	43
genovese	43
gianluca	43
giapponese	43
gratuita	43
grossa	43
interessate	43
james	43
lettere	43
l’effetto	43
l’operazione	43
mafia	43
mandare	43
ministra	43
orgoglio	43
originario	43
pensava	43
portati	43
preoccupante	43
provando	43
pubblicata	43
pubblicati	43
quirinale	43
raccolte	43
raccontano	43
rappresentante	43
richiedere	43
riportate	43
risalire	43
sarò	43
sconti	43
servito	43
spinge	43
striscia	43
svela	43
svolgerà	43
telefonata	43
testimonianze	43
timore	43
tono	43
totali	43
tradizionali	43
umane	43
un’idea	43
un’ora	43
affidata	42
alessia	42
all’aperto	42
bastano	42
busto	42
capita	42
chiese	42
classici	42
como	42
continui	42
crediamo	42
crimini	42
curato	42
dall’altro	42
dazn	42
dell’auto	42
detenzione	42
determinante	42
digital	42
distante	42
dono	42
esterna	42
finiti	42
fondata	42
fornisce	42
gestisce	42
ghiaccio	42
impedire	42
inizi	42
international	42
leggero	42
l’allenatore	42
l’apertura	42
l’immagine	42
l’organizzazione	42
magia	42
malati	42
marchi	42
margini	42
martina	42
mensile	42
michelle	42
mobilitazione	42
neri	42
nettamente	42
obbligo	42
palio	42
parcheggio	42
partirà	42
penale	42
piatti	42
preferenze	42
prenotazione	42
produzioni	42
proseguito	42
ricavi	42
ricette	42
ronaldo	42
sacco	42
salvato	42
saper	42
scarsa	42
serale	42
sesta	42
sony	42
stabili	42
succederà	42
tarda	42
tenendo	42
thomas	42
traccia	42
trieste	42
turco	42
unione	42
usano	42
valentino	42
valutazioni	42
veste	42
virale	42
affidato	41
allievi	41
amanti	41
amministratori	41
ancona	41
andrebbe	41
angolo	41
attento	41
bacino	41
brevi	41
calciomercato	41
calma	41
campagne	41
canada	41
celebra	41
cinesi	41
classi	41
comico	41
community	41
concludere	41
contiene	41
continuiamo	41
cooperazione	41
corre	41
criminale	41
critico	41
decina	41
dell’università	41
elevata	41
entrati	41
esposto	41
facevano	41
fotografia	41
francesi	41
gatto	41
generali	41
giocando	41
incontra	41
infortunio	41
iniziano	41
invernale	41
istituto	41
lanciata	41
leadership	41
logo	41
made	41
martin	41
massimi	41
mix	41
muoversi	41
nemici	41
nuoto	41
opposto	41
osservato	41
partnership	41
party	41
passate	41
pensieri	41
pericolosa	41
pesaro	41
pizza	41
platea	41
prenderà	41
presunto	41
privo	41
proseguono	41
puntato	41
qualora	41
quote	41
riduce	41
rilievi	41
rivelano	41
sabbia	41
saltare	41
sapeva	41
sicura	41
soddisfatto	41
soleil	41
sorpreso	41
sottosegretario	41
specchio	41
spiegando	41
stupefacenti	41
succedere	41
suono	41
tasca	41
un'intervista	41
unici	41
unita	41
un’area	41
valorizzazione	41
vetta	41
violazioni	41
animale	40
apprezzato	40
arezzo	40
argomento	40
assumere	40
attesi	40
aumentando	40
averla	40
avvio	40
bayern	40
booster	40
budget	40
c'erano	40
calci	40
cellule	40
certificazione	40
cervello	40
clamoroso	40
colpite	40
comfort	40
comporta	40
criminali	40
cross	40
custodia	40
debole	40
definita	40
dell’acqua	40
dell’economia	40
delusione	40
dipendenza	40
dispiace	40
diversamente	40
divisa	40
droni	40
duramente	40
d’europa	40
energetiche	40
favorito	40
figlie	40
finiscono	40
fisicamente	40
gentile	40
giallorossi	40
gigante	40
giocherà	40
immediata	40
immobili	40
ingressi	40
interpretare	40
interviste	40
invernali	40
istituzionale	40
l'auto	40
lezione	40
liverpool	40
l’esercito	40
l’età	40
l’università	40
moltissime	40
monitorare	40
napoletano	40
nasconde	40
navigazione	40
organizzazione	40
pensioni	40
periferia	40
pop	40
prodotta	40
promesso	40
prossimità	40
registro	40
relativamente	40
ridere	40
rilevato	40
rimozione	40
rinvio	40
ritrovata	40
royal	40
salerno	40
salone	40
salvaguardia	40
schiena	40
scientifico	40
sostengono	40
sostenibili	40
studiato	40
tagliare	40
taranto	40
tragico	40
trasformare	40
treni	40
uccidere	40
urbana	40
usando	40
vedi	40
vent’anni	40
vetture	40
zucchero	40
accoglienza	39
accompagnata	39
albero	39
analizzare	39
annua	39
antico	39
apparentemente	39
approvata	39
artificiale	39
assai	39
assicura	39
attenta	39
aumentano	39
aumentati	39
australia	39
avanzata	39
beneficio	39
cabina	39
camilla	39
cari	39
charles	39
cisl	39
climatica	39
cocaina	39
competenti	39
comprese	39
comunicazioni	39
consentirà	39
contempo	39
correnti	39
creata	39
dell’amministrazione	39
diesel	39
efficiente	39
elettronica	39
emergere	39
eseguire	39
eventuale	39
fano	39
fascino	39
fashion	39
forno	39
fragilità	39
gabriele	39
generalmente	39
iii	39
immobile	39
imprenditore	39
insulti	39
integrato	39
intensità	39
introdurre	39
l'occasione	39
lasciati	39
letteratura	39
location	39
lukaku	39
l’auto	39
l’incidente	39
l’opera	39
l’ue	39
master	39
maxi	39
minima	39
nascondere	39
noemi	39
ordinari	39
ordinato	39
orgoglioso	39
ovvio	39
paul	39
pensi	39
perdono	39
piacevole	39
poca	39
popolari	39
portafoglio	39
potenziali	39
poveri	39
precedentemente	39
prof	39
pronte	39
propaganda	39
protagoniste	39
racconti	39
rendendo	39
rimonta	39
ripercussioni	39
roberta	39
routine	39
sano	39
sanzione	39
scatenato	39
sembrare	39
sentita	39
sessuali	39
significativa	39
soggiorno	39
talk	39
tecnologico	39
teoria	39
testimone	39
trauma	39
truffa	39
usati	39
valida	39
viaggiatori	39
visibile	39
abbonati	38
adolescenti	38
all’università	38
amiche	38
applicazione	38
argomenti	38
armati	38
asia	38
avventure	38
basket	38
basterà	38
bielorussia	38
box	38
caserma	38
cavallo	38
cavo	38
chat	38
chiuse	38
coinvolgere	38
commesso	38
conoscenze	38
conosciuti	38
consegnato	38
conservazione	38
considerati	38
conversazione	38
corteo	38
cosiddetta	38
crediti	38
crimine	38
curare	38
definisce	38
delia	38
duomo	38
elegante	38
emergono	38
esplorare	38
fallo	38
false	38
fanpage	38
ferroviaria	38
fissata	38
fondato	38
frasi	38
fuggire	38
girato	38
identificare	38
inglesi	38
insegnato	38
intendere	38
l'allarme	38
l'aumento	38
levante	38
litro	38
lucia	38
l’arte	38
l’atalanta	38
l’attacco	38
mezzanotte	38
michael	38
minoranza	38
multa	38
music	38
occhiali	38
osservare	38
out	38
outfit	38
pannelli	38
pellicola	38
pensate	38
periodi	38
permanente	38
piazzale	38
pioli	38
potenzialmente	38
previsione	38
produttivo	38
pubblicamente	38
pubblicare	38
quotidiani	38
recarsi	38
richiesti	38
rientra	38
rilevazione	38
rinnovato	38
ripartenza	38
ripristino	38
riserve	38
ritrova	38
rogo	38
rossoneri	38
sapevo	38
scappare	38
scenari	38
serate	38
seriamente	38
sfera	38
simona	38
single	38
sorelle	38
spa	38
spedizione	38
speranze	38
spettacolare	38
stagionale	38
supportare	38
svezia	38
target	38
tecnologica	38
tematiche	38
terminata	38
tipologia	38
toccare	38
tradizioni	38
trattative	38
universale	38
valeria	38
venuta	38
volere	38
zaporizhzhia	38
accelerare	37
aggiornato	37
alessio	37
alzato	37
americane	37
arena	37
attaccare	37
attirare	37
baby	37
basa	37
bmw	37
bretagna	37
cabral	37
camminare	37
catalogo	37
centravanti	37
cerchiamo	37
circostanza	37
clan	37
cm	37
collaborare	37
compatibile	37
concrete	37
connessione	37
contano	37
contenti	37
coordinamento	37
coordinatore	37
corea	37
corto	37
criminalità	37
delegazione	37
desidera	37
dimostrano	37
direttrice	37
dispone	37
disposti	37
distanze	37
documentazione	37
domiciliare	37
ebbene	37
energetici	37
eric	37
esempi	37
facili	37
farci	37
fastidio	37
febbre	37
fisiche	37
foggia	37
follia	37
fotocamera	37
fumo	37
gesù	37
giocano	37
godere	37
gola	37
granata	37
grazia	37
greco	37
guai	37
incredibili	37
inferiori	37
intel	37
inutili	37
l'incontro	37
lavorativa	37
leao	37
liberare	37
lunghezza	37
l’azione	37
l’ordine	37
l’uscita	37
management	37
maradona	37
maturità	37
molteplici	37
moro	37
muore	37
novanta	37
odierna	37
ospiterà	37
ottima	37
paesaggio	37
parzialmente	37
passeggiata	37
patologia	37
patria	37
piloti	37
podcast	37
posteriore	37
potenti	37
precisamente	37
premium	37
presidio	37
processati	37
pulito	37
qualificazione	37
quarti	37
rapina	37
rappresentanza	37
regala	37
ringraziare	37
rinunciato	37
salva	37
sarri	37
sassari	37
scattare	37
scienza	37
scolastica	37
scopre	37
semestre	37
servire	37
sfogo	37
shock	37
siciliani	37
siracusa	37
soccorritori	37
sonno	37
sopravvivere	37
spento	37
starebbe	37
suv	37
tendenze	37
testimoni	37
tifoso	37
tokyo	37
trailer	37
trasformato	37
turni	37
venuti	37
violenta	37
vitale	37
windows	37
abituati	36
abruzzo	36
acceso	36
affermano	36
aggravato	36
aggressione	36
alice	36
amministratore	36
annunci	36
annuncio	36
arrestati	36
attimo	36
biblioteca	36
cantare	36
cara	36
caratterizzata	36
caserta	36
casse	36
chili	36
claudia	36
cogliere	36
combinazione	36
comodo	36
complimenti	36
consulente	36
contanti	36
convegno	36
coste	36
creatività	36
curiosi	36
determinare	36
dia	36
dimenticato	36
dimostrazione	36
disabili	36
ditta	36
domestici	36
dovute	36
effettuate	36
elevate	36
elicottero	36
emozionante	36
enzo	36
esposti	36
farmaco	36
festività	36
finlandia	36
fisici	36
fisso	36
fornitori	36
funzionamento	36
gamba	36
generi	36
inflazione	36
l'agenzia	36
liberazione	36
logica	36
l’assenza	36
l’interesse	36
malato	36
meravigliosa	36
minacciato	36
minimi	36
mm	36
multe	36
mura	36
nell’arco	36
notevolmente	36
osserva	36
palestinese	36
parlo	36
peggiori	36
penisola	36
playstation	36
policlinico	36
progressi	36
quotidianamente	36
raffaele	36
rate	36
registrate	36
renato	36
ricetta	36
rilievo	36
risolto	36
ritratto	36
ritrovati	36
rivolgersi	36
rosse	36
samp	36
sapore	36
scattata	36
secco	36
sedia	36
segreteria	36
sentono	36
soddisfare	36
sonia	36
speso	36
strategico	36
successive	36
sull’isola	36
tirato	36
tolto	36
toro	36
tracciato	36
trascorrere	36
trasferita	36
turistico	36
umberto	36
un'auto	36
valutando	36
vario	36
vasto	36
venier	36
veronica	36
violento	36
volante	36
volare	36
abbonamenti	35
agenzie	35
agricole	35
ampiamente	35
ascoltato	35
aspettava	35
attivato	35
aurora	35
avvenire	35
bianconero	35
bicicletta	35
bolletta	35
cantautore	35
christian	35
cimitero	35
coinvolge	35
combattimenti	35
commissioni	35
concreta	35
confermati	35
conosco	35
consegne	35
consiglia	35
cooperativa	35
cornice	35
coro	35
creativo	35
diffuse	35
direttivo	35
dolci	35
donare	35
donato	35
espressione	35
estivi	35
evidenti	35
festeggiamenti	35
finta	35
folle	35
frutti	35
gatti	35
gestito	35
ginevra	35
grafica	35
hacker	35
hub	35
incentivi	35
indagine	35
insegna	35
insegnante	35
intenzioni	35
interrompere	35
isola	35
isolato	35
l'hanno	35
lasciano	35
lombardo	35
l’istituto	35
magistratura	35
mantiene	35
manuel	35
mark	35
mostre	35
muove	35
netti	35
olandese	35
ong	35
operai	35
operare	35
opinioni	35
partecipa	35
partiamo	35
patente	35
patologie	35
perdendo	35
pesci	35
pianura	35
pieni	35
plus	35
precipitazioni	35
prendono	35
presentate	35
presenterà	35
presunta	35
proveniente	35
pugliese	35
pulire	35
quartieri	35
radicale	35
ravenna	35
reagire	35
recuperato	35
registrata	35
rendimento	35
ricoperto	35
ricordano	35
ricorrere	35
rilevati	35
rimborso	35
rinascita	35
ringraziato	35
ritardi	35
scimmie	35
scritte	35
sensibili	35
seppure	35
siciliano	35
soffrire	35
sostituto	35
sparato	35
spingere	35
supermercati	35
termina	35
territoriali	35
tranne	35
trovavano	35
valuta	35
van	35
var	35
variazioni	35
veloci	35
videogiochi	35
vietato	35
volevano	35
volumi	35
abilità	34
aggiornati	34
anniversario	34
apparsa	34
appassionato	34
arti	34
assicurare	34
atteggiamenti	34
avanzato	34
ballerino	34
bere	34
bucha	34
cambi	34
cantieri	34
capolavoro	34
carmen	34
composizione	34
concreti	34
confessione	34
consueto	34
consultare	34
contemporaneamente	34
convinta	34
convinzione	34
cosi	34
creduto	34
criticato	34
denti	34
desideri	34
difatti	34
difeso	34
discussioni	34
ecc	34
edificio	34
esordio	34
estremo	34
ettari	34
fantastico	34
farebbe	34
farò	34
fifa	34
food	34
fornitura	34
frequenti	34
gira	34
guerre	34
incubo	34
individuale	34
inevitabile	34
invitati	34
istituzionali	34
iva	34
jack	34
killer	34
kim	34
l'attore	34
leggenda	34
lentamente	34
licenza	34
lugano	34
l’aiuto	34
madonna	34
margherita	34
mattia	34
mortalità	34
musei	34
nascere	34
occupato	34
odessa	34
oramai	34
piu	34
pordenone	34
potenziare	34
preparando	34
presentano	34
presidenti	34
proseguirà	34
puro	34
quest'ultimo	34
recessione	34
redditi	34
remoto	34
riapertura	34
ricchezza	34
riesco	34
rifiuto	34
riso	34
riteniamo	34
rivale	34
roba	34
rompe	34
rossoblù	34
ruota	34
salma	34
sana	34
scaricare	34
segnalati	34
shopping	34
slogan	34
soliti	34
son	34
sportello	34
sposato	34
stand	34
stavo	34
storiche	34
switch	34
tagli	34
tassa	34
teatrale	34
televisivi	34
temporale	34
tesla	34
trasparente	34
trenta	34
uccise	34
usate	34
uscirà	34
usufruire	34
utilizzano	34
vaiolo	34
varietà	34
vincitori	34
accompagnare	33
alpino	33
amate	33
ambiti	33
anteprima	33
assente	33
attesta	33
auguriamo	33
avvenuti	33
belga	33
bensì	33
beppe	33
bimba	33
bombe	33
botta	33
brillante	33
cala	33
caldi	33
cantanti	33
capolista	33
cartellino	33
cavalli	33
centinaio	33
chance	33
chigi	33
chirurgia	33
citando	33
clip	33
combattimento	33
commentare	33
consigliera	33
contest	33
corridoi	33
cover	33
criteri	33
cruciale	33
cv	33
daniela	33
deceduti	33
dell’arma	33
descritto	33
determinati	33
didattica	33
dirette	33
diversità	33
dotazione	33
dovessero	33
durato	33
eroi	33
esecutivo	33
falcone	33
farne	33
fedele	33
finanze	33
fischio	33
franchise	33
gay	33
gemelli	33
giancarlo	33
gratuitamente	33
gratuiti	33
house	33
importa	33
inaspettata	33
individuati	33
infezioni	33
ispirato	33
kherson	33
l'accordo	33
l'allenatore	33
l'esperienza	33
l'ora	33
lamborghini	33
lasciarsi	33
laterale	33
lavrov	33
leggerezza	33
liguri	33
line	33
loano	33
luciano	33
l’aria	33
l’autore	33
l’ennesima	33
malgrado	33
marcello	33
marconi	33
maschera	33
mercedes	33
metro	33
miliardo	33
minorenni	33
mln	33
modificato	33
modulo	33
naso	33
nell	33
nell'ultima	33
operaio	33
orario	33
ottimismo	33
parlava	33
percentuali	33
polacco	33
potessero	33
prato	33
preoccupato	33
preziosi	33
prigionieri	33
quindici	33
rallentamento	33
rally	33
riflessioni	33
rinnovare	33
rispondendo	33
ristrutturazione	33
riva	33
romania	33
scandalo	33
scattato	33
scendono	33
scooter	33
scoppio	33
sella	33
selvaggia	33
seno	33
sentiero	33
spaziale	33
sperimentare	33
spot	33
straordinari	33
suoni	33
supermercato	33
terre	33
terreni	33
tira	33
to	33
trapani	33
trasmessa	33
trasparenza	33
trattamenti	33
trattati	33
trofeo	33
trovando	33
undici	33
vaccinazioni	33
variazione	33
vecchie	33
vinta	33
viveva	33
viviamo	33
west	33
accorto	32
adottato	32
aldo	32
ali	32
all'altezza	32
allontanarsi	32
amo	32
ansia	32
anti-covid	32
apprezzare	32
assume	32
attivisti	32
auricolari	32
autonoma	32
battute	32
bloccati	32
caduti	32
candidata	32
caratteristica	32
cardinale	32
causare	32
cima	32
colosso	32
complessivi	32
condotte	32
confermano	32
contattato	32
continueremo	32
correttamente	32
costituito	32
cos’è	32
cottura	32
cuffie	32
dell'inter	32
detenuto	32
difensori	32
distruggere	32
disturbi	32
doppietta	32
dormire	32
d’altronde	32
d’urso	32
elevati	32
emilia-romagna	32
esito	32
falsa	32
fama	32
famigliari	32
favorevoli	32
fotografie	32
games	32
garantita	32
garantito	32
garanzie	32
gesti	32
giocate	32
giuste	32
grossi	32
group	32
imporre	32
imposto	32
indagato	32
influenza	32
integrazione	32
intervistato	32
israeliano	32
l'evento	32
l'offerta	32
lati	32
leclerc	32
legami	32
lupo	32
l’analisi	32
l’avvio	32
macchine	32
manifestato	32
medesima	32
mettiamo	32
moltissimo	32
nudo	32
obbligatoria	32
obbligatorio	32
ondata	32
operativi	32
ostacoli	32
ottavi	32
ottime	32
pantaloni	32
pisa	32
playoff	32
pochissimo	32
posizionamento	32
potenzialità	32
prefetto	32
primario	32
procede	32
psicologico	32
pugno	32
pupa	32
quadri	32
raggio	32
relax	32
richiedono	32
rimedio	32
riprende	32
ritengo	32
ritrovamento	32
rivolge	32
sapendo	32
scatola	32
schema	32
schianto	32
secca	32
segnala	32
semi	32
sentite	32
sequestrato	32
settima	32
sfuggire	32
singola	32
somministrate	32
sorprendente	32
sorte	32
sostenitori	32
sottile	32
straordinarie	32
studente	32
superbonus	32
taglia	32
tariffe	32
tendono	32
terzino	32
ticino	32
travolto	32
trentino	32
uguali	32
unire	32
urne	32
usciti	32
valutato	32
venduti	32
videosorveglianza	32
voluta	32
week	32
wireless	32
accadere	31
accennato	31
acquisito	31
affronta	31
africano	31
all'ucraina	31
allerta	31
ammirare	31
ampliare	31
annunciata	31
appartiene	31
appreso	31
aprirà	31
attaccanti	31
attive	31
attraversato	31
austria	31
avessero	31
bandiere	31
bevande	31
blue	31
capitato	31
carolina	31
cattivo	31
celebrazioni	31
ciao	31
ciascun	31
colpevole	31
commercianti	31
comparsa	31
conflitti	31
conosciuta	31
consecutiva	31
costume	31
dall'altra	31
darsi	31
deceduto	31
decennio	31
decisiva	31
deficit	31
dell’amore	31
dell’arte	31
dell’estate	31
delta	31
democratici	31
determinate	31
digitalizzazione	31
direi	31
disoccupazione	31
dolori	31
dovevo	31
dovresti	31
dovuti	31
dragon	31
eccellenze	31
eletti	31
emersi	31
entrando	31
entusiasta	31
esclude	31
farmacie	31
fi	31
finestre	31
focus	31
folla	31
frosinone	31
furgone	31
generato	31
giardini	31
gratis	31
grecia	31
huawei	31
hz	31
identificato	31
impiegati	31
impiegato	31
inaugurato	31
inghilterra	31
iniziando	31
installare	31
integrata	31
interviene	31
inviata	31
istituito	31
jeans	31
l'attaccante	31
leva	31
liquidità	31
lotto	31
love	31
l’autorità	31
maldini	31
medaglie	31
missile	31
montagne	31
mostrando	31
national	31
negativa	31
occupano	31
parlerà	31
parroco	31
postato	31
potevo	31
presentarsi	31
presunti	31
promesse	31
punizione	31
quotidianità	31
raccoglie	31
raggiungendo	31
raggiunta	31
replicato	31
resi	31
resistere	31
respiro	31
retroscena	31
ricci	31
rimanendo	31
robot	31
sbaglia	31
scienze	31
scolastici	31
sensibile	31
seria	31
sessanta	31
settimo	31
siena	31
significativi	31
sindrome	31
sofferto	31
sognare	31
sostituzione	31
sovrana	31
spalla	31
sponsor	31
stanze	31
statunitensi	31
stipendi	31
succedendo	31
sufficienti	31
sviluppatori	31
tappe	31
tar	31
terremoto	31
testi	31
tirare	31
tom	31
torta	31
tottenham	31
tradimento	31
turistica	31
uniche	31
un’offerta	31
urgente	31
usata	31
valli	31
virtù	31
vorrebbero	31
watch	31
xbox	31
abbonamento	30
accadrà	30
agricola	30
all’età	30
all’evento	30
all’improvviso	30
all’ucraina	30
altissimo	30
amata	30
amministrativa	30
antica	30
applica	30
applicato	30
arancione	30
argentino	30
arrivò	30
asset	30
associato	30
aumentata	30
aziendali	30
bagni	30
banchi	30
bbc	30
bianconera	30
bucci	30
by	30
call	30
cambiando	30
castel	30
cattolica	30
cecilia	30
celebrazione	30
cellulari	30
cessate	30
cieli	30
cita	30
cnn	30
coinvolta	30
collegamenti	30
combinato	30
compromesso	30
concessione	30
conduce	30
conference	30
confindustria	30
consigliamo	30
contenere	30
continueranno	30
copertina	30
cordoglio	30
corsia	30
costiera	30
crescendo	30
cristo	30
dc	30
deciderà	30
dell'ospedale	30
dell’aquila	30
dell’emergenza	30
dell’europa	30
denunciare	30
deriva	30
determinata	30
differente	30
dimostrando	30
diploma	30
dita	30
divertirsi	30
domestica	30
duo	30
eccellente	30
educazione	30
eh	30
eliminato	30
elisa	30
emergenze	30
emozione	30
esclusi	30
esser	30
eva	30
evitando	30
facilitare	30
farmi	30
ferrara	30
fiore	30
firmare	30
formata	30
fossi	30
fresca	30
futuri	30
genitore	30
gioielli	30
giovanili	30
giuliano	30
giusti	30
gloria	30
gpu	30
guadagnare	30
immaginato	30
immobiliare	30
indicano	30
indirizzo	30
iniziali	30
inseriti	30
intraprendere	30
kermesse	30
l'app	30
laghi	30
lavoratore	30
lavorava	30
libere	30
lievi	30
lucarelli	30
l’alto	30
l’appello	30
l’equilibrio	30
mantenuto	30
marine	30
massime	30
mediante	30
meraviglioso	30
meridionale	30
mestiere	30
metaverso	30
mica	30
minime	30
miracolo	30
moderno	30
morandi	30
olimpico	30
orgogliosi	30
osservazione	30
ottica	30
padrone	30
palazzi	30
parlarne	30
pensionati	30
percezione	30
piacciono	30
polvere	30
power	30
precise	30
preghiera	30
prenotare	30
preoccupati	30
prepararsi	30
prevedere	30
puntando	30
ragazzino	30
reggiana	30
requisito	30
riconosce	30
riconosciuta	30
ricoverate	30
righe	30
rossonero	30
sacrificio	30
salutare	30
scientifiche	30
scienziati	30
scrittrice	30
scrivendo	30
seggi	30
serviranno	30
sfoggiato	30
somministrazione	30
sospetti	30
sostenendo	30
specificato	30
spetta	30
spogliatoio	30
statuto	30
story	30
stradali	30
suggerisce	30
talvolta	30
tech	30
telecamera	30
telefonate	30
tengono	30
terrorismo	30
terze	30
tessuti	30
tina	30
trasforma	30
trattare	30
turista	30
uil	30
abbinato	29
aeroporto	29
agito	29
allenamenti	29
ambizioni	29
anelli	29
appaiono	29
apparso	29
arsizio	29
associati	29
assunzioni	29
attendono	29
attuare	29
autobus	29
automatico	29
ballerina	29
bambine	29
barriere	29
battaglie	29
brindisi	29
carbone	29
carpet	29
cda	29
ceduto	29
cerco	29
choc	29
ciascuna	29
collaboratori	29
colle	29
commissariato	29
concentrarsi	29
concetti	29
condivide	29
contagiati	29
convenzione	29
convivenza	29
coperto	29
corruzione	29
costumi	29
cremonese	29
croazia	29
dedicarsi	29
dell’interno	29
disciplina	29
distribuito	29
divertenti	29
dj	29
donazione	29
dopodiché	29
dovrai	29
drammatica	29
ds	29
duemila	29
effettuata	29
efficienza	29
elementare	29
elenco	29
elon	29
ente	29
entrerà	29
finanziare	29
finirà	29
florida	29
formazioni	29
fortunato	29
fumetti	29
george	29
giacca	29
gialla	29
giocata	29
giudicare	29
governare	29
gp	29
graduale	29
guido	29
impostazioni	29
incluso	29
india	29
informatica	29
innamorato	29
intelligenza	29
intensa	29
invasione	29
ironia	29
iscritto	29
istruzione	29
iv	29
jovic	29
l'attrice	29
lagalla	29
lottare	29
l’esito	29
l’invito	29
l’ufficio	29
magazine	29
magistrati	29
mancava	29
mancheranno	29
manovre	29
mediazione	29
messico	29
metterà	29
monica	29
monti	29
mosso	29
nell'ultimo	29
nino	29
nodo	29
notti	29
occupata	29
offensivo	29
ok	29
onde	29
opportuno	29
opzione	29
organizzati	29
park	29
percorrere	29
pericolosi	29
persi	29
pesa	29
popoli	29
portate	29
potrei	29
preda	29
pregiudizi	29
prestare	29
progresso	29
proiezione	29
provocare	29
pulsante	29
q	29
quadrati	29
ram	29
recitato	29
restituire	29
riceveranno	29
ricostruito	29
rilevanti	29
ripristinare	29
risarcimento	29
ritornare	29
saldo	29
salgono	29
sarete	29
sceneggiatura	29
scesa	29
sci	29
sensori	29
senti	29
sentimentale	29
sms	29
somme	29
sonora	29
sposa	29
spunti	29
squalifica	29
stories	29
stretti	29
svelare	29
sviluppi	29
targa	29
terminare	29
tipico	29
toffanin	29
trasportata	29
tutt’altro	29
u	29
un’opportunità	29
viaggia	29
vicine	29
vigilanza	29
volley	29
volontariato	29
von	29
vorremmo	29
accertato	28
accessibile	28
adattarsi	28
adeguate	28
affermando	28
affetti	28
affrontando	28
agnelli	28
allenato	28
amano	28
annunciare	28
apparire	28
appartenenti	28
applausi	28
approvvigionamento	28
argento	28
arma	28
armando	28
assistente	28
bassetti	28
bellavia	28
bicchiere	28
blocca	28
bomber	28
cambiano	28
canone	28
carreggiata	28
cercate	28
cinghiali	28
cingolani	28
civica	28
colazione	28
color	28
compatto	28
competizioni	28
compie	28
complessi	28
concerne	28
confezione	28
connessi	28
consentono	28
considerate	28
consigliato	28
contesti	28
continente	28
contribuisce	28
cosiddetti	28
costituisce	28
credibilità	28
cresciuta	28
critici	28
curata	28
dea	28
dedicare	28
dell’incidente	28
destinata	28
device	28
difende	28
distacco	28
distruzione	28
djokovic	28
doti	28
dovrete	28
durare	28
empoli	28
enel	28
escono	28
estera	28
esterne	28
estetica	28
estremi	28
ferroviario	28
fiat	28
fibra	28
flavio	28
force	28
fossili	28
funzionato	28
garante	28
giornalismo	28
guarigione	28
guidate	28
hill	28
hoc	28
illegale	28
inaccettabile	28
includono	28
indipendentemente	28
industriali	28
infortuni	28
innovativo	28
intelligenti	28
intensi	28
iscrizioni	28
junior	28
l'atalanta	28
l'incidente	28
l'inizio	28
ladri	28
lascerà	28
lasciamo	28
lavorativo	28
legalità	28
liberamente	28
libreria	28
lordo	28
l’avvocato	28
l’esperto	28
manda	28
manifestanti	28
marta	28
mela	28
merce	28
metodi	28
misterioso	28
moderni	28
moneta	28
moratti	28
muscolare	28
muscoli	28
nerazzurro	28
normative	28
notevoli	28
occupanti	28
offerti	28
offrendo	28
ordinaria	28
oriente	28
ottenuti	28
partono	28
pavimento	28
permanenza	28
preferisce	28
preferiti	28
prendi	28
promette	28
raggi	28
rianimazione	28
riferiscono	28
riparte	28
ripetere	28
riscontrato	28
romantica	28
sandro	28
sconfitto	28
scopri	28
sensibilizzare	28
slovacchia	28
sophie	28
spinalbese	28
spostare	28
spotify	28
sprint	28
st	28
stadium	28
step	28
supportato	28
tagliato	28
temporaneamente	28
tenuti	28
total	28
tragica	28
triennale	28
udine	28
umanitari	28
ungheria	28
unghie	28
un’attività	28
vaticano	28
viceversa	28
vincitrice	28
vorranno	28
accolta	27
acquisire	27
adesione	27
aeree	27
aggiunta	27
agrigento	27
ah	27
allenatori	27
all’altro	27
alpi	27
amare	27
amministrativo	27
anima	27
annullato	27
arabi	27
aspettando	27
assessori	27
attenzioni	27
attrezzature	27
awards	27
ballare	27
basata	27
borghi	27
buttare	27
calde	27
can	27
capitali	27
carbonio	27
carenze	27
cartello	27
caterina	27
catturare	27
chiedeva	27
cognome	27
collaborato	27
collegato	27
collettività	27
concentrazione	27
concluderà	27
condivise	27
confessa	27
coniugi	27
consegnare	27
conversazioni	27
convocato	27
costruita	27
dall’associazione	27
dall’ucraina	27
decisa	27
decise	27
delibera	27
delicata	27
dell'istituto	27
denunce	27
domicilio	27
dossier	27
ducati	27
ebbe	27
el	27
elicotteri	27
esercito	27
esplosioni	27
eventualmente	27
fantastica	27
fargli	27
feeling	27
finendo	27
fiscali	27
flop	27
fornite	27
forniti	27
frontiera	27
funzionano	27
garantiscono	27
glamour	27
global	27
graduatoria	27
grand	27
gratuite	27
gusti	27
hollywood	27
impegnate	27
impone	27
inclusa	27
infettive	27
intervenuta	27
intervistati	27
ko	27
l'area	27
l'estate	27
l'obbligo	27
l'operazione	27
laureato	27
litri	27
lombardi	27
l’aspetto	27
l’edizione	27
l’episodio	27
l’indagine	27
l’ospedale	27
macerie	27
maestri	27
magico	27
merci	27
molecolare	27
morbido	27
mq	27
musicista	27
negative	27
nubi	27
nuvole	27
occuparsi	27
odio	27
operato	27
opposizione	27
ospitato	27
parata	27
partecipando	27
patrocinio	27
pensavo	27
pian	27
pianta	27
piste	27
posizionato	27
potresti	27
pratico	27
preliminare	27
preparati	27
prognosi	27
promossa	27
proposti	27
proviene	27
provveduto	27
pugni	27
pulita	27
raggiungimento	27
recato	27
ricordate	27
rigenerazione	27
rimuovere	27
riportata	27
rischiare	27
ristorazione	27
risultare	27
ritorna	27
rotto	27
rubare	27
saluti	27
sapevamo	27
sbagliata	27
scalo	27
scattate	27
schede	27
scossa	27
seguirà	27
sensazioni	27
sentiamo	27
sentiva	27
sequel	27
seri	27
simpatico	27
sindacali	27
smentito	27
solita	27
solitudine	27
sottoscritto	27
specialità	27
sperimentazione	27
spessore	27
status	27
stefania	27
strana	27
straniero	27
strappato	27
sviluppa	27
svolgimento	27
svolte	27
taxi	27
trascorsi	27
trasmettere	27
trasmissioni	27
trattava	27
uefa	27
umanitaria	27
universitari	27
uscente	27
varia	27
vederla	27
velo	27
ventura	27
visibilità	27
votazione	27
zio	27
accertare	26
aderire	26
affermare	26
affidabile	26
aggressivo	26
aiutano	26
all’ex	26
amante	26
ambulanza	26
analizzato	26
antigenico	26
approfondimenti	26
ascolta	26
asilo	26
assegnati	26
atalanta	26
attraversando	26
bitcoin	26
bocchi	26
bolzano	26
boom	26
bottino	26
bozza	26
btp	26
cancellare	26
cancellato	26
carri	26
celebrato	26
certezze	26
chiudono	26
classifiche	26
collegati	26
compare	26
compenso	26
complicità	26
comprato	26
comunista	26
concludono	26
congiunta	26
consecutivo	26
consulenza	26
consumare	26
core	26
corrisponde	26
corteggiatrice	26
costruendo	26
curioso	26
d'accordo	26
danneggiato	26
deceduta	26
dell’esercito	26
dell’inter	26
dell’ufficio	26
der	26
descrizione	26
diffondere	26
disposta	26
distribuiti	26
disturbo	26
diventate	26
dna	26
doccia	26
entrano	26
evitato	26
fango	26
farti	26
fauna	26
femminili	26
fiato	26
filtri	26
firmata	26
flessione	26
fotografico	26
freno	26
fronteggiare	26
funzionario	26
furti	26
garibaldi	26
gemma	26
gestore	26
giampaolo	26
gianmarco	26
gigi	26
giorgetti	26
giornalieri	26
giulio	26
grasso	26
grillo	26
gualtieri	26
guardato	26
hunziker	26
ignazio	26
imputati	26
incarichi	26
indicare	26
indipendenti	26
inediti	26
infermieri	26
innocenti	26
insetti	26
integrante	26
jet	26
katia	26
l'altra	26
l'assessore	26
l'unione	26
lasciate	26
latina	26
lavorazione	26
lavoriamo	26
leo	26
libia	26
luis	26
l’andamento	26
l’impianto	26
l’importante	26
l’imprenditore	26
l’invasione	26
l’omicidio	26
mamme	26
mari	26
marocco	26
meccanismi	26
meeting	26
monitor	26
mostrata	26
municipale	26
musicisti	26
narrativo	26
natalizio	26
nono	26
nvidia	26
off	26
opinione	26
opposta	26
pandemica	26
parli	26
parto	26
pasto	26
pene	26
perfezione	26
pericolose	26
perquisizione	26
piangere	26
piega	26
pmi	26
povero	26
pressioni	26
prestigio	26
presumibilmente	26
quaranta	26
quinte	26
regali	26
ribasso	26
ridge	26
rispettive	26
ritrovarsi	26
riusciamo	26
rivisto	26
saprà	26
scambi	26
scoppiata	26
scorta	26
screening	26
scrivono	26
secchione	26
selezionare	26
selfie	26
sensibilizzazione	26
separati	26
significative	26
sinisa	26
smith	26
socio	26
sopravvivenza	26
speaker	26
specializzata	26
spettatore	26
stellantis	26
striscione	26
supporta	26
suprema	26
svedese	26
svizzero	26
tardo	26
terme	26
terrestre	26
terrore	26
tranquillo	26
tregua	26
tricolore	26
troverete	26
troverà	26
ufficializzato	26
un’indagine	26
urgenti	26
vedendo	26
vedranno	26
ventina	26
vetrina	26
volesse	26
wi-fi	26
abbigliamento	25
abituato	25
accessibili	25
agenzia	25
agevolazioni	25
alcol	25
all'estero	25
allertato	25
altrettanti	25
api	25
appartenenza	25
attivamente	25
automatica	25
avvicinarsi	25
ball	25
basilica	25
beatrice	25
berna	25
blocchi	25
bronzo	25
brutte	25
cade	25
campionessa	25
campus	25
cancellazione	25
cassazione	25
causata	25
celentano	25
chiesti	25
chilometro	25
civiltà	25
clamorosa	25
coesione	25
compatibili	25
complessità	25
concentra	25
concessioni	25
conseguito	25
consistente	25
contenente	25
continuando	25
contribuenti	25
coordinato	25
coperta	25
cortile	25
costano	25
costanza	25
credono	25
daniel	25
dante	25
dar	25
debolezza	25
decennale	25
delega	25
dell’agenzia	25
dell’artista	25
dell’invasione	25
depositi	25
deserto	25
designer	25
diamo	25
difese	25
diminuire	25
diplomazia	25
direzioni	25
domestico	25
duca	25
d’urgenza	25
editoriale	25
elettricità	25
emerse	25
equilibri	25
esercitazioni	25
espansione	25
esportazioni	25
esposizione	25
esse	25
evoluzione	25
facciano	25
fake	25
fallito	25
farle	25
fascicolo	25
fermate	25
festeggia	25
festeggiato	25
filmato	25
finanziarie	25
ford	25
francoforte	25
generare	25
gestori	25
gioiello	25
giovanissimi	25
giovanna	25
globali	25
goccia	25
grafico	25
grosse	25
impedito	25
importo	25
improbabile	25
inaugurata	25
incertezza	25
indagare	25
indizi	25
indossa	25
indubbiamente	25
inosservato	25
intera	25
interpreti	25
intrattenimento	25
invariato	25
invaso	25
isernia	25
israeliani	25
kwh	25
l'accusa	25
l'artista	25
l'attenzione	25
l'emergenza	25
l'impegno	25
laddove	25
lavorative	25
lego	25
lingue	25
lulù	25
l’attaccante	25
l’eliminazione	25
l’ennesimo	25
magistrato	25
make	25
maniche	25
manifesta	25
mantenendo	25
mappa	25
marte	25
metano	25
milly	25
missioni	25
misto	25
morata	25
nascono	25
natalizie	25
nega	25
norvegia	25
nuvoloso	25
ombre	25
organizza	25
ospedaliero	25
pamela	25
paparazzi	25
pasti	25
pellegrini	25
perduto	25
persa	25
peter	25
piaciuto	25
pianoforte	25
pietre	25
player	25
poesia	25
porsche	25
portatile	25
prenda	25
preziosa	25
produttive	25
progettazione	25
prontamente	25
protette	25
provocando	25
ragionamento	25
ragionare	25
repertorio	25
rese	25
ribadisce	25
ribalta	25
ricordando	25
ricostruzioni	25
ridosso	25
riducendo	25
riflette	25
rigorosamente	25
rileva	25
rinvenuto	25
rispettivi	25
robert	25
romantico	25
rubato	25
salari	25
salvaguardare	25
sbloccare	25
scatta	25
scholz	25
scia	25
sconosciuto	25
scopi	25
scuse	25
selassié	25
selezionati	25
serbia	25
sessioni	25
siglato	25
signor	25
solido	25
sostenuta	25
sottoporsi	25
sovietica	25
sovranità	25
special	25
specializzato	25
spegnere	25
spicca	25
sposati	25
spostamento	25
spostarsi	25
stanchezza	25
steam	25
strutturale	25
stupefacente	25
suona	25
superando	25
telefoni	25
tenta	25
tifo	25
timone	25
tipologie	25
torneranno	25
trasferirsi	25
un’opera	25
us	25
variabile	25
vedete	25
verifiche	25
verticale	25
vissuta	25
vulnerabilità	25
walter	25
white	25
zaniolo	25
abbattuto	24
academy	24
aderito	24
affare	24
aggira	24
aiuterà	24
all’esterno	24
andremo	24
appelli	24
apprezzata	24
ascoli	24
aspettavo	24
assicurato	24
aumentate	24
automobili	24
autostrade	24
avellino	24
aversa	24
avvisi	24
balneari	24
bancario	24
barù	24
beauty	24
beneficenza	24
blanco	24
blues	24
borsellino	24
boschi	24
bruganelli	24
candidature	24
canta	24
caratterizza	24
cattedrale	24
cerchi	24
certificati	24
chiavi	24
ciro	24
concentrati	24
concept	24
concordato	24
connettività	24
consiste	24
contrari	24
controllate	24
conveniente	24
corrispondenza	24
costanzo	24
costringe	24
culture	24
dark	24
datore	24
dell'azienda	24
dell'ue	24
dell'uomo	24
dell’inizio	24
destinate	24
devastante	24
diavolo	24
dichiarata	24
differenziata	24
dimessi	24
diplomatico	24
disperazione	24
divise	24
divisi	24
diviso	24
divorzio	24
do	24
dona	24
dotati	24
dubai	24
duran	24
d’animo	24
efficacia	24
elettrodomestici	24
eredità	24
esistenza	24
estive	24
eugenio	24
finalità	24
finanziato	24
finite	24
flotta	24
freschi	24
friuli	24
full	24
garda	24
gen	24
gerusalemme	24
giovanissima	24
giovanissimo	24
guadagna	24
guide	24
hashish	24
home	24
immagino	24
immigrati	24
imperdibile	24
importazioni	24
imposta	24
imprenditoriale	24
inclusione	24
indicazione	24
indice	24
innamorati	24
innovativi	24
innumerevoli	24
inquinanti	24
inserisce	24
inserita	24
installato	24
interpreta	24
israeliana	24
istruzioni	24
l'accesso	24
l'associazione	24
l'attività	24
l'esercito	24
l'uso	24
l'utilizzo	24
legambiente	24
lieto	24
limitazioni	24
lombarda	24
lugansk	24
l’applicazione	24
l’impressione	24
l’intervista	24
l’occupazione	24
l’umanità	24
maglie	24
make-up	24
mancate	24
maneskin	24
manette	24
manuale	24
marotta	24
matematica	24
mensili	24
metallo	24
metti	24
muovere	24
nascosta	24
nft	24
nido	24
novecento	24
offensiva	24
ognuna	24
operative	24
operatore	24
pancia	24
pannello	24
parametri	24
parametro	24
paris	24
paure	24
peggiorare	24
pensata	24
piacenza	24
piece	24
platano	24
pochissime	24
popolazioni	24
portò	24
potersi	24
potrai	24
preliminari	24
preservare	24
prevalentemente	24
prigione	24
primarie	24
processore	24
programmato	24
pubblicate	24
pubblicazioni	24
pugliesi	24
puntano	24
pò	24
raccontata	24
raggiunti	24
raid	24
razzismo	24
recco	24
rendersi	24
riaprire	24
ricadute	24
ricche	24
ricoverata	24
ringraziamento	24
ripete	24
risata	24
rischiato	24
riservati	24
rispettato	24
riuscendo	24
rosario	24
sacro	24
salta	24
schifani	24
schifo	24
sconfitte	24
seconde	24
seguite	24
sereni	24
settanta	24
sfruttando	24
soddisfatti	24
sollievo	24
sorridere	24
sottoposti	24
spettro	24
stadi	24
stagionali	24
statistiche	24
stiano	24
stoccaggio	24
strategica	24
strette	24
studentessa	24
svincolo	24
svolti	24
tavoli	24
tedeschi	24
tramonto	24
tranquillamente	24
tranquilli	24
trovarsi	24
troveranno	24
tuttora	24
uccide	24
un'ora	24
un’azione	24
un’unica	24
urgenza	24
vestire	24
vini	24
violenti	24
vito	24
vodafone	24
vs	24
w	24
wall	24
war	24
xiaomi	24
xx	24
z	24
zia	24
abbraccio	23
accesi	23
aeroporti	23
affitto	23
alexa	23
all'anno	23
allenarsi	23
alquanto	23
altezza	23
altissima	23
alza	23
ambizioso	23
ammontano	23
anello	23
aprono	23
arco	23
armato	23
arthur	23
artistiche	23
attirato	23
automobilisti	23
ballottaggio	23
beta	23
bill	23
birra	23
blockchain	23
blog	23
bluetooth	23
boris	23
boss	23
bottiglia	23
break	23
brooke	23
bufera	23
cairo	23
calcolato	23
calcolo	23
cancelli	23
casella	23
casini	23
causando	23
causati	23
cercava	23
cesare	23
chitarra	23
coinvolgendo	23
competente	23
competitiva	23
complici	23
conclusioni	23
condoglianze	23
confermando	23
contattare	23
contenitore	23
controlla	23
controller	23
convocazione	23
coperte	23
corrispondente	23
corta	23
cup	23
dall’italia	23
danimarca	23
degrado	23
dell'area	23
dell'auto	23
dell'energia	23
dell'unione	23
dell’epidemia	23
dell’infanzia	23
dell’inflazione	23
dell’intero	23
democratica	23
denunciati	23
desktop	23
difetti	23
dipenderà	23
diplomatici	23
direttori	23
dischi	23
discoteca	23
doc	23
dovevano	23
ducale	23
duchessa	23
elettronico	23
emendamento	23
espressa	23
facevo	23
family	23
ferie	23
fico	23
filmati	23
finanziati	23
flash	23
foglio	23
fornendo	23
fortunati	23
fragile	23
frequentare	23
gallery	23
gasperini	23
gieffina	23
giganti	23
grassi	23
guadagni	23
guidati	23
hope	23
ideali	23
ideato	23
idrica	23
impegna	23
incaricato	23
incrementare	23
info	23
inizieranno	23
innovative	23
interrotta	23
intervenendo	23
inviati	23
is	23
johnny	23
l'acquisto	23
l'amore	23
limita	23
limone	23
logistica	23
l’addio	23
l’approvazione	23
l’esame	23
l’uno	23
macbook	23
madri	23
maglietta	23
mahmood	23
martinez	23
maschio	23
mentalità	23
menù	23
miele	23
miglia	23
minorenne	23
misteri	23
mondi	23
monumento	23
mortale	23
motogp	23
nascosti	23
nasdaq	23
naufraghi	23
nell'ambito	23
nell’anno	23
nervi	23
nicolò	23
nipoti	23
nomination	23
notifica	23
omicidi	23
operano	23
opinionista	23
ostacolo	23
ottimale	23
parallelo	23
parcheggi	23
partecipano	23
pasquale	23
pattuglie	23
pavia	23
permettendo	23
perse	23
pogba	23
pompieri	23
ponente	23
portuale	23
pos	23
potendo	23
preceduto	23
preferisco	23
preferite	23
premia	23
prenotazioni	23
preoccupa	23
prestiti	23
prevedeva	23
progettato	23
proroga	23
provoca	23
punte	23
rafforzato	23
raggiungerà	23
rappresentata	23
reagito	23
realizza	23
recensioni	23
recita	23
religiosa	23
respinto	23
respirare	23
riceverà	23
ricoprire	23
riferimenti	23
riguardanti	23
riportano	23
risalgono	23
risorsa	23
riuscite	23
rivali	23
riviera	23
rivolte	23
rocca	23
rocco	23
romani	23
salutato	23
scelti	23
scesi	23
sedute	23
segmento	23
seguente	23
seguiti	23
senior	23
sensore	23
sequestrati	23
server	23
service	23
sezioni	23
sfruttamento	23
sfumature	23
singole	23
smartwatch	23
sollevato	23
song	23
sorpasso	23
sostanziale	23
sottoposta	23
spiegazione	23
sterline	23
stimato	23
storicamente	23
suggerimenti	23
tassello	23
telaio	23
televisive	23
tematica	23
tempistiche	23
teresa	23
tipici	23
trapianto	23
trasferimenti	23
trasferiti	23
udienza	23
university	23
urla	23
usi	23
validi	23
vano	23
vederlo	23
vendetta	23
videogioco	23
visitato	23
vola	23
working	23
zampe	23
abbandonata	22
abbracciare	22
accendere	22
accetta	22
accoglie	22
accompagna	22
accusata	22
aderenti	22
aggressiva	22
agisce	22
alleanza	22
allontanato	22
all’ingresso	22
ambulanze	22
ammonta	22
annui	22
antichi	22
anticipa	22
anticipare	22
approfondito	22
arrestata	22
assistiti	22
assunta	22
autorizzato	22
avvicinare	22
basti	22
battendo	22
beach	22
bloccata	22
bonaccini	22
cambierà	22
canadese	22
carichi	22
casuale	22
cattiva	22
cattivi	22
catturato	22
chioma	22
chiudendo	22
cinematografico	22
cinquanta	22
circonda	22
citare	22
collaterali	22
collegare	22
colombo	22
comandi	22
commentando	22
commessi	22
commosso	22
compiti	22
concorsi	22
condomini	22
consumato	22
continue	22
copia	22
copie	22
corridoio	22
creativa	22
d'oro	22
dall’agenzia	22
deliberato	22
dell'invasione	22
dell'italia	22
dell’attore	22
dell’incontro	22
dell’informazione	22
dell’operazione	22
depressione	22
dichiarare	22
dimostrata	22
discriminazione	22
dispersi	22
distrutta	22
divampato	22
dominato	22
dominio	22
dott	22
dr	22
d’altra	22
editore	22
emotivo	22
eroe	22
esaurito	22
esibizione	22
esibizioni	22
esistente	22
esiti	22
esteso	22
etichette	22
facoltà	22
fantasy	22
fascista	22
fegato	22
ferragosto	22
finalizzato	22
fitness	22
fonda	22
fotografo	22
frequentato	22
friday	22
funerale	22
funzionale	22
gelato	22
gironi	22
giroud	22
giustificare	22
glielo	22
grandissimo	22
gravissime	22
guardie	22
guardo	22
hardware	22
imposte	22
imprescindibile	22
impressionante	22
inaspettato	22
incentivare	22
indaga	22
indicata	22
indicatori	22
individui	22
indossava	22
insegnare	22
intento	22
island	22
istanbul	22
j	22
kw	22
l'avvocato	22
l'azione	22
l'energia	22
l'impatto	22
leyen	22
life	22
liquido	22
loco	22
long	22
lucio	22
l’adozione	22
l’app	22
l’intenzione	22
mac	22
macchia	22
magica	22
medesimo	22
mezz’ora	22
migliora	22
misteriosa	22
mito	22
moderati	22
monopoli	22
mp	22
munizioni	22
muri	22
musiche	22
must	22
nasa	22
nazisti	22
nell’aria	22
nè	22
n’è	22
odierno	22
organico	22
ossa	22
padiglione	22
pagano	22
pattuglia	22
percento	22
perimetro	22
permettersi	22
pesantemente	22
pfizer	22
pianto	22
piatek	22
piene	22
pole	22
polso	22
popolarità	22
porzione	22
potenziamento	22
presentazioni	22
preside	22
presidi	22
price	22
primato	22
producono	22
produttiva	22
produttività	22
profumo	22
progettualità	22
proiettili	22
provenienza	22
psicologica	22
pullman	22
qualcun	22
quinn	22
raccontando	22
raddoppio	22
raffaella	22
rammarico	22
rating	22
razza	22
reclusione	22
residenziale	22
ricaricare	22
ricorrenza	22
rientrato	22
rilanciare	22
ring	22
rinnovata	22
rinuncia	22
risparmi	22
ritirato	22
riunioni	22
rivelazione	22
rose	22
rubli	22
sars-cov	22
scaletta	22
schierato	22
scommessa	22
scorte	22
scott	22
scritti	22
seggio	22
seguiranno	22
selezionato	22
semplicità	22
senatori	22
sheila	22
sinceramente	22
sinergia	22
soddisfazioni	22
solida	22
sopravvissuto	22
sorti	22
sottolineano	22
sottovalutare	22
sovrano	22
specializzati	22
spiccano	22
spiegazioni	22
stallo	22
stavamo	22
steffy	22
stragrande	22
strutturali	22
subiti	22
svolgono	22
tecnicamente	22
teme	22
tempesta	22
temporanea	22
temporaneo	22
tengo	22
tesoro	22
testata	22
testate	22
times	22
traduce	22
tranquillità	22
trasformata	22
trasversale	22
tratterebbe	22
un’immagine	22
un’inchiesta	22
uova	22
vaccinato	22
vaglio	22
vasca	22
vedeva	22
vergine	22
verificati	22
vicesindaco	22
volentieri	22
xi	22
abbandono	21
abita	21
affermazioni	21
affronterà	21
aggiuntivi	21
agricoli	21
alberghi	21
all'epoca	21
alleato	21
allestito	21
alloggi	21
all’arrivo	21
all’iniziativa	21
alternativo	21
andamento	21
annullare	21
anteriore	21
anticorpi	21
anziano	21
appoggio	21
appositamente	21
approvazione	21
aprendo	21
aprirsi	21
architettura	21
artigiani	21
assiste	21
assurdo	21
aule	21
avanzate	21
avrai	21
avvicinato	21
azovstal	21
ballerini	21
banale	21
bandi	21
basilicata	21
biagio	21
bilanci	21
bilico	21
bimbi	21
bonolis	21
botte	21
brianza	21
bruciare	21
budapest	21
bull	21
bullismo	21
busta	21
calibro	21
capitoli	21
carlucci	21
cartellone	21
carter	21
castelli	21
catene	21
chiarimento	21
chimica	21
cittadine	21
clerici	21
coerenza	21
coinvolgente	21
colline	21
colpendo	21
coltivazione	21
comics	21
comodamente	21
condividono	21
confcommercio	21
consorte	21
contemporaneo	21
contengono	21
continuamente	21
controllata	21
costruttivo	21
damiano	21
database	21
dating	21
debiti	21
debuttato	21
dedizione	21
dell’assessore	21
dell’intera	21
deputata	21
dimentichiamo	21
dipendono	21
diplomatica	21
dirà	21
discarica	21
diventeranno	21
divide	21
donazioni	21
durerà	21
duri	21
d’acquisto	21
d’azione	21
eccesso	21
economie	21
edito	21
eleganti	21
elettronici	21
emiliano	21
esposte	21
estorsione	21
estratto	21
facesse	21
farmacia	21
finn	21
fissare	21
flessibilità	21
forestali	21
formale	21
formare	21
forzato	21
frank	21
frigorifero	21
fusione	21
gallarate	21
galles	21
gasolio	21
gaza	21
gelosia	21
genera	21
gestita	21
goal	21
godersi	21
golfo	21
greggio	21
guadagnato	21
guardiamo	21
immediate	21
imminente	21
imperia	21
improvvisa	21
impulso	21
incluse	21
incontrano	21
incredibilmente	21
industrie	21
infezione	21
innamorata	21
interiore	21
intimo	21
invisibile	21
iran	21
irregolare	21
isolata	21
ivan	21
jones	21
ketelaere	21
kit	21
l'acqua	21
l'aggiornamento	21
l'ennesima	21
l'inflazione	21
l'ufficio	21
lampo	21
laptop	21
leggende	21
leghista	21
legittima	21
leopoli	21
letale	21
lettore	21
liam	21
liberato	21
like	21
luminosità	21
lungomare	21
l’acquisizione	21
l’arresto	21
l’avrebbe	21
l’elenco	21
l’impiego	21
l’incidenza	21
maltrattamenti	21
mancati	21
manciata	21
manila	21
marini	21
marrone	21
maternità	21
medi	21
mirati	21
mission	21
mutuo	21
negare	21
nell'area	21
nona	21
nonni	21
now	21
nuclei	21
occidente	21
ombra	21
organizzando	21
osimhen	21
osservatori	21
ottanta	21
ottenendo	21
ottimizzare	21
palace	21
palcoscenico	21
palle	21
panoramica	21
pareggi	21
pasolini	21
passerà	21
pediatrico	21
peste	21
pianificazione	21
pierpaolo	21
pochissimi	21
politicamente	21
portarlo	21
praticare	21
preferire	21
pressing	21
profitti	21
progressista	21
pronunciato	21
protocolli	21
ragazzina	21
rara	21
recitazione	21
registrazioni	21
restando	21
restauro	21
ricaduta	21
ricominciare	21
riempire	21
riferendosi	21
riguardato	21
risalto	21
risate	21
risiede	21
ritenuti	21
ritirare	21
rivalità	21
rompere	21
salatino	21
salvataggio	21
saperlo	21
saudita	21
scaffali	21
scale	21
secondaria	21
seduti	21
senatrice	21
serietà	21
sexy	21
sfrutta	21
sindacale	21
sintonia	21
solari	21
soldato	21
spagnoli	21
sparatoria	21
stage	21
statali	21
stupro	21
supercoppa	21
superiorità	21
tabellone	21
tass	21
tenersi	21
terribili	21
testimonia	21
tipiche	21
tranquilla	21
trasportare	21
truss	21
tumori	21
ultimamente	21
un'operazione	21
universitario	21
urbani	21
valerio	21
variabili	21
venisse	21
vergogna	21
viaggiava	21
visibilmente	21
volkswagen	21
volontaria	21
wars	21
welfare	21
accusati	20
acquista	20
adeguata	20
adulto	20
affidate	20
agevolare	20
aggiunti	20
aggravata	20
agricolo	20
alassio	20
albanese	20
alexander	20
allevamenti	20
all’incontro	20
all’ultima	20
amsterdam	20
andarsene	20
annuo	20
appieno	20
apprezzati	20
approfittare	20
approfondimento	20
archeologico	20
aspettarsi	20
aspettavano	20
assenze	20
atletica	20
attilio	20
aurelio	20
balcone	20
barba	20
bastasse	20
benevento	20
bergamasca	20
bergamasco	20
bilancia	20
blinken	20
bloccate	20
brividi	20
calcia	20
cambiate	20
cantonale	20
caritas	20
carmine	20
carro	20
cattura	20
celebri	20
cerchio	20
chiuderà	20
ciclismo	20
circo	20
classificato	20
coincidenza	20
collettiva	20
colpe	20
compagine	20
comportato	20
concessa	20
condominio	20
configurazione	20
confusione	20
consecutive	20
conservatorio	20
consumatore	20
controllato	20
convocati	20
coordinati	20
costato	20
costrette	20
costruttore	20
creano	20
cuori	20
d'europa	20
dapprima	20
decimo	20
dell’agricoltura	20
dell’opera	20
depp	20
difendersi	20
divano	20
divenne	20
dolorosa	20
dominante	20
donald	20
dottore	20
d’ora	20
ebay	20
ebrei	20
eco	20
egitto	20
eleganza	20
eni	20
epoca	20
eros	20
esclusivo	20
esemplari	20
esista	20
esploso	20
esponente	20
esserlo	20
etica	20
falsi	20
fatale	20
fattura	20
favoriti	20
fermano	20
fiordelisi	20
flora	20
formalmente	20
forniscono	20
fornita	20
fotografica	20
fotovoltaico	20
frattura	20
fronti	20
fulmine	20
fuorigioco	20
gabriel	20
gala	20
genio	20
georgia	20
governance	20
grato	20
hit	20
idrico	20
illuminazione	20
impiego	20
impostare	20
incassato	20
incidenza	20
individuali	20
industria	20
inedito	20
informatici	20
informatico	20
iniziate	20
iniziò	20
inquietante	20
installate	20
intellettuale	20
introduce	20
investendo	20
iscriversi	20
istanze	20
ita	20
kevin	20
l'effetto	20
l'immagine	20
l'occidente	20
lampedusa	20
lana	20
lanciati	20
lautaro	20
leggo	20
letti	20
l’amicizia	20
l’assistenza	20
l’enorme	20
l’ideale	20
l’industria	20
l’influenza	20
l’olio	20
malessere	20
manco	20
maratona	20
marciapiede	20
massacro	20
meccanica	20
mediatico	20
meritato	20
metta	20
metterci	20
metto	20
micro	20
migliorando	20
mihajlovic	20
mina	20
minor	20
misericordia	20
monetaria	20
monete	20
monopattino	20
montecitorio	20
nate	20
nazionalità	20
necessita	20
nerazzurra	20
nick	20
nicolas	20
normalmente	20
offensive	20
onlus	20
orchestra	20
ordinario	20
oscuro	20
ospedaliere	20
ottimista	20
parrocchia	20
passioni	20
password	20
penna	20
pesare	20
petto	20
poesie	20
positivamente	20
precisare	20
premesse	20
prestato	20
problematica	20
puntati	20
puntuale	20
raffiche	20
raggiungono	20
ramazzotti	20
rare	20
rari	20
raro	20
riabilitazione	20
ricevuta	20
ride	20
ridotti	20
rifiuta	20
rilasciare	20
rilevare	20
rimettere	20
riportati	20
riproduzione	20
ritenere	20
rivelando	20
rivelarsi	20
rotte	20
round	20
sacerdote	20
salotto	20
santuario	20
saremmo	20
scommesse	20
scompare	20
sconosciuta	20
scudo	20
sedici	20
sfilata	20
sfiora	20
siciliane	20
siria	20
slot	20
smettere	20
soddisfatta	20
sofferenze	20
soffrono	20
sora	20
sospendere	20
sostituito	20
spencer	20
sperando	20
splendido	20
sponda	20
sposata	20
spunta	20
staccare	20
straniere	20
subite	20
summer	20
suscitato	20
sviluppata	20
svolgeranno	20
tappeto	20
task	20
tasti	20
tax	20
taylor	20
temere	20
tenore	20
terranno	20
timori	20
torni	20
traversa	20
trent’anni	20
treviso	20
tributo	20
trionfo	20
troppa	20
truffe	20
turca	20
turistici	20
udinese	20
ugualmente	20
un'esperienza	20
un'occasione	20
un’operazione	20
un’ulteriore	20
vadano	20
vendute	20
verdure	20
versare	20
vincerà	20
vincono	20
virtuali	20
visibili	20
vivi	20
volata	20
volendo	20
vulnerabili	20
zerbi	20
abbandonati	19
accoltellato	19
accolti	19
adattamento	19
adatti	19
adige	19
adriana	19
affascinante	19
affiancato	19
africana	19
agenda	19
aggiornare	19
aggiungiamo	19
agricoltori	19
agricoltura	19
allenare	19
allenata	19
all’ambiente	19
altrui	19
ambientata	19
amd	19
ampie	19
antiche	19
apertamente	19
applicata	19
approfittando	19
arricchito	19
asintomatici	19
aspiranti	19
assistenti	19
atenei	19
atp	19
autostradale	19
autrice	19
avvicinamento	19
avvisato	19
bersaglio	19
bisognerebbe	19
body	19
bond	19
brian	19
brillanti	19
buco	19
burocrazia	19
cancelliere	19
cantato	19
capienza	19
car	19
cardiaco	19
cariche	19
carrello	19
cd	19
celle	19
cemento	19
censura	19
cercherà	19
cereali	19
cesena	19
chiedersi	19
chieti	19
citata	19
codici	19
collaborazioni	19
collegata	19
colonia	19
colonne	19
com	19
completamento	19
completi	19
comprensibile	19
comprensione	19
compromessi	19
conferenze	19
connazionale	19
conosciute	19
consensi	19
consueta	19
contestato	19
convalidato	19
convivere	19
copione	19
copre	19
cori	19
cortina	19
costruzioni	19
credeva	19
credibile	19
crociera	19
cubi	19
cult	19
curve	19
cyber	19
c’entra	19
d'acqua	19
d'amore	19
darci	19
dargli	19
debbano	19
decima	19
decisi	19
delicati	19
dell'europa	19
dell'università	19
dell’altro	19
dell’autorità	19
dell’organizzazione	19
descrivere	19
diagonale	19
dici	19
didascalia	19
dimenticate	19
dintorni	19
dir	19
disegni	19
disperato	19
disposizioni	19
disputato	19
divenire	19
diventi	19
doveri	19
drasticamente	19
d’onore	19
eccellenti	19
eccezionali	19
economicamente	19
elaborato	19
eleonora	19
elia	19
emirati	19
energy	19
erdogan	19
esatto	19
esercitare	19
esordito	19
esplodere	19
esposta	19
estendere	19
european	19
evitate	19
facilità	19
fair	19
farli	19
filiale	19
flavia	19
foreste	19
fornitore	19
free	19
frenare	19
fucile	19
furie	19
gap	19
generosità	19
geniale	19
gialle	19
gino	19
giornaliera	19
gita	19
giudiziario	19
gode	19
gratitudine	19
grosseto	19
horror	19
ibrahimovic	19
icona	19
immediati	19
immunitario	19
impeccabile	19
improvviso	19
indispensabili	19
ingaggio	19
ingenti	19
iniziati	19
inserite	19
insigne	19
insiste	19
intelligence	19
intenzionato	19
interazioni	19
interpretazione	19
inteso	19
intitolato	19
intrapreso	19
introdotta	19
investigativa	19
ipad	19
ipotizza	19
ispettori	19
ispirata	19
king	19
l'addio	19
l'apertura	19
l'incendio	19
l'iniziativa	19
l'invasione	19
l'isola	19
lasso	19
legittimo	19
lento	19
listino	19
litigio	19
livorno	19
liz	19
lopez	19
low	19
l’adesione	19
l’aggressione	19
l’amministratore	19
l’anima	19
l’attesa	19
l’aveva	19
l’esercizio	19
l’evoluzione	19
l’iter	19
macchie	19
maestra	19
malta	19
mantenimento	19
maschi	19
medicinali	19
meritano	19
meriti	19
migliorata	19
minimamente	19
mostri	19
mouse	19
mozione	19
natalia	19
nobile	19
nodi	19
occupare	19
occupate	19
occuperà	19
oligarchi	19
oliva	19
onorare	19
optare	19
orale	19
organizzate	19
orologio	19
ospedalieri	19
ostilità	19
padri	19
paesaggi	19
pali	19
palma	19
parente	19
parteciperanno	19
particolar	19
passanti	19
patch	19
peggior	19
peggioramento	19
pentagono	19
perfetti	19
perizia	19
permessi	19
perseguire	19
perturbazione	19
peskov	19
piaceva	19
piemontese	19
pio	19
pizzeria	19
poliziotto	19
pompa	19
ponti	19
porteranno	19
postale	19
prati	19
precisi	19
preparano	19
press	19
preziose	19
pride	19
processione	19
produttivi	19
profondi	19
progressivamente	19
promuove	19
proporzionale	19
protetta	19
protetto	19
provano	19
provo	19
provvedere	19
psicologiche	19
pu	19
pura	19
quantomeno	19
range	19
realizzando	19
reduce	19
religione	19
remake	19
renderà	19
rendimenti	19
renzo	19
resistente	19
resteranno	19
rettore	19
ribadire	19
ricavato	19
ricevendo	19
richiama	19
rimanga	19
rio	19
ripeto	19
riserbo	19
risultata	19
ritrovano	19
romeo	19
rugby	19
saliti	19
sarai	19
savonese	19
scegli	19
scese	19
schemi	19
scientifici	19
sciogliere	19
scioglimento	19
scontati	19
scuderia	19
segnata	19
sembrato	19
sensibilmente	19
sequenza	19
servita	19
settimanali	19
singolare	19
sistemazione	19
siviglia	19
sogna	19
solidale	19
sopralluogo	19
spada	19
sparare	19
specialisti	19
sperano	19
sperimentale	19
spina	19
spunto	19
ss	19
stabilimenti	19
startup	19
stream	19
strettamente	19
studios	19
subìto	19
tajani	19
talebani	19
teatri	19
teramo	19
terni	19
tessera	19
tinte	19
toccherà	19
toglie	19
torinese	19
torreira	19
traguardi	19
trasportati	19
trattata	19
traumi	19
tribuna	19
tè	19
un’arma	19
un’importante	19
ursula	19
utilizzi	19
valanga	19
valigia	19
vedova	19
vengo	19
veniamo	19
verrebbe	19
verstappen	19
viareggio	19
vincoli	19
virginia	19
virtuoso	19
vivace	19
volpe	19
zuckerberg	19
abbattere	18
abu	18
accertati	18
addetto	18
adeguati	18
adriano	18
aggiornata	18
aggiuntivo	18
aiutando	18
alfa	18
alimentazione	18
all'aperto	18
all'inter	18
all'ultimo	18
alloggio	18
alluminio	18
all’aeroporto	18
all’aria	18
all’avanguardia	18
amava	18
amichevole	18
angeli	18
apparecchiature	18
appartamenti	18
arrivava	18
artiste	18
asiatico	18
aspettarci	18
assistita	18
associata	18
assurda	18
attivazione	18
averne	18
avessi	18
avversarie	18
avviata	18
babbo	18
bagnaia	18
balzo	18
bank	18
barra	18
barriera	18
batteri	18
beffa	18
best	18
biennio	18
biologico	18
bombardamento	18
bortone	18
bortuzzo	18
bottiglie	18
britannici	18
cadaveri	18
cadute	18
california	18
cannabis	18
canti	18
cap	18
cappello	18
carbonica	18
casello	18
centrato	18
chanel	18
chiarisce	18
chief	18
cicli	18
cioccolato	18
citati	18
classiche	18
college	18
commisso	18
compatta	18
comprendono	18
com’era	18
concedere	18
concentrato	18
conferme	18
consegnati	18
conseguenti	18
consultazione	18
contestualmente	18
contraria	18
conviene	18
corti	18
costituiscono	18
costruiti	18
cotone	18
cpu	18
create	18
creature	18
croato	18
dava	18
decida	18
dell’attuale	18
dell’impatto	18
dell’umanità	18
diabete	18
dialogare	18
dichiarano	18
difensivo	18
diga	18
discipline	18
distanti	18
dotata	18
doveroso	18
editori	18
editrice	18
eletta	18
emanuela	18
entusiasti	18
equilibrata	18
eri	18
espressioni	18
estesa	18
estrazione	18
evidenze	18
famose	18
fascismo	18
favola	18
fedeltà	18
felipe	18
fiere	18
fili	18
finisca	18
finto	18
forlì	18
formaggio	18
formativa	18
formativo	18
fornirà	18
forrester	18
franca	18
frequentano	18
frequentazione	18
frode	18
frustrazione	18
funebre	18
fuochi	18
furia	18
gameplay	18
garantendo	18
generoso	18
genocidio	18
genovesi	18
genoveva	18
grandezza	18
grigio	18
ilaria	18
imbarazzo	18
impedisce	18
indici	18
indifferente	18
indipendenza	18
infinite	18
informati	18
ingrediente	18
intercettare	18
interprete	18
intima	18
intitolata	18
investe	18
invitata	18
ipotizzare	18
jackson	18
kuleba	18
l'aiuto	18
l'appuntamento	18
l'attacco	18
l'età	18
l'intera	18
l'ipotesi	18
laguna	18
lamenta	18
laser	18
last	18
leggendo	18
leggeri	18
letizia	18
letterario	18
liliana	18
lituania	18
locatelli	18
luminoso	18
l’abbonamento	18
l’aggressore	18
l’articolo	18
l’esistenza	18
l’identità	18
l’introduzione	18
l’investimento	18
macedonia	18
magazzino	18
manifestare	18
marsiglia	18
matrimoni	18
michela	18
miglioramenti	18
millimetri	18
miniserie	18
ministeri	18
ministeriale	18
mirate	18
mise	18
modenese	18
molestie	18
narrativa	18
nastro	18
nations	18
negoziato	18
nere	18
nervoso	18
next	18
normativo	18
notturna	18
ondate	18
oneri	18
orecchie	18
ove	18
pagando	18
pagati	18
palazzina	18
parete	18
pasticceria	18
patti	18
pec	18
pedonale	18
pedro	18
percepire	18
percepisce	18
pericolosità	18
perplessità	18
pesano	18
pier	18
pino	18
piove	18
poker	18
pontefice	18
potter	18
pre	18
prelevato	18
prelievi	18
prendiamo	18
presunte	18
prevedibile	18
preventivo	18
prive	18
privilegio	18
prolungato	18
promotori	18
proponendo	18
propongono	18
protestare	18
prudenza	18
qualcomm	18
quest'ultima	18
quotidiane	18
ragazzini	18
rallentare	18
ranking	18
rapinatori	18
rave	18
recovery	18
redatto	18
respira	18
rialzi	18
ricercatore	18
rientrano	18
rimandare	18
rimarranno	18
rinnovabile	18
rinviato	18
riprenderà	18
ritenuta	18
ritmi	18
ritorni	18
ritrae	18
roccia	18
rovinare	18
rubati	18
salario	18
saldi	18
scarico	18
scatenare	18
scherzo	18
scontata	18
sconvolto	18
scoperte	18
scoperti	18
scorre	18
scorrere	18
scrivo	18
scuro	18
secoli	18
segnalano	18
segnando	18
segretaria	18
seguenti	18
sembravano	18
semmai	18
sentieri	18
sequestrata	18
severe	18
sicure	18
sim	18
sirene	18
situato	18
soc	18
somiglianza	18
sorprende	18
sostegni	18
sottofondo	18
sp	18
splendore	18
spostamenti	18
spostato	18
spread	18
stanotte	18
stimolare	18
strategiche	18
strategici	18
stupire	18
suina	18
sull	18
svariati	18
sveglia	18
sviluppate	18
sviluppati	18
svolgendo	18
tangenziale	18
tattico	18
tecnologici	18
tempestivo	18
tennista	18
tipica	18
tratterà	18
trenitalia	18
trentina	18
tristezza	18
trucchi	18
umanitario	18
unicamente	18
un’iniziativa	18
utenze	18
vaccinali	18
valide	18
vanessa	18
vapore	18
vedevano	18
venere	18
verbale	18
vescovo	18
vicenza	18
victor	18
vincenti	18
violato	18
vitamina	18
viterbo	18
vocali	18
vocazione	18
volevamo	18
vota	18
vuoti	18
xvi	18
yaman	18
yoga	18
zodiacali	18
zurigo	18
abruzzesi	17
accertamento	17
accise	17
acquirenti	17
acquistati	17
action	17
affidamento	17
affidarsi	17
aggredita	17
aggressioni	17
allargare	17
allestita	17
allievo	17
all’italia	17
all’ora	17
all’unanimità	17
altresì	17
amoroso	17
ampi	17
anas	17
andavano	17
andrebbero	17
animata	17
annata	17
anticipata	17
appalti	17
appartengono	17
apprendere	17
approdare	17
arginare	17
assistenziale	17
atleta	17
attendiamo	17
attrici	17
attualità	17
auspichiamo	17
averle	17
avermi	17
avrò	17
award	17
balneare	17
bastato	17
belotti	17
benedetta	17
beneficiari	17
bresciano	17
bruciato	17
buckingham	17
bug	17
burro	17
caltanissetta	17
cantone	17
capitare	17
capua	17
carburanti	17
care	17
carnevale	17
casco	17
cdm	17
cede	17
celebrità	17
chimiche	17
chiusure	17
ciglia	17
circondato	17
climatiche	17
coerente	17
coinvolgono	17
collana	17
collezioni	17
collina	17
colorati	17
combustibili	17
comitati	17
commozione	17
comodità	17
company	17
competitività	17
compiuta	17
complesse	17
comprensivo	17
concludersi	17
condivisi	17
confrontarsi	17
coni	17
conquistando	17
consegnata	17
conservatore	17
considerazioni	17
consolidare	17
consuma	17
contante	17
contenuta	17
convocata	17
cost	17
costerà	17
creazioni	17
credevo	17
cronica	17
csm	17
d'altronde	17
d'urgenza	17
danilo	17
daranno	17
dell'interno	17
dell'ultimo	17
dell’assemblea	17
dell’intervento	17
deluso	17
depositato	17
desiderano	17
devastato	17
diaz	17
dicevamo	17
difetto	17
dinamico	17
dinanzi	17
diocesi	17
director	17
dirsi	17
discovery	17
discussa	17
discute	17
disinformazione	17
disporre	17
disuguaglianze	17
dittatura	17
divenuto	17
divertire	17
divertito	17
dividere	17
dl	17
domina	17
dopoguerra	17
drusilla	17
dure	17
dzeko	17
d’età	17
edicola	17
edition	17
educativo	17
efficienti	17
egli	17
elezione	17
emersa	17
emessa	17
emmanuel	17
equilibrato	17
esecuzione	17
eseguita	17
esibirsi	17
estende	17
evasione	17
express	17
ezio	17
fabbisogno	17
facciata	17
faro	17
federali	17
ffp	17
fiorello	17
fiorentino	17
fire	17
flagranza	17
flessibile	17
foglie	17
foresta	17
formati	17
fortunata	17
frana	17
frequenze	17
frigo	17
frontale	17
fuoriclasse	17
galassia	17
gallo	17
gang	17
gender	17
generano	17
genetica	17
gianfranco	17
giunte	17
giuramento	17
goku	17
gold	17
gomma	17
gonzalez	17
gps	17
gradualmente	17
gravissimo	17
grido	17
gt	17
guardano	17
guarnieri	17
habitat	17
halloween	17
hd	17
ibrido	17
identificazione	17
ignoti	17
implementato	17
incapace	17
infiniti	17
informativo	17
infortunato	17
innovativa	17
inosservata	17
insistere	17
installazioni	17
intere	17
interrogato	17
interruzioni	17
interverrà	17
irene	17
iscrizione	17
islamico	17
ispirazione	17
istanti	17
justin	17
l'alto	17
l'ambiente	17
l'episodio	17
l'ingresso	17
l'ospedale	17
l'uscita	17
laurentiis	17
lente	17
liberarsi	17
lido	17
litigato	17
litio	17
luminosa	17
lunghezze	17
lupi	17
l’arbitro	17
l’arco	17
l’attivazione	17
l’ausilio	17
l’autopsia	17
l’elezione	17
l’ente	17
l’importo	17
l’inaugurazione	17
l’installazione	17
l’opinione	17
l’utente	17
magna	17
malviventi	17
mangiato	17
massiccio	17
maturato	17
mbappé	17
meraviglia	17
migliaio	17
migliorato	17
missilistici	17
mortali	17
mostrati	17
movente	17
musical	17
mussolini	17
my	17
napoletana	17
naufraga	17
nobel	17
noleggio	17
notebook	17
numerosa	17
offrirà	17
oled	17
oli	17
onu	17
operanti	17
orietta	17
originaria	17
ospitati	17
pa	17
pacco	17
pallavolo	17
palloni	17
paragone	17
partiranno	17
pastore	17
patron	17
pazzesca	17
pescatori	17
piaciuta	17
picchi	17
piceno	17
point	17
portava	17
posa	17
premiati	17
premiato	17
presieduta	17
prestigiosi	17
pretesto	17
prevalere	17
professoressa	17
proiezioni	17
promozionale	17
proteine	17
provata	17
pulite	17
quantitativo	17
queen	17
questore	17
raccomandazioni	17
raccontate	17
raccontava	17
rallentamenti	17
raramente	17
recensione	17
regalando	17
reggere	17
residenziali	17
respinta	17
restanti	17
ricambio	17
richiamato	17
riciclo	17
riempie	17
riesca	17
riga	17
rinforzare	17
rinforzi	17
rintracciare	17
riprendersi	17
riscontrati	17
riscontro	17
risolve	17
risultate	17
riuscì	17
rivelare	17
rivolti	17
rotazione	17
rtx	17
ryan	17
sainz	17
salento	17
sammarinese	17
sbagliare	17
sbarco	17
scamacca	17
scampo	17
scappato	17
schermi	17
schiacciato	17
scolastiche	17
scoppiato	17
sedere	17
sedili	17
seduto	17
severodonetsk	17
siate	17
sistemare	17
slam	17
smaltimento	17
solco	17
solista	17
sound	17
sparsi	17
spazzatura	17
specialista	17
specializzazione	17
spedizioni	17
spegne	17
spegnimento	17
spiata	17
spicco	17
spingono	17
spirituale	17
spoiler	17
sposare	17
statua	17
stesura	17
stilista	17
strisce	17
stupore	17
subisce	17
suonare	17
superfici	17
sviluppando	17
system	17
tasto	17
tattica	17
tavassi	17
teatrali	17
televoto	17
temono	17
ten	17
termico	17
terrazza	17
testare	17
toscano	17
tradotto	17
traduzione	17
trappola	17
tratte	17
trequartista	17
tunnel	17
uccelli	17
uk	17
un'area	17
unirsi	17
uniscono	17
unit	17
un’analisi	17
urbino	17
vaccinarsi	17
valencia	17
valgono	17
validità	17
venduta	17
verificano	17
vicario	17
villaggi	17
vincendo	17
vinci	17
vintage	17
virologo	17
volontario	17
vuota	17
wifi	17
workshop	17
yacht	17
abruzzese	16
accessi	16
accettabile	16
accorti	16
acido	16
adattare	16
adeguato	16
adolescente	16
affidabilità	16
affrontano	16
aggiuntive	16
agio	16
aiuteranno	16
alcuno	16
all’acquisto	16
all’uomo	16
amatissimo	16
ambientato	16
ammettere	16
amministrativi	16
analizzando	16
andrò	16
annunciati	16
annunziata	16
apparse	16
appartenente	16
architetto	16
arcobaleno	16
armata	16
aspettato	16
assetto	16
attestato	16
attimi	16
attivati	16
automobilistico	16
autonomo	16
autostrada	16
avanza	16
avvia	16
avvolto	16
azionisti	16
battista	16
bellissime	16
benché	16
biancoceleste	16
biondi	16
bloomberg	16
bolognese	16
bonelli	16
borrell	16
brasiliana	16
brava	16
bulgaria	16
bundesliga	16
ca	16
calabrese	16
calano	16
calare	16
cambridge	16
campana	16
carabiniere	16
caricato	16
carroccio	16
casinò	16
causate	16
centimetro	16
cessioni	16
chiamano	16
chirurgico	16
cinematografica	16
circolano	16
cliccare	16
clientela	16
collegi	16
collocazione	16
colmare	16
coloni	16
coltellate	16
combustibile	16
comparso	16
competitivi	16
competitivo	16
compiuti	16
complicate	16
compongono	16
comportarsi	16
compra	16
comunicati	16
condannata	16
condanne	16
confidato	16
congedo	16
consentendo	16
conservare	16
consistenza	16
consulta	16
continuate	16
contribuendo	16
contropiede	16
convalida	16
convoglio	16
coordinata	16
coordinate	16
coppe	16
costare	16
costoso	16
costruttori	16
creati	16
creatori	16
crescenti	16
cresciuti	16
culmine	16
cuneo	16
dad	16
dall’alto	16
dall’amministrazione	16
dall’ex	16
dance	16
danese	16
darle	16
definiti	16
dell'associazione	16
dell'estate	16
dell’aria	16
dell’ente	16
dell’impianto	16
dell’obbligo	16
denominata	16
descrive	16
destinazioni	16
detti	16
deviazione	16
diagnosticati	16
diamante	16
diario	16
difensiva	16
dimesso	16
distributori	16
distrutti	16
divario	16
divisioni	16
d’aosta	16
d’argento	16
educativa	16
elaborare	16
eliminazione	16
elodie	16
emotiva	16
entusiasmante	16
epilogo	16
esagerato	16
escalation	16
escludendo	16
esclusa	16
esclusive	16
esemplare	16
esplode	16
espulso	16
etc	16
evidenziano	16
fagioli	16
fantasma	16
fazioni	16
feedback	16
ferdinando	16
fetta	16
fibre	16
fiduciosi	16
fisco	16
fissi	16
fiumi	16
fluida	16
folli	16
fortissima	16
frequentata	16
frequente	16
frontiere	16
fulcro	16
gabbia	16
gettato	16
giallorosso	16
ginnastica	16
giubileo	16
giustamente	16
gregorio	16
gru	16
guadagno	16
hamilton	16
hospital	16
iconici	16
illegali	16
immobiliari	16
impatti	16
impegnarsi	16
implicazioni	16
imponente	16
importantissima	16
importantissimo	16
imprevedibile	16
incarico	16
incentrata	16
inchiesta	16
incrociare	16
indagano	16
indicati	16
informa	16
ingegneria	16
inps	16
institute	16
integrale	16
intendono	16
intense	16
interagire	16
intercettato	16
intercettazioni	16
inutilmente	16
iraniano	16
irlanda	16
ischia	16
jennifer	16
julian	16
kosovo	16
l'attuale	16
l'empoli	16
l'opportunità	16
l'ue	16
ladro	16
lamentato	16
laterali	16
latino	16
lavatrice	16
lewandowski	16
lg	16
lontananza	16
lotito	16
lotti	16
lucidi	16
l’agricoltura	16
l’angolo	16
l’autonomia	16
l’autunno	16
l’avversario	16
l’efficacia	16
l’esempio	16
l’esterno	16
l’impresa	16
l’incendio	16
l’incremento	16
l’intento	16
magnitudo	16
maison	16
manfredonia	16
mangia	16
mappe	16
marcos	16
markle	16
martini	16
matura	16
mediamente	16
mediterranea	16
menu	16
mercatino	16
messinese	16
mete	16
miami	16
miceli	16
milanesi	16
minorile	16
monopattini	16
montepremi	16
monumentale	16
morgan	16
mossi	16
mostrarsi	16
motta	16
motto	16
mozzafiato	16
muovendo	16
nadal	16
negoziare	16
nicchia	16
nord-est	16
nordest	16
obblighi	16
occupazionale	16
oppo	16
orientamento	16
originariamente	16
orizzonti	16
padel	16
palermitano	16
palme	16
panda	16
panettone	16
parecchi	16
parteciperà	16
partigiani	16
patate	16
patrizia	16
peculiarità	16
penali	16
penitenziaria	16
pensavamo	16
pensavano	16
pepe	16
permetteranno	16
pillola	16
piscine	16
poltrona	16
posteriori	16
poterlo	16
powell	16
precipitato	16
prevalenza	16
proclamato	16
progettare	16
programmare	16
progressione	16
protegge	16
provinciali	16
puntiamo	16
quattordici	16
rabiot	16
raduno	16
rafforzamento	16
raiplay	16
ramo	16
reagisce	16
regolamenti	16
religiose	16
reputazione	16
residui	16
restyling	16
retribuzione	16
ria	16
ribaltare	16
richiamare	16
riconosciuti	16
ridotte	16
rifiutare	16
rilevanza	16
rimbalzo	16
rimesso	16
rincaro	16
ringrazia	16
rinvenuti	16
rinviata	16
riparare	16
riparo	16
ripetuto	16
riprodurre	16
rischiamo	16
ristretto	16
risveglio	16
ritrovo	16
riusciva	16
riuscivo	16
rivelata	16
rivivere	16
roger	16
rossetti	16
rossonera	16
rovesci	16
rubrica	16
rumor	16
rumors	16
rurale	16
sacrifici	16
sanchez	16
sani	16
sanpaolo	16
sapevano	16
sarah	16
sbagliate	16
scelgono	16
scrittori	16
sedie	16
semplificare	16
sentiti	16
serra	16
silver	16
silvestri	16
simpatica	16
sinonimo	16
sirena	16
sisma	16
slancio	16
socialista	16
solidi	16
solidità	16
sommato	16
sopracciglia	16
sospese	16
spara	16
sparse	16
spiace	16
spingendo	16
spontanea	16
srl	16
ssd	16
staffetta	16
stamani	16
stanca	16
stanco	16
staremo	16
stili	16
stimolo	16
straniera	16
stupito	16
successore	16
sud-est	16
suggerito	16
superano	16
superata	16
superenalotto	16
svantaggio	16
tabella	16
tagliando	16
tariffa	16
tasche	16
tecnologiche	16
terminerà	16
ticket	16
tiri	16
tomba	16
tornei	16
tram	16
travolta	16
triennio	16
tronco	16
twitch	16
uccidendo	16
umanità	16
un'idea	16
un'offerta	16
usb	16
vedersi	16
vedevo	16
vela	16
velluto	16
vende	16
vendono	16
vennero	16
verdura	16
victoria	16
vinse	16
vissuti	16
visuale	16
visualizzare	16
volano	16
windsor	16
y	16
zanicchi	16
abbinare	15
abbracciato	15
abusivo	15
accesa	15
accolte	15
achille	15
addestramento	15
adeguatamente	15
affaccia	15
affermazione	15
affiancare	15
affitti	15
affrontata	15
affrontati	15
affronteremo	15
agendo	15
alba	15
albergo	15
all'alba	15
all'improvviso	15
alleanze	15
allegato	15
allegria	15
alleviare	15
all’adnkronos	15
all’altra	15
altoparlanti	15
altrettante	15
amatissima	15
ambra	15
ammissione	15
ammontare	15
ampliato	15
andò	15
annuali	15
anthony	15
antimafia	15
antony	15
apparizioni	15
applicano	15
apprezzamento	15
apprezzate	15
approfittato	15
approvare	15
assemblea	15
assenti	15
assunti	15
astri	15
atlete	15
atletico	15
atomica	15
attentamente	15
atterrato	15
attrarre	15
attrezzi	15
augura	15
autentico	15
autorevole	15
avversaria	15
balcani	15
barone	15
basciano	15
bastoni	15
bellissimi	15
benvenuto	15
bielorusso	15
binari	15
biologica	15
bolla	15
bonucci	15
bordi	15
borghese	15
brown	15
brozovic	15
brutale	15
buchi	15
bugie	15
c'entra	15
calabresi	15
calato	15
camicia	15
campidoglio	15
candida	15
candidarsi	15
canoni	15
capannone	15
capolinea	15
cartone	15
casalinga	15
cassetto	15
cautelari	15
cavalieri	15
cavi	15
cercheranno	15
cercheremo	15
chiacchiere	15
chiedevano	15
chiesta	15
ciclista	15
circondata	15
collaboratore	15
collocato	15
colonnello	15
colpevoli	15
coma	15
combatte	15
comincerà	15
cominciata	15
comodi	15
completata	15
compone	15
comportare	15
composti	15
compromettere	15
confederazione	15
confermate	15
conosceva	15
consiliare	15
constatare	15
contea	15
contenimento	15
contestazione	15
contrada	15
contribuirà	15
convince	15
coperti	15
corner	15
corrono	15
corsie	15
costituire	15
costruite	15
creatura	15
cristiana	15
criticare	15
cronache	15
cronisti	15
cuocere	15
dall’ufficio	15
danneggiare	15
dannoso	15
default	15
definite	15
degno	15
delicate	15
dell'acqua	15
dell'arma	15
dell’abitazione	15
dell’attenzione	15
dell’aumento	15
dell’industria	15
dell’intervista	15
dell’onu	15
dell’unità	15
denunciano	15
destinare	15
diagnosticato	15
diamanti	15
dica	15
dicevano	15
dicevo	15
dichiarati	15
diede	15
dimenticata	15
diminuisce	15
dipinto	15
dirmi	15
disciplinare	15
discorsi	15
discreto	15
dissenso	15
distinguere	15
diventasse	15
divergenze	15
dividendo	15
divulgazione	15
dovessi	15
dovreste	15
driver	15
droghe	15
duello	15
duplice	15
dusan	15
duty	15
d’affari	15
d’appello	15
ecosistema	15
efficacemente	15
elenoire	15
emergenti	15
emozionanti	15
emozionato	15
enni	15
epidemiologica	15
erogati	15
esagerare	15
esibirà	15
esistere	15
espresse	15
esprimersi	15
esprimono	15
experience	15
fatture	15
ferrero	15
fiducioso	15
filtro	15
fissati	15
forestale	15
fossimo	15
france	15
francisco	15
fuggito	15
funghi	15
funzionali	15
gaetano	15
galla	15
garage	15
genesi	15
gentili	15
giudizi	15
giurisprudenza	15
golden	15
griglia	15
guadagnano	15
hard	15
health	15
hero	15
hybrid	15
identificati	15
igor	15
illeciti	15
impegnativa	15
implica	15
imprevisti	15
incentrato	15
incerto	15
incontrerà	15
indeterminato	15
indirizzato	15
indizio	15
inedite	15
infinita	15
influenzare	15
influenzato	15
iniziamo	15
innescato	15
innocente	15
inquinamento	15
insolito	15
insostenibile	15
integrati	15
intendiamo	15
interessano	15
introdotte	15
inventato	15
invitare	15
irregolarità	15
irruzione	15
israeliane	15
istat	15
jackpot	15
jorge	15
koulibaly	15
l'abbiamo	15
l'esterno	15
l'importante	15
l'incarico	15
l'interesse	15
lanciano	15
lascio	15
laureata	15
liga	15
lino	15
liscio	15
lottato	15
lungometraggio	15
l’accademia	15
l’aggiornamento	15
l’approccio	15
l’atteggiamento	15
l’auspicio	15
l’avventura	15
l’elemento	15
l’infortunio	15
l’inserimento	15
l’iscrizione	15
l’occhio	15
l’unità	15
machine	15
macro	15
madama	15
maddalena	15
magic	15
manfredi	15
marijuana	15
martiri	15
matano	15
matilde	15
matita	15
mazzini	15
mc	15
medical	15
mega	15
mensilità	15
messaggistica	15
miccichè	15
miliardario	15
minare	15
moderne	15
mole	15
mutui	15
nascondersi	15
nativo	15
nico	15
nigeriano	15
nostalgia	15
numerica	15
offesa	15
officer	15
onestamente	15
oriana	15
orologi	15
orribile	15
osservando	15
pacchetti	15
pacchi	15
pacifico	15
particolarità	15
passaporto	15
patrick	15
pause	15
periodicamente	15
perlopiù	15
personalizzato	15
pianificato	15
pittura	15
pizzico	15
platino	15
pomodoro	15
porsi	15
portarla	15
povera	15
prassi	15
precisando	15
preferita	15
pregio	15
prelievo	15
prendo	15
preoccupanti	15
prescrizioni	15
presentando	15
presepe	15
presieduto	15
prete	15
priva	15
procedendo	15
procederà	15
proceduto	15
professori	15
profitto	15
progettata	15
progressivo	15
prospetta	15
protetti	15
provengono	15
proverà	15
provocazione	15
provvisorio	15
pubblicando	15
quanta	15
quotazioni	15
radiomobile	15
raffinato	15
ragionevole	15
raimondo	15
ranieri	15
rapine	15
rappresentati	15
rappresentazione	15
recata	15
recitare	15
registi	15
religioso	15
renderlo	15
replicare	15
repressione	15
resiste	15
riconoscimenti	15
rifare	15
rifugi	15
rigori	15
riparazione	15
riservate	15
rissa	15
rita	15
rolex	15
rom	15
rotelle	15
rovescia	15
rsa	15
sabrina	15
sacchi	15
saggio	15
salendo	15
salirà	15
saltato	15
saluta	15
salvati	15
sammarinesi	15
santi	15
sapori	15
sassoli	15
sbaglio	15
scalpore	15
scatole	15
scendendo	15
schermata	15
scomparire	15
scomparse	15
sconfiggere	15
screenshot	15
scrivania	15
semaforo	15
sentivo	15
series	15
sessualità	15
sestri	15
sfoga	15
sfoggiare	15
sfollati	15
sigla	15
simboli	15
sincera	15
skriniar	15
smentita	15
socialità	15
soddisfacente	15
sommerso	15
sopportare	15
sorprendere	15
sottil	15
sottili	15
specializzate	15
sperimentato	15
spesi	15
spid	15
sporco	15
sportelli	15
strappare	15
stringe	15
style	15
successe	15
sun	15
sussidi	15
sussidio	15
svago	15
t-shirt	15
tassazione	15
tattiche	15
telefonica	15
todaro	15
torniamo	15
tortura	15
totalità	15
tragitto	15
trasferire	15
trekking	15
tripla	15
tuta	15
tutt'altro	15
un’amicizia	15
un’avventura	15
ustioni	15
variare	15
vaso	15
vegetazione	15
veglia	15
veicolare	15
vele	15
venendo	15
versante	15
vicinanze	15
vienna	15
vincolo	15
violente	15
vocale	15
volersi	15
votazioni	15
wow	15
your	15
abbandona	14
abitava	14
accada	14
accadeva	14
accende	14
acciaio	14
accuratamente	14
acquisite	14
acquisizione	14
acquistando	14
adottata	14
adottate	14
affascinanti	14
affida	14
affidabili	14
aggressori	14
agile	14
alcolici	14
alessandria	14
alimentato	14
all'età	14
allargata	14
allunga	14
allungare	14
all’aumento	14
all’ordine	14
all’uso	14
ami	14
amiamo	14
amichevoli	14
ancelotti	14
andavo	14
animato	14
anziane	14
aperitivo	14
apparente	14
applicate	14
archiviazione	14
armonia	14
arrivasse	14
artiglieria	14
artistici	14
assegnare	14
atlantica	14
attaccano	14
attaccata	14
attraversa	14
audi	14
autonome	14
autorizzati	14
avanzare	14
avatar	14
avuta	14
avuti	14
avvicinano	14
azzurre	14
backup	14
bagnato	14
baldini	14
balli	14
barella	14
barletta	14
basano	14
basate	14
battesimo	14
battle	14
bebè	14
benedizione	14
berti	14
bianche	14
biancorossi	14
biennale	14
blackout	14
blessin	14
blitz	14
board	14
bocciato	14
bono	14
botto	14
bravissimo	14
breccia	14
bremer	14
brillare	14
brutalmente	14
calcistico	14
calcolare	14
camorra	14
capital	14
caratterizzano	14
cardarelli	14
cargo	14
carlos	14
carriere	14
catanese	14
catastrofe	14
caviglia	14
ceca	14
cella	14
challenge	14
charlotte	14
chiamava	14
chiavari	14
chris	14
cinquantina	14
cintura	14
citarne	14
civitanova	14
classificata	14
clic	14
clou	14
cna	14
coglie	14
collabora	14
collasso	14
colombia	14
combattendo	14
combattenti	14
comici	14
compositore	14
concluse	14
condannare	14
condotti	14
conducendo	14
confida	14
conosci	14
consigliata	14
contenitori	14
contenta	14
contrattuale	14
contrazione	14
convinzioni	14
coordinare	14
corrado	14
cuccioli	14
cucinare	14
cugini	14
d'aria	14
decidono	14
declino	14
decollo	14
decorazioni	14
decoro	14
degna	14
dell'agenzia	14
dell'economia	14
dell'incontro	14
dell'isola	14
dell’aggressione	14
dell’attacco	14
dell’iniziativa	14
dell’innovazione	14
dell’istruzione	14
dell’offerta	14
dell’orchestra	14
dell’ultima	14
delusi	14
densità	14
derivanti	14
descritta	14
desiderato	14
determina	14
devastanti	14
dibattiti	14
diminuito	14
discreta	14
disegnare	14
dispiaciuto	14
disputare	14
disputata	14
distribuire	14
dmitry	14
dmytro	14
documentari	14
dollaro	14
donatori	14
donnarumma	14
dortmund	14
dovevamo	14
drink	14
d’emergenza	14
d’identità	14
e-commerce	14
e-mail	14
eccessivo	14
echo	14
eleggere	14
elettra	14
emessi	14
emissione	14
end	14
enea	14
entità	14
epocale	14
erogato	14
esaminare	14
escursioni	14
espandere	14
esponenziale	14
estetico	14
evidenziare	14
fabbri	14
factor	14
farcela	14
farete	14
fermamente	14
fest	14
festivi	14
fianchi	14
filone	14
finalissima	14
finalisti	14
finlandese	14
fluido	14
fondatori	14
formano	14
frame	14
freccia	14
frequenta	14
gasdotto	14
general	14
gettare	14
gian	14
giani	14
giapponesi	14
giglio	14
giornaliero	14
giostra	14
gioventù	14
giungere	14
gonfie	14
governative	14
grandissima	14
grinta	14
guendalina	14
hair	14
hall	14
hitler	14
hong	14
hunter	14
idonei	14
illustrato	14
immenso	14
imola	14
impazzire	14
impegnativo	14
importi	14
imposti	14
incidere	14
inciso	14
indossano	14
inedita	14
infanzia	14
infarto	14
infastidito	14
ingegnere	14
inondazioni	14
inseguire	14
inseguito	14
integrare	14
integratori	14
intendo	14
interi	14
interista	14
interpretata	14
intervenute	14
ip	14
ipotizzato	14
isee	14
istituire	14
italian	14
ivana	14
jean	14
juan	14
kong	14
l'aspetto	14
l'importanza	14
l'intervista	14
l'opera	14
l'ufficialità	14
lavorativi	14
lavoratrici	14
lavorerà	14
laziale	14
lealtà	14
lee	14
leoni	14
letture	14
lewis	14
lgbtq	14
limitati	14
limitazione	14
litorale	14
lottando	14
luisa	14
l’aborto	14
l’affare	14
l’alta	14
l’amico	14
l’anime	14
l’argento	14
l’arma	14
l’assemblea	14
l’atmosfera	14
l’autorizzazione	14
l’azzurro	14
l’efficienza	14
l’eredità	14
l’esposizione	14
l’espressione	14
l’eventuale	14
l’incredibile	14
l’intesa	14
l’onore	14
magnifico	14
mah	14
malgioglio	14
mancherà	14
mandati	14
manifesti	14
manuela	14
maranello	14
marc	14
marca	14
marcato	14
marcuzzi	14
martello	14
maschere	14
matera	14
matteotti	14
meccanico	14
mediana	14
meme	14
mercurio	14
mertens	14
miller	14
mista	14
miti	14
mo	14
model	14
modernità	14
moduli	14
moldavia	14
mollare	14
mostro	14
mykolaiv	14
nacque	14
nastri	14
naufrago	14
navale	14
navigare	14
nettuno	14
neutrale	14
nicole	14
nm	14
notifiche	14
nuvolosi	14
odierni	14
odriozola	14
olaf	14
onorato	14
organizzativa	14
orgogliosa	14
ornella	14
ospitata	14
osservazioni	14
padana	14
padrona	14
paghi	14
panino	14
parentesi	14
parrocchiale	14
passeggero	14
pazzi	14
pediatri	14
pensionato	14
perche	14
perfette	14
permetterci	14
phone	14
pianista	14
pieve	14
pilastri	14
pilastro	14
pizzo	14
plastiche	14
polmoni	14
pomeridiano	14
portali	14
portiamo	14
possiedono	14
postazione	14
precoce	14
predecessore	14
predisposto	14
preferiscono	14
premiata	14
preoccupata	14
preparata	14
presupposti	14
prodotte	14
profonde	14
programmati	14
project	14
propensione	14
prossimamente	14
proviamo	14
questionario	14
quest’oggi	14
racconterà	14
racing	14
radicalmente	14
ragusa	14
rallenta	14
rapide	14
rapito	14
razzi	14
referto	14
regolamentazione	14
renderla	14
repubblicano	14
resort	14
respinge	14
restante	14
retail	14
retro	14
reuters	14
ricercare	14
ricevuti	14
riconoscibile	14
riferisco	14
riflesso	14
riflettono	14
riguardante	14
rilevamento	14
rimandato	14
rimediare	14
rimosso	14
rinforzo	14
rinnova	14
riprendono	14
ritengono	14
riuniti	14
riusciranno	14
rivolgo	14
romina	14
ross	14
rossetto	14
rotonda	14
rs	14
rubata	14
rumori	14
rurali	14
russia-ucraina	14
samuele	14
sanzionato	14
saperne	14
sarda	14
sasso	14
scarpa	14
scatterà	14
scioperi	14
scongiurare	14
scoprirà	14
scout	14
scozia	14
scozzese	14
scura	14
secondarie	14
secondario	14
segnalata	14
segnalate	14
segnaliamo	14
selvatici	14
senese	14
seta	14
settentrionale	14
severo	14
sfuggito	14
sigarette	14
simbolico	14
sinner	14
sintomo	14
situata	14
sol	14
sold	14
sorride	14
sospensioni	14
sostenuti	14
sperato	14
spinte	14
spontaneamente	14
sporting	14
sposarsi	14
sposo	14
spuntano	14
squalificato	14
stamane	14
strappo	14
strato	14
studiando	14
studiosi	14
stupisce	14
successione	14
superamento	14
supplementari	14
susseguirsi	14
sussex	14
svariate	14
svincolato	14
svizzeri	14
tagliati	14
targato	14
tela	14
telefonico	14
televisore	14
tenero	14
tentando	14
terapeutico	14
terminale	14
testato	14
tetti	14
theo	14
toccati	14
tomaso	14
tonalità	14
tor	14
torri	14
torto	14
toscani	14
tournée	14
tracciamento	14
transgender	14
trasferisce	14
trasmesse	14
trasmessi	14
trionfare	14
trionfato	14
troupe	14
tuffo	14
turbo	14
turchi	14
turistiche	14
tutele	14
twittato	14
umanitarie	14
un'arma	14
universitaria	14
un’epoca	14
un’organizzazione	14
urbane	14
uscendo	14
usiamo	14
vaccinare	14
varazze	14
vasco	14
vegetali	14
venticinque	14
veronese	14
vietata	14
vigile	14
village	14
virali	14
virtus	14
vision	14
vitali	14
vitalità	14
vivente	14
volanti	14
vpn	14
vuote	14
wakanda	14
wilma	14
xix	14
abbas	13
abbattuti	13
abbracci	13
abitano	13
abusivi	13
accorsi	13
accumulato	13
adatte	13
affidati	13
affonda	13
afghanistan	13
alimentata	13
all’appello	13
all’assemblea	13
all’autorità	13
all’isola	13
all’opera	13
alpini	13
amara	13
amber	13
ambientalista	13
ambientalisti	13
ammessi	13
ana	13
analizza	13
analoga	13
analoghi	13
angiolini	13
ankara	13
annalisa	13
annunciando	13
apparsi	13
arabia	13
arbitro	13
argentero	13
arnautovic	13
arrendersi	13
assegno	13
assicurazioni	13
assistendo	13
atmosfere	13
attentato	13
attira	13
attivata	13
australiano	13
automobilistica	13
avis	13
avvenendo	13
avvenute	13
avviate	13
avvistato	13
azzerare	13
bacchetta	13
background	13
bagaglio	13
basilea	13
bastare	13
batman	13
battono	13
bei	13
beneficiare	13
berlina	13
berrettini	13
bikini	13
bionda	13
blucerchiati	13
bob	13
boy	13
bper	13
brad	13
bros	13
calcistica	13
calcoli	13
capitolina	13
carceri	13
card	13
caricare	13
carla	13
casale	13
casellati	13
cassano	13
castelnuovo	13
casual	13
catherine	13
cattive	13
cautela	13
cene	13
cenere	13
ceramica	13
chirurgo	13
ciclisti	13
cisgiordania	13
clamore	13
click	13
cliniche	13
cocktail	13
coincide	13
collaborando	13
collettivi	13
colorato	13
colorazione	13
colta	13
colui	13
combattuto	13
comizio	13
commettere	13
commovente	13
compatibilità	13
compilare	13
complete	13
condannati	13
confartigianato	13
confidenza	13
connesse	13
connessioni	13
conoscevano	13
consenta	13
conservati	13
considerarsi	13
considerevole	13
considero	13
consolazione	13
consolidata	13
contraddistingue	13
contrattazione	13
controparte	13
controverso	13
convention	13
convenzioni	13
coop	13
cooper	13
costata	13
costosa	13
creator	13
creatore	13
crederci	13
credi	13
cremona	13
criticata	13
crollata	13
crudeltà	13
culto	13
d'inizio	13
dall'agenzia	13
dall’acqua	13
dall’azienda	13
dall’uomo	13
decollare	13
decreti	13
degenza	13
delegati	13
dell'altro	13
dell'attacco	13
dell’allenatore	13
dell’arrivo	13
dell’art	13
dell’attrice	13
dell’esperienza	13
destinatario	13
detiene	13
dettagliata	13
diciotto	13
digiuno	13
digos	13
diminuiscono	13
dirti	13
dirò	13
disabile	13
disegnato	13
disordini	13
disperata	13
distinte	13
distrettuale	13
distributore	13
domestiche	13
drammatici	13
eccessi	13
eccessiva	13
elaborati	13
empatia	13
entertainment	13
equivale	13
equivalente	13
erbe	13
esclusione	13
esclusivi	13
esg	13
esisteva	13
esplicitamente	13
esposito	13
facce	13
facendosi	13
fallire	13
farebbero	13
fari	13
fast	13
fattoria	13
favorendo	13
feature	13
feed	13
feretro	13
ferme	13
fermerà	13
ferretti	13
ferri	13
fidanzati	13
fiero	13
fiocco	13
first	13
forzata	13
franceschini	13
fratture	13
frena	13
frequentati	13
fruizione	13
fumetto	13
gaia	13
giallorossa	13
giochiamo	13
giove	13
girata	13
go	13
gomme	13
gradimento	13
gradito	13
grata	13
grati	13
gravina	13
grida	13
guanti	13
guastalla	13
gup	13
heard	13
henger	13
honda	13
hot	13
icardi	13
iconiche	13
iconico	13
illuminata	13
imbarazzante	13
immagina	13
immortalato	13
impressione	13
inaugura	13
inaugurazione	13
incarnato	13
includere	13
inclusiva	13
indagando	13
indicando	13
indignazione	13
indimenticabile	13
indosso	13
infinity	13
informatiche	13
inseguimento	13
insufficienti	13
intensamente	13
intenti	13
interazione	13
interrogativi	13
interruzione	13
intervenga	13
inviando	13
irpef	13
irrinunciabile	13
ispirate	13
istituita	13
iter	13
itinerante	13
josé	13
kennedy	13
kinder	13
l'accaduto	13
l'aggressione	13
l'aggressore	13
l'arresto	13
l'autopsia	13
l'intenzione	13
l'intesa	13
l'istituto	13
lama	13
lanci	13
lauro	13
lenta	13
limitrofe	13
listini	13
litigare	13
localmente	13
lontane	13
lotteria	13
louis	13
lucido	13
lussemburgo	13
l’accoglienza	13
l’ad	13
l’albero	13
l’assessora	13
l’assunzione	13
l’atto	13
l’entusiasmo	13
l’errore	13
l’esecutivo	13
l’esecuzione	13
l’esibizione	13
l’esordio	13
l’essere	13
l’onda	13
l’opinionista	13
l’udienza	13
maestà	13
magistrale	13
malissimo	13
mansioni	13
manzoni	13
marì	13
mascherato	13
massaggio	13
massara	13
mediatica	13
medievale	13
mele	13
meraviglie	13
mettermi	13
michel	13
microfono	13
mike	13
milazzo	13
milenkovic	13
miracoli	13
modesto	13
momentaneamente	13
montaggio	13
morso	13
motociclista	13
mutazioni	13
n'è	13
nanopress	13
nascondono	13
nell’acqua	13
nell’altro	13
nell’isola	13
nell’ordine	13
nell’ottica	13
nell’ottobre	13
nobili	13
nominata	13
novosti	13
nuvolosità	13
oceani	13
odore	13
office	13
olanda	13
olona	13
oltretutto	13
opposizioni	13
opposte	13
organismo	13
ospedaliera	13
ospedalizzati	13
ossigeno	13
ottava	13
outdoor	13
palestina	13
palinsesto	13
pallacanestro	13
panchine	13
papi	13
paralisi	13
pareti	13
partecipazioni	13
partenze	13
passerella	13
pattinaggio	13
pazzesco	13
peli	13
penitenziari	13
pentito	13
penultima	13
percepito	13
percorrendo	13
perez	13
personal	13
pessimo	13
pianificare	13
pictures	13
pieghevole	13
pinto	13
pirelli	13
plan	13
plug-in	13
pneumatici	13
pochino	13
poeta	13
porterebbe	13
porteremo	13
posizionate	13
poster	13
potevamo	13
potrò	13
pre-covid	13
precede	13
preghiere	13
prelevare	13
premessa	13
premiazione	13
preoccupare	13
presidenziali	13
presta	13
prestigiosa	13
prestigioso	13
prevalente	13
privi	13
proclamazione	13
prorogato	13
provate	13
proventi	13
psicologa	13
psicologo	13
pulizie	13
punk	13
qualifica	13
qualificati	13
quest’estate	13
raccomanda	13
race	13
rallentato	13
rappresentate	13
ray	13
realismo	13
realme	13
rebecca	13
recupera	13
recuperata	13
registrando	13
research	13
restiamo	13
restituisce	13
restituito	13
rfi	13
riaperta	13
ribelle	13
ricade	13
ricezione	13
richard	13
richiami	13
riciclaggio	13
riconosco	13
ricordarlo	13
ricorsi	13
rieletto	13
rieti	13
rigassificatore	13
rilancia	13
rimase	13
rimettersi	13
ringraziamo	13
rinnovamento	13
ripartizione	13
ripetutamente	13
riportando	13
rischierebbe	13
riscontri	13
riscosso	13
risolti	13
risparmiato	13
rispondono	13
ritratti	13
ritroviamo	13
rivelerà	13
road	13
rovigo	13
rughe	13
ryanair	13
sabatini	13
sacchetto	13
sacra	13
salvi	13
saman	13
samantha	13
sandra	13
sanna	13
sappia	13
sbarcare	13
scadenze	13
scaduto	13
scagliato	13
scali	13
scambiare	13
scappa	13
scarsi	13
scatena	13
scegliendo	13
scenderà	13
scherzando	13
school	13
scintilla	13
scocca	13
scogliera	13
sconforto	13
scontare	13
sconvolgente	13
scotti	13
scultura	13
sea	13
security	13
segreta	13
sensuale	13
separatisti	13
serali	13
serviva	13
sfruttato	13
sigaretta	13
simpatia	13
sindacalista	13
smalto	13
snapdragon	13
soft	13
solite	13
sorrisi	13
sospesa	13
sospesi	13
sospetta	13
sostenute	13
sottratto	13
spal	13
spavento	13
spaziano	13
speculazione	13
spenta	13
sposta	13
stalking	13
statistica	13
stoltenberg	13
stomaco	13
strati	13
subendo	13
suggestiva	13
sull’argomento	13
supervisione	13
surreale	13
swift	13
sè	13
tacco	13
tacere	13
tagliate	13
tatuaggio	13
tavole	13
telefonino	13
telematica	13
temo	13
temuto	13
tendenzialmente	13
tener	13
teneva	13
tenga	13
teniamo	13
terna	13
terrificante	13
teso	13
testimoniare	13
thriller	13
tilt	13
tinta	13
tonali	13
tony	13
toronto	13
torrente	13
toyota	13
tracciare	13
traghetto	13
transazione	13
trattarsi	13
tredici	13
triangolo	13
tristi	13
troverai	13
tuchel	13
tunisia	13
unanime	13
universe	13
un’economia	13
un’età	13
valenza	13
varesotto	13
velivolo	13
velocizzare	13
vent'anni	13
verificate	13
verosimilmente	13
versatilità	13
vetri	13
vicepremier	13
vieni	13
vigenti	13
viktor	13
vinti	13
violentemente	13
visioni	13
volatilità	13
volato	13
voucher	13
wanda	13
will	13
wimbledon	13
zanetti	13
ª	13
abbiate	12
abbraccia	12
abile	12
abitativa	12
abitato	12
accattivante	12
accelerato	12
accettata	12
accogliente	12
accoglierà	12
accrescere	12
acuta	12
adam	12
adempimenti	12
adora	12
adriatica	12
adriatico	12
adulta	12
affette	12
aggravate	12
aggressivi	12
agiscono	12
agitazione	12
aiutarla	12
aiutarli	12
alimentati	12
all'esterno	12
all'ingresso	12
all’agricoltura	12
all’estate	12
all’istituto	12
all’orizzonte	12
alternativi	12
alterneranno	12
ambasciatori	12
amori	12
amrabat	12
analytics	12
andrei	12
animati	12
antincendio	12
aperture	12
applauso	12
appoggiato	12
apposito	12
apprendimento	12
appresta	12
approdo	12
appropriato	12
archivi	12
ardente	12
ariston	12
artigianali	12
ascesa	12
asciutto	12
assaggio	12
assassino	12
assicurativa	12
assistiamo	12
association	12
assolto	12
aston	12
atmosfera	12
attraversare	12
aumenteranno	12
auspicio	12
austriaco	12
aventi	12
avvengono	12
avvenimenti	12
avvicinando	12
avvincente	12
avvolta	12
ba	12
balla	12
baltico	12
bancari	12
bande	12
barbera	12
barche	12
barile	12
basati	12
bastava	12
basteranno	12
basterebbe	12
battenti	12
benvenuti	12
berardi	12
biciclette	12
biglietteria	12
boccia	12
bocciata	12
bombardato	12
bonaventura	12
brivido	12
brutti	12
buds	12
buongiorno	12
cambiati	12
camerun	12
camminata	12
camper	12
cantina	12
capiscono	12
capitaneria	12
capite	12
capri	12
cartella	12
cascina	12
catasto	12
celebrata	12
centomila	12
centrare	12
cercavano	12
cercherò	12
cerchia	12
certificata	12
charlie	12
chiodo	12
chiosato	12
chitarrista	12
cinematografiche	12
cinghiale	12
circola	12
circondano	12
circondariale	12
circostante	12
cittadella	12
clausola	12
climate	12
coinquilini	12
colleghe	12
colposo	12
coltivare	12
combina	12
comparire	12
competere	12
complicati	12
complicazioni	12
comportano	12
comunemente	12
concede	12
concentrando	12
concentrarci	12
concentrata	12
concretamente	12
concretezza	12
conforto	12
confuso	12
conoscevo	12
consecutivi	12
constatato	12
conteggio	12
continuava	12
continuerò	12
contorni	12
convincerlo	12
coperture	12
coraggioso	12
corale	12
correggere	12
correzione	12
coscia	12
cosciente	12
costanti	12
costantino	12
costosi	12
costruisce	12
coupon	12
creme	12
crisanti	12
cristian	12
criterio	12
crociere	12
crolla	12
cugino	12
curriculum	12
d'appello	12
d'uso	12
dall'ucraina	12
dall’attuale	12
dall’università	12
dappertutto	12
daremo	12
darne	12
decedute	12
decisionale	12
decisive	12
definendo	12
degenti	12
dell'amministrazione	12
dell'attività	12
dell'esercito	12
dell'operazione	12
dell'ultima	12
dell’alleanza	12
dell’edificio	12
dell’immagine	12
dell’intelligence	12
dell’opposizione	12
deludente	12
dettagliato	12
diagnosticata	12
dialoghi	12
dichiarando	12
diffonde	12
dimenticati	12
dirige	12
dirigere	12
dirvi	12
dischetto	12
disoccupati	12
disperati	12
dispiacere	12
disposte	12
distanziamento	12
distingue	12
distrazione	12
distrutte	12
divieti	12
divinità	12
dlc	12
doloroso	12
donatella	12
dopotutto	12
down	12
download	12
dritta	12
dritto	12
d’aiuto	12
d’attesa	12
d’autore	12
d’estate	12
d’ingresso	12
d’inizio	12
d’occhio	12
d’origine	12
d’ufficio	12
d’uscita	12
eccezioni	12
ecosistemi	12
edilizia	12
educatori	12
effettivo	12
elementari	12
elettrodomestico	12
emilio	12
eredi	12
esatta	12
esperimento	12
esporre	12
esprimo	12
estere	12
estero	12
eurovision	12
evidenziando	12
evita	12
fantascienza	12
farvi	12
fattispecie	12
favorisce	12
federal	12
femmine	12
femminicidio	12
fermati	12
fermezza	12
feroce	12
ferrovie	12
fia	12
figc	12
figurano	12
fit	12
flat	12
flessibili	12
focolai	12
fold	12
foligno	12
followers	12
fossile	12
fotocamere	12
francamente	12
frangia	12
frazioni	12
frenata	12
frequentemente	12
ftse	12
ftx	12
fugge	12
fumata	12
gadget	12
galatasaray	12
gattuso	12
gel	12
gennaro	12
ghz	12
gimbe	12
giocatrici	12
giocava	12
giordano	12
giudicato	12
giudiziari	12
giunge	12
giustificata	12
goggia	12
grillini	12
grimaldi	12
guardi	12
hernandez	12
human	12
ia	12
id	12
ideata	12
identificate	12
idratante	12
idriche	12
ignorare	12
ikoné	12
iliad	12
immersiva	12
imparando	12
impediscono	12
impensabile	12
imperdibili	12
imporsi	12
incapacità	12
incidono	12
incomprensibile	12
incomprensioni	12
inconfondibile	12
incontrati	12
independent	12
indiano	12
individuo	12
infantile	12
infermiere	12
informarsi	12
infuriare	12
innovare	12
insediamenti	12
insediamento	12
inserendo	12
insider	12
integrità	12
intervengono	12
intuire	12
invasi	12
inviate	12
invidia	12
invio	12
invisibili	12
invitano	12
inviti	12
invitiamo	12
iren	12
ironizza	12
irregolari	12
isabella	12
ispira	12
jacobs	12
kelly	12
kramatorsk	12
l'agente	12
l'amministrazione	12
l'andamento	12
l'aquila	12
l'attesa	12
l'economia	12
l'elenco	12
l'ennesimo	12
l'occhio	12
l'organizzazione	12
l'udienza	12
lamiere	12
largamente	12
las	12
lasciarlo	12
lea	12
lepore	12
leucemia	12
lgbt	12
liberali	12
liberate	12
licenziamento	12
light	12
liscia	12
logan	12
logitech	12
londinese	12
lory	12
lotte	12
luminose	12
l’abito	12
l’album	12
l’alimentazione	12
l’argentina	12
l’assassino	12
l’aula	12
l’edificio	12
l’educazione	12
l’elicottero	12
l’entrata	12
l’esigenza	12
l’innovazione	12
l’occidente	12
l’orchestra	12
l’ordinanza	12
l’oro	12
l’ospite	12
l’una	12
l’è	12
macerata	12
mafioso	12
magnifica	12
mais	12
mali	12
malpensa	12
mancino	12
manifestano	12
manipolazione	12
manterrà	12
marciapiedi	12
marin	12
marittimo	12
marmolada	12
marsala	12
maschili	12
materna	12
matrice	12
medicine	12
memo	12
memorial	12
memorie	12
mentali	12
mentalmente	12
met	12
metal	12
meteorologiche	12
metterli	12
mettete	12
mg	12
middleton	12
migrazione	12
miguel	12
militanti	12
mirko	12
misurare	12
mite	12
mkhitaryan	12
mogli	12
montano	12
monumenti	12
morì	12
moschea	12
mou	12
muscolari	12
museum	12
nas	12
nascoste	12
nativi	12
nazista	12
nazzaro	12
ndrangheta	12
nebbia	12
nell'ospedale	12
nell’intervista	12
nervosismo	12
net	12
nette	12
newcastle	12
nikita	12
nina	12
noci	12
notturno	12
novak	12
novavax	12
nunzio	12
oda	12
offese	12
olbia	12
olivia	12
oneplus	12
operatoria	12
orban	12
ordinanza	12
organismi	12
organizzatore	12
originalità	12
orizzonte	12
oroscopo	12
ottengono	12
ottimisti	12
pacifica	12
pakistan	12
palese	12
parallelamente	12
parisi	12
parleremo	12
parrucchiere	12
partecipata	12
partenopeo	12
passiamo	12
pediatrica	12
pedina	12
pelosi	12
pen	12
penalità	12
permanenti	12
perquisito	12
perquisizioni	12
persecuzione	12
personalizzata	12
pesi	12
pettinelli	12
pianeti	12
pierluigi	12
plenaria	12
pokémon	12
polveri	12
pongono	12
porzioni	12
position	12
possedere	12
potabile	12
povere	12
pozzi	12
prada	12
praticato	12
predisposti	12
preoccupano	12
prescrizione	12
presidenziale	12
pressoché	12
prigioniero	12
produttrice	12
produttrici	12
progredire	12
promozioni	12
proporzione	12
prosciutto	12
protesi	12
provi	12
provino	12
provocata	12
provocazioni	12
pungente	12
puntualmente	12
qualificazioni	12
quarant’anni	12
quarte	12
quell'occasione	12
quell’occasione	12
raccordo	12
radar	12
raddoppiati	12
radiazioni	12
rafforza	12
raggiunte	12
rap	12
reciproca	12
refresh	12
regolari	12
remigi	12
reporter	12
repubbliche	12
resistenti	12
riapre	12
ribatte	12
ricatto	12
ricciarelli	12
ricorrente	12
ricreare	12
ridicolo	12
riducono	12
riempito	12
riesci	12
rifornimento	12
riguardava	12
riguarderà	12
rilanciato	12
rimarca	12
rimarcato	12
rimedi	12
rimessa	12
rincorsa	12
ripari	12
ripetuti	12
riportiamo	12
risalente	12
risalita	12
risente	12
rispettati	12
ristoratori	12
risulti	12
risveglia	12
rivelazioni	12
rivendicare	12
rivendicato	12
robin	12
rovescio	12
sacerdoti	12
sagittario	12
saldamente	12
salvarsi	12
santiago	12
sbarchi	12
sbattere	12
sblocca	12
scarti	12
scarto	12
scatenando	12
scavo	12
sceglierà	12
sceneggiatori	12
scenografia	12
scherzi	12
schierati	12
scoppia	12
scoprirlo	12
scovato	12
screen	12
sedersi	12
segnati	12
selvatica	12
semplificazione	12
separate	12
sere	12
sergei	12
services	12
settentrionali	12
sigle	12
significativamente	12
simeone	12
simulazione	12
sofferta	12
solenne	12
solleva	12
somministrazioni	12
sonic	12
sorrentino	12
sos	12
sostituiti	12
sottostante	12
sovietico	12
space	12
spartizione	12
spezzato	12
spia	12
spiego	12
spirale	12
splendide	12
spogliatoi	12
sports	12
spreco	12
stabilisce	12
staccato	12
stampo	12
stanchi	12
stanziamento	12
stanziati	12
stellato	12
stimoli	12
stock	12
studentesse	12
studia	12
suggerire	12
suggestivo	12
suicidi	12
suite	12
tabloid	12
tabù	12
tagliandi	12
tangibile	12
taormina	12
tel	12
telenovela	12
tempio	12
tempistica	12
tenda	12
tenerezza	12
tenerlo	12
tentata	12
teorie	12
terminate	12
terminati	12
texas	12
texture	12
tolleranza	12
tondo	12
torneremo	12
tornerò	12
torno	12
tosse	12
totalizzato	12
touch	12
tradito	12
transazioni	12
trasformazioni	12
trattandosi	12
trussardi	12
ultras	12
un'azienda	12
un'immagine	12
uniforme	12
un’ambulanza	12
un’impresa	12
urlo	12
vaccinate	12
valutati	12
vasi	12
vederli	12
venissero	12
verificando	12
versato	12
vesti	12
veto	12
videocamere	12
vietare	12
vigente	12
vignali	12
voice	12
volontariamente	12
warner	12
wwf	12
you	12
zelanda	12
zen	12
zingaretti	12
zlatan	12
zorzi	12
abbandonate	11
abbreviato	11
abuso	11
accademico	11
accelera	11
accelerazione	11
accessorio	11
accompagnerà	11
accontentarsi	11
accorgimenti	11
accorta	11
acerbi	11
acquario	11
acquisiti	11
acquistano	11
adesioni	11
adnkronos	11
adoro	11
adottando	11
affanno	11
affidare	11
affluenza	11
aggiornate	11
aggirare	11
aggiudicarsi	11
aggrediti	11
aifa	11
aires	11
aiutata	11
ala	11
albergatori	11
all'insegna	11
all'italia	11
all'ultima	11
allentamento	11
allertare	11
allevatori	11
all’alba	11
all’emergenza	11
all’esame	11
all’indirizzo	11
all’obbligo	11
alvaro	11
amedeo	11
amicizie	11
ammettendo	11
ammonito	11
animazione	11
animazioni	11
anne	11
annulla	11
ansa	11
antibiotici	11
antiviolenza	11
anziana	11
apparizione	11
appassionata	11
appositi	11
apposta	11
arbitrale	11
archivio	11
arianna	11
arisa	11
arrestate	11
asciutta	11
ascoltate	11
asili	11
aspettavamo	11
assicurarsi	11
associate	11
assorbire	11
atm	11
ats	11
attendeva	11
attivista	11
attrae	11
auditorium	11
autisti	11
automobile	11
automobilistiche	11
autonomamente	11
autonomi	11
autorizzazione	11
avevi	11
avezzano	11
avviando	11
azionario	11
bacheca	11
bagnanti	11
baia	11
bancaria	11
bancarie	11
banconote	11
barbieri	11
basic	11
be	11
bellezze	11
benchmark	11
bergamaschi	11
biancocelesti	11
biancorosso	11
bike	11
biografia	11
bivio	11
bleach	11
bloccando	11
blogger	11
bontà	11
braccetto	11
brent	11
brigata	11
buca	11
calcola	11
calorie	11
campano	11
cancellati	11
candele	11
canna	11
cappella	11
capricorno	11
cardiaca	11
carige	11
carlotta	11
carni	11
carrara	11
castellammare	11
casting	11
catanzaro	11
cedimento	11
centenario	11
cercavo	11
cerimonie	11
chernobyl	11
chiarimenti	11
chic	11
chilo	11
chimico	11
ciacci	11
ciclabili	11
cimentarsi	11
cinematografici	11
cinquemila	11
circuiti	11
codacons	11
collection	11
collettive	11
colorata	11
colorate	11
colorazioni	11
colpiscono	11
coltivati	11
combattono	11
combustione	11
comicità	11
commission	11
comode	11
compagne	11
compatti	11
compensare	11
comprensorio	11
concedersi	11
concentrate	11
conclusiva	11
condizionata	11
condizionato	11
confezionamento	11
conformità	11
congiunto	11
congressi	11
conoscenti	11
conquistata	11
consensus	11
considerano	11
consigliare	11
consolidato	11
contattata	11
contenenti	11
contesa	11
contestata	11
continenti	11
contribuente	11
contribuiscono	11
controllati	11
convegni	11
convenienti	11
convergenza	11
cooperative	11
cop	11
corredo	11
costringendo	11
creative	11
credenziali	11
crotone	11
cruciali	11
cucciolo	11
curante	11
cute	11
dall’estero	11
ddl	11
dead	11
decidendo	11
decoder	11
delegazioni	11
dell'ambiente	11
dell'incidente	11
dell’accaduto	11
dell’app	11
dell’ateneo	11
dell’est	11
dell’occupazione	11
demolizione	11
denunciate	11
deroga	11
descrivono	11
destinatari	11
detriti	11
dichiarate	11
diffidenza	11
diminuita	11
diramato	11
dirci	11
direttiva	11
disappunto	11
discapito	11
discriminazioni	11
distaccamento	11
distribuite	11
diverte	11
documentato	11
dog	11
dolby	11
dolomiti	11
doria	11
dow	11
downing	11
drastico	11
dress	11
drive	11
durano	11
d’assalto	11
d’imposta	11
ebraica	11
edge	11
effettuando	11
elaborata	11
elencato	11
elimina	11
eliminata	11
elisoccorso	11
emendamenti	11
emerito	11
emily	11
entry	11
equipaggi	11
equipaggio	11
equivalenti	11
equo	11
ereditato	11
esaminato	11
esequie	11
esigenza	11
esistano	11
esitato	11
esordisce	11
esplosa	11
espressamente	11
esteticamente	11
estonia	11
estrarre	11
eterno	11
europe	11
evacuare	11
evacuazione	11
evoca	11
executive	11
export	11
extravergine	11
face	11
facente	11
falli	11
fallimenti	11
falsità	11
fantastici	11
farsa	11
faticoso	11
fazio	11
felicissimo	11
fermarlo	11
fermiamo	11
fertilizzanti	11
fieri	11
finalizzata	11
finanziata	11
firmate	11
fitta	11
fogli	11
forever	11
formativi	11
fratoianni	11
frecciata	11
freddi	11
frega	11
freni	11
fulvio	11
fund	11
gal	11
galli	11
gareggiare	11
gazprom	11
generation	11
generosa	11
gentilezza	11
getta	11
giga	11
gigantesco	11
giocheranno	11
giorgi	11
giornalistica	11
girando	11
giuridico	11
gocce	11
godendo	11
good	11
gori	11
gosens	11
gospel	11
gradita	11
grafici	11
gregoraci	11
grembo	11
grifone	11
guardian	11
gucci	11
guest	11
guterres	11
hamas	11
harris	11
haters	11
hdr	11
icone	11
iconica	11
identico	11
identificata	11
idrogeno	11
iene	11
illuminare	11
immaginario	11
immergersi	11
implementare	11
inarrestabile	11
incrementi	11
incrociato	11
indebolire	11
indirizzi	11
infette	11
informare	11
infortunati	11
infrastruttura	11
ingiustizie	11
innegabile	11
innovation	11
innovazioni	11
inquilini	11
insistito	11
instabilità	11
intellettuali	11
intenzionata	11
interfaccia	11
interlocutori	11
interrogativo	11
intrapresa	11
introdotti	11
invasori	11
invertire	11
investita	11
investiti	11
involontariamente	11
irraggiungibile	11
iscritte	11
isolati	11
ispirare	11
ispirati	11
istituzione	11
italo	11
jane	11
journal	11
kardashian	11
kiss	11
l'applicazione	11
l'arbitro	11
l'articolo	11
l'assemblea	11
l'esperto	11
l'evacuazione	11
l'eventuale	11
l'olandese	11
l'udinese	11
lamentano	11
lamentele	11
lanciando	11
larghezza	11
lda	11
lecito	11
leggendario	11
leggiamo	11
legittime	11
lesione	11
lettonia	11
lia	11
lidl	11
ligt	11
lilli	11
limitano	11
linda	11
litigi	11
lodi	11
lucro	11
lukashenko	11
l’abruzzo	11
l’aeroporto	11
l’agenda	11
l’alleanza	11
l’allerta	11
l’allora	11
l’argomento	11
l’ascolto	11
l’assegno	11
l’esponente	11
l’imminente	11
l’incarico	11
l’infezione	11
l’insegnante	11
l’invio	11
l’ombra	11
l’ottimo	11
macchinari	11
mago	11
mainstream	11
malata	11
marassi	11
mariani	11
market	11
marmi	11
marocchina	11
mary	11
mate	11
maturazione	11
maturo	11
mazza	11
medvedev	11
mef	11
menzione	11
merenda	11
messaggero	11
messicano	11
mestieri	11
mestre	11
microonde	11
minoranze	11
minsk	11
mischia	11
misurazione	11
molla	11
molo	11
monito	11
monitorato	11
mons	11
motorola	11
mr	11
multimediali	11
multinazionale	11
multiplayer	11
municipalità	11
musso	11
muti	11
nancy	11
narra	11
naruto	11
nascite	11
nascondendo	11
nell’agosto	11
nell’ambiente	11
neonata	11
neonati	11
neonato	11
nevicate	11
nicholas	11
norvegese	11
nottata	11
novara	11
obama	11
obbliga	11
occorrerà	11
occorrono	11
olandesi	11
opinionisti	11
oppone	11
opporsi	11
opposti	11
oracle	11
ordinarie	11
organizzativo	11
organo	11
orme	11
ospitano	11
ottenuta	11
pagata	11
palazzetto	11
palermitani	11
palinsesti	11
pancreas	11
panno	11
panther	11
paradosso	11
paragonabile	11
paragrafo	11
paredes	11
parker	11
parterre	11
pazzo	11
pe	11
pedoni	11
pellicole	11
pelé	11
pensarci	11
pensati	11
perdersi	11
performer	11
pericoli	11
permetta	11
personalizzare	11
personalizzati	11
petizione	11
phishing	11
pianure	11
piazzetta	11
picchiato	11
pimple	11
pink	11
pittore	11
politano	11
porno	11
portatori	11
portieri	11
possibilmente	11
poterci	11
potessi	11
preavviso	11
predatori	11
prego	11
prenderanno	11
pretende	11
primissimo	11
professioni	11
proficua	11
progettati	11
progettuale	11
programmate	11
progressiva	11
proiettato	11
prolungamento	11
proponiamo	11
proporrà	11
prosecuzione	11
proseguendo	11
provider	11
psicofisico	11
psicologia	11
pubblicano	11
pubblicitari	11
pubblicitaria	11
punterà	11
qualifiche	11
que	11
quell’anno	11
quesiti	11
quesito	11
quest	11
raccolgono	11
raccontiamo	11
raddoppiata	11
rafael	11
rafforzata	11
raffreddare	11
raffreddore	11
rame	11
rami	11
razzisti	11
razzo	11
recep	11
reciproco	11
redini	11
regata	11
regge	11
registrarsi	11
regna	11
reperire	11
reperti	11
respingere	11
respiratorie	11
retina	11
retrocessione	11
retromarcia	11
revoca	11
ribadendo	11
riccione	11
ricercato	11
ricevono	11
ricevute	11
richiamano	11
riconoscono	11
ridare	11
riequilibrio	11
rilassante	11
rilassarsi	11
rinascere	11
rintracciato	11
rinviare	11
ripartiti	11
riportarlo	11
riposare	11
riprendendo	11
ripropone	11
risalenti	11
rispettando	11
rispondo	11
ritornata	11
riunisce	11
rivedremo	11
rocce	11
rodrigo	11
roman	11
room	11
ruiz	11
russell	11
safety	11
saint	11
salariale	11
salemi	11
salterà	11
salvata	11
sam	11
santos	11
sapienza	11
sardi	11
satellite	11
savino	11
sbagliati	11
scade	11
scalata	11
scambiati	11
scandito	11
scavare	11
sciolto	11
scomoda	11
scopriremo	11
scosso	11
scriveva	11
scrutinio	11
scuola-lavoro	11
season	11
seattle	11
secondogenita	11
segnano	11
seguaci	11
semplificata	11
senegal	11
separata	11
sequestri	11
serbatoio	11
serenamente	11
sfidare	11
sfidarsi	11
sfilate	11
sfiorato	11
sguardi	11
shakira	11
siero	11
signori	11
silhouette	11
simulatore	11
sindaca	11
siracusano	11
situati	11
smarrimento	11
soccorrere	11
soccorsa	11
socialisti	11
sodalizio	11
soglie	11
sognato	11
solitaria	11
sollecitato	11
sorpresi	11
sospettato	11
sosteniamo	11
sottoscrizione	11
sparire	11
spensieratezza	11
speravo	11
spettacolari	11
spider-man	11
spieghiamo	11
sponde	11
sporca	11
spray	11
stabilizzazione	11
starebbero	11
start	11
steve	11
stimolante	11
striscioni	11
strutturato	11
subentra	11
sufficientemente	11
s’è	11
tacchi	11
tantomeno	11
tatuaggi	11
tayyip	11
telecomunicazioni	11
televisori	11
temeva	11
temptation	11
tenete	11
tentazione	11
testamento	11
testati	11
teste	11
testimonial	11
testimoniano	11
ticinese	11
tieni	11
tipicamente	11
tir	11
token	11
tornate	11
tpl	11
tradizionalmente	11
tragedie	11
trampolino	11
trascinare	11
trasformarsi	11
travolgente	11
tridente	11
trimestrale	11
triplice	11
trovarlo	11
truffatori	11
ugo	11
ukrinform	11
ultimate	11
umide	11
un'indagine	11
un'iniziativa	11
unicità	11
un’abitazione	11
un’ampia	11
un’associazione	11
un’emergenza	11
un’estate	11
urban	11
urgentemente	11
usarlo	11
uscirne	11
usciva	11
utilizzabile	11
vales	11
veder	11
vedersela	11
vedrai	11
venditore	11
ventenni	11
ventesimo	11
verbali	11
verdetto	11
verificata	11
versace	11
versi	11
vestita	11
vicolo	11
vidal	11
videochiamata	11
vige	11
vincita	11
vinte	11
virtual	11
vis	11
visitabile	11
visualizzazioni	11
vr	11
vulcano	11
williams	11
with	11
xavi	11
young	11
youtuber	11
zaia	11
zar	11
zelig	11
zodiaco	11
à	11
aaron	10
abbassa	10
abitante	10
abitudine	10
acacias	10
accede	10
accenna	10
accertate	10
accolgono	10
accontentare	10
accumulo	10
acquaroli	10
aderente	10
aderisce	10
adottati	10
affianca	10
affrontate	10
africani	10
agenas	10
aggressive	10
aggressività	10
agguato	10
agonistica	10
agroalimentare	10
alcoliche	10
algoritmi	10
alighieri	10
all'altro	10
all'andata	10
all'attacco	10
all'università	10
allarmante	10
allestimento	10
allevamento	10
alliance	10
allontanamento	10
allontanata	10
all’ars	10
all’asta	10
all’attacco	10
all’attuale	10
all’economia	10
all’innovazione	10
all’inter	10
all’unione	10
all’utilizzo	10
alzata	10
amaro	10
ambiziosi	10
amnesty	10
amorosa	10
ampliamento	10
an	10
analizzati	10
anch’essa	10
andasse	10
anidride	10
animare	10
animi	10
anzitutto	10
apparecchi	10
applicati	10
approcci	10
approfittarne	10
approvati	10
archeologici	10
arcivescovo	10
armamenti	10
arrestare	10
arricchisce	10
arrivino	10
artigiano	10
artist	10
ascoltata	10
ascoltati	10
asd	10
assaggiare	10
assago	10
assalto	10
assembramenti	10
assicurano	10
assicurati	10
assisi	10
assoluti	10
assomiglia	10
astronauti	10
attraversano	10
attrezzata	10
attribuito	10
augurare	10
autorizzata	10
autostradali	10
autoveicoli	10
autunnale	10
avresti	10
avvenga	10
avvenne	10
avvertimento	10
avvicinati	10
azionari	10
azionista	10
azov	10
balletto	10
balmoral	10
bancarelle	10
bancomat	10
bancone	10
banditi	10
bara	10
baseball	10
battente	10
batterio	10
befana	10
belluno	10
benzema	10
biagiarelli	10
biancoblù	10
biblioteche	10
bicarbonato	10
bilanciamento	10
binario	10
biondo	10
bisognava	10
bisognosi	10
bocciatura	10
bocconi	10
bolle	10
book	10
bottega	10
briatore	10
browser	10
brucia	10
bt	10
buenos	10
bufala	10
buffon	10
bui	10
burocratico	10
caf	10
camminando	10
campani	10
canestro	10
cantando	10
capannoni	10
capello	10
capillare	10
capisci	10
capocannoniere	10
cappelli	10
capsule	10
caputo	10
carità	10
cartelli	10
casacca	10
cascio	10
caselle	10
casetta	10
casino	10
cassaforte	10
cassonetti	10
castagne	10
cattiveria	10
catturati	10
cave	10
celebrano	10
centralità	10
centro-sud	10
ceresio	10
certifica	10
charlene	10
chiamò	10
chiedermi	10
chiosco	10
chirurgici	10
chiudersi	10
chrome	10
cinquestelle	10
cinzia	10
cio	10
cipollari	10
circoscrizione	10
citate	10
citazione	10
civitavecchia	10
class	10
clemente	10
clinici	10
codegoni	10
collegarsi	10
colloca	10
colluttazione	10
combinazioni	10
combo	10
cominciamo	10
cominciò	10
commercializzazione	10
commessa	10
competitor	10
complementare	10
completano	10
comporterà	10
composizioni	10
composte	10
comunicarlo	10
conad	10
concentrazioni	10
concittadini	10
condividendo	10
conduttori	10
confortevole	10
congiunti	10
congratulazioni	10
connessa	10
consentirebbe	10
conserva	10
conservatori	10
consigliano	10
consolato	10
consulenze	10
consumano	10
consumati	10
contemporanee	10
contendersi	10
contenute	10
contestati	10
contrastanti	10
control	10
convento	10
conversione	10
convincono	10
coppola	10
copyright	10
correlazione	10
corrispettivo	10
cosmetici	10
creativi	10
croata	10
crudele	10
crypto	10
cucine	10
curate	10
curiosa	10
custodire	10
dacia	10
dall'italia	10
dall’arrivo	10
dall’aumento	10
dall’interno	10
dall’istituto	10
dall’ultimo	10
danneggiamento	10
danneggiata	10
danneggiate	10
danneggiati	10
danze	10
darvi	10
davano	10
dax	10
deal	10
debolezze	10
debutta	10
decadenza	10
definiscono	10
definitive	10
degustazione	10
degustazioni	10
deleghe	10
delfini	10
delfino	10
delinquere	10
dell'aggressione	10
dell'attore	10
dell'istruzione	10
dell'omicidio	10
dell’accademia	10
dell’accordo	10
dell’alta	10
dell’altra	10
dell’ecosistema	10
dell’età	10
dell’inaugurazione	10
dell’incendio	10
delusa	10
delusioni	10
denominato	10
denso	10
denunciata	10
deroghe	10
desiderata	10
deterioramento	10
dettata	10
dette	10
devastata	10
devoluto	10
diagnostica	10
dicastero	10
diffondersi	10
dipartimenti	10
dipinti	10
direbbe	10
dirgli	10
disarmo	10
discografico	10
dispongono	10
distinti	10
distretti	10
distribuita	10
diversificazione	10
dolcezza	10
domare	10
donati	10
dorme	10
dosso	10
dot	10
douglas	10
dovrei	10
dov’è	10
drago	10
drammi	10
duraturo	10
d’angolo	10
d’interesse	10
d’intesa	10
eccome	10
ecologiche	10
educare	10
elaborate	10
emettere	10
emotivamente	10
emozionata	10
ennesimo	10
erogare	10
esalta	10
esaurimento	10
esca	10
escludono	10
escluse	10
eseguite	10
esilarante	10
espandersi	10
esperimenti	10
esperta	10
esperte	10
esplosione	10
esplosivi	10
espressi	10
esprimendo	10
esserne	10
estensione	10
ettore	10
evacuate	10
evacuati	10
fabbriche	10
fantasmi	10
farina	10
fattibile	10
fecero	10
feci	10
federazioni	10
federcalcio	10
femmina	10
ferrovia	10
fette	10
final	10
finalizzati	10
fintech	10
fiorano	10
firmati	10
flirt	10
foce	10
foer	10
folk	10
folta	10
formali	10
fox	10
frammenti	10
frammento	10
frangente	10
fresche	10
funzionante	10
fvg	10
gabinetto	10
gag	10
garmin	10
gelo	10
generazionale	10
geografiche	10
gestite	10
gestiva	10
giada	10
gialli	10
giannini	10
giudicate	10
giuridica	10
giustificato	10
giusy	10
god	10
golf	10
gonna	10
governativi	10
gradino	10
grafiche	10
greca	10
grotta	10
guaccero	10
guardaroba	10
guasto	10
gun	10
ham	10
happy	10
hobby	10
honduras	10
ibrida	10
ibride	10
ictus	10
idem	10
idrocarburi	10
igiene	10
illecito	10
illegalmente	10
illuminato	10
immortalare	10
immunitaria	10
impongono	10
impressionanti	10
imprimere	10
impronta	10
imputato	10
inaugurale	10
incertezze	10
incessante	10
inchieste	10
incide	10
inclusivo	10
incontrarsi	10
incoraggia	10
incoraggianti	10
indennità	10
indetto	10
indicate	10
indicatore	10
indifferenza	10
indimenticabili	10
indirettamente	10
indossando	10
indotto	10
inevitabili	10
inferno	10
informativa	10
ingegneri	10
ingente	10
inserirsi	10
inspiegabile	10
integra	10
intensificato	10
interessarti	10
intermediari	10
interpretazioni	10
interrompe	10
interverranno	10
intrattenere	10
introducendo	10
intuitivo	10
inversione	10
investigativo	10
irlandese	10
ironica	10
isabel	10
islamica	10
isolate	10
ispezione	10
iss	10
istante	10
itinerario	10
jacopo	10
jeff	10
jobs	10
jonathan	10
josep	10
jr	10
kids	10
kvaratskhelia	10
l'abito	10
l'appello	10
l'assalto	10
l'atmosfera	10
l'autore	10
l'avrebbe	10
l'errore	10
l'esito	10
l'esposizione	10
l'imprenditore	10
l'intelligence	10
l'intero	10
l'invito	10
l'omicidio	10
lagarde	10
lanciarsi	10
lasci	10
lasciava	10
lavaggio	10
lavoreremo	10
legalmente	10
legislativo	10
legnano	10
librerie	10
licenziamenti	10
linguistica	10
lisbona	10
livornese	10
locandina	10
locarno	10
logiche	10
logico	10
lolita	10
lorella	10
lucchese	10
lucrezia	10
ludovica	10
lufthansa	10
lâ	10
l’abbigliamento	10
l’abitazione	10
l’accaduto	10
l’aereo	10
l’allenamento	10
l’ambizione	10
l’amica	10
l’animale	10
l’ansia	10
l’argentino	10
l’assalto	10
l’elettricità	10
l’entità	10
l’esatta	10
l’estrazione	10
l’etichetta	10
l’impennata	10
l’inchiesta	10
l’inclusione	10
l’inquinamento	10
l’integrazione	10
l’integrità	10
l’intelligenza	10
l’isolamento	10
l’oggetto	10
l’opzione	10
l’oroscopo	10
l’osservatorio	10
l’udinese	10
l’ungheria	10
l’universo	10
l’utile	10
mafie	10
magazzini	10
maggiorenni	10
malumore	10
mandando	10
manifatturiero	10
manifesto	10
mansione	10
mantenersi	10
mantengono	10
mantovani	10
marocchino	10
maroni	10
marzano	10
matt	10
maturare	10
meditazione	10
mendes	10
mensa	10
meravigliose	10
mercedesz	10
meret	10
meridionali	10
mescolare	10
messinesi	10
metalli	10
metropolitane	10
midollo	10
migliorarsi	10
migratori	10
milik	10
minerali	10
minute	10
miriana	10
missilistico	10
mod	10
mode	10
moderato	10
moderazione	10
moena	10
molinari	10
molisani	10
mollato	10
moltiplicano	10
momentaneo	10
mondadori	10
montana	10
montanari	10
mood	10
morbida	10
morsa	10
mostrate	10
mountain	10
mps	10
ms	10
muriel	10
muscolo	10
muso	10
nail	10
natalità	10
nba	10
negri	10
nell’abitazione	10
neutralità	10
niccolò	10
nielsen	10
night	10
nike	10
noia	10
nominare	10
north	10
notorietà	10
notturne	10
numeroso	10
occupazionali	10
odori	10
old	10
onana	10
onesti	10
onori	10
oraria	10
orbita	10
ordinanze	10
orfano	10
orientato	10
orizzontale	10
orsini	10
pablo	10
packaging	10
pad	10
padella	10
pagani	10
pagherà	10
pago	10
paillettes	10
panicucci	10
panini	10
paradossale	10
paradossalmente	10
parcheggiata	10
parcheggiate	10
pareri	10
parlavano	10
particelle	10
partorito	10
passò	10
patriarca	10
pavimenti	10
pedalata	10
peggiora	10
pellegrino	10
pentola	10
percorribile	10
periferiche	10
perlomeno	10
permane	10
permetterebbe	10
pero	10
personalizzazione	10
petrolifero	10
piantedosi	10
piazzato	10
pieghe	10
piemontesi	10
pinocchio	10
pippo	10
pirati	10
pitt	10
poli	10
politecnico	10
polpa	10
popper	10
portone	10
posizionati	10
possessori	10
possiate	10
potenze	10
poterla	10
potuta	10
powertrain	10
pozzo	10
precipitare	10
preferenza	10
pregiudicato	10
pregiudizio	10
pregliasco	10
premere	10
prenderlo	10
presupposto	10
pretesa	10
primaverili	10
processori	10
procurato	10
profit	10
profuso	10
programmatico	10
prolungare	10
prolungata	10
promo	10
promossi	10
pronunciata	10
proporzioni	10
propulsore	10
proseguiranno	10
prosperità	10
psi	10
psicologi	10
pub	10
puliti	10
pupone	10
purché	10
qr	10
quadrato	10
quagliarella	10
qualificata	10
quartier	10
quest’ottica	10
quorum	10
raccogliendo	10
radice	10
rafa	10
raffinata	10
ramos	10
raoul	10
rapallo	10
rapimento	10
rappresentativo	10
rassicurato	10
reca	10
recano	10
records	10
recuperati	10
reggiani	10
reggiano	10
regimi	10
rendo	10
repliche	10
reportage	10
reserve	10
ribellione	10
ricciardi	10
richiedente	10
richiedenti	10
riciclato	10
riconversione	10
ricopre	10
ricorre	10
ridicola	10
rientrata	10
rifacimento	10
rights	10
rilasciate	10
rimossi	10
rinascimento	10
ripercorre	10
ripetersi	10
ripetono	10
riposa	10
ripresi	10
riproposto	10
riprova	10
ris	10
risaputo	10
rischiando	10
riservatezza	10
risollevare	10
rispettano	10
rispetti	10
ristoro	10
ritirarsi	10
ritirata	10
ritirati	10
riunito	10
riuscivano	10
rivendita	10
rivisti	10
rivolgere	10
rockstar	10
romanzi	10
rotondo	10
rover	10
ruba	10
rubate	10
ruggeri	10
run	10
sabaudia	10
sabiri	10
sacchetti	10
sacrificare	10
saggezza	10
salisburgo	10
samuel	10
sancito	10
santoro	10
sant’antonio	10
sapevi	10
saprei	10
saprete	10
satellitare	10
savoia	10
scappata	10
scarica	10
scarso	10
scegliete	10
scempio	10
scherma	10
scherza	10
schiaffo	10
schieramento	10
schierare	10
science	10
scivolare	10
sconosciute	10
sconosciuti	10
sconvolta	10
score	10
scuri	10
secret	10
selezionate	10
semifinali	10
seminario	10
senegalese	10
sentiment	10
sentivano	10
separatamente	10
separato	10
serbatoi	10
serpenti	10
servirebbe	10
sfideranno	10
sfondato	10
sgarbi	10
shampoo	10
sharing	10
siccome	10
siede	10
simbolicamente	10
simon	10
simonetta	10
sincero	10
sinora	10
sipario	10
slovacco	10
smentire	10
smette	10
sneakers	10
soffrendo	10
sognava	10
sollevare	10
sommozzatori	10
sopperire	10
sopravvento	10
sopravvissuti	10
soprintendenza	10
soraia	10
sorgenti	10
sorprendenti	10
sorridente	10
sorteggio	10
sospiro	10
sotterraneo	10
sottoporre	10
sottoposte	10
spagnole	10
sparito	10
sparso	10
spaventosa	10
spazia	10
specificare	10
speculazioni	10
sperati	10
spiazzato	10
spiccata	10
spin-off	10
sposi	10
spostando	10
sprechi	10
spugna	10
squalificati	10
stabia	10
stabiliti	10
stasi	10
statistico	10
stazionarie	10
stereotipi	10
stigma	10
stilato	10
storage	10
stranger	10
straziante	10
subita	10
suggeriamo	10
suggerimento	10
sull'isola	10
summit	10
suonato	10
superati	10
supereroe	10
supplementare	10
supportati	10
susseguono	10
svelando	10
svizzere	10
tab	10
tabacco	10
tarantino	10
tavolino	10
tb	10
teheran	10
telecomando	10
telemedicina	10
tenacia	10
tenera	10
tenutosi	10
ter	10
terence	10
terminal	10
termovalorizzatore	10
terrestri	10
tesori	10
thiago	10
things	10
tifoseria	10
timvision	10
tirata	10
tiziana	10
tocchi	10
togliersi	10
tormentone	10
torres	10
tosi	10
toto	10
tracciabilità	10
track	10
trading	10
tradurre	10
traiettoria	10
traino	10
trascorsa	10
trasformando	10
trasformati	10
trattate	10
trattenuto	10
trazione	10
trendy	10
trent'anni	10
troveremo	10
trust	10
udienze	10
umore	10
un'opportunità	10
unesco	10
ungherese	10
universitarie	10
universo	10
un’aggressione	10
un’amica	10
un’edizione	10
un’enorme	10
un’eventuale	10
un’ipotesi	10
un’isola	10
update	10
urso	10
usb-c	10
valley	10
valutate	10
valute	10
vanity	10
vantare	10
vanto	10
vaporidis	10
vedrete	10
vegas	10
vegeta	10
veleno	10
veneta	10
veneti	10
ventenne	10
versa	10
veti	10
viaggiano	10
vicinissimo	10
vide	10
videocamera	10
videoclip	10
vieta	10
vietnam	10
viminale	10
vipponi	10
visiva	10
vivaci	10
volerci	10
volutamente	10
voluti	10
webb	10
xxiii	10
zaino	10
zanzare	10
zecca	10
zoom	10
zucca	10
abbassato	9
abbattimento	9
abbattuta	9
abbinamenti	9
abbondante	9
abe	9
abituali	9
abramovich	9
abusato	9
abusiva	9
ac	9
accadono	9
accetterà	9
accetto	9
accidentalmente	9
accompagnamento	9
accompagneranno	9
accorciare	9
accurato	9
ace	9
acquirente	9
acquisita	9
adattano	9
adolfo	9
adrien	9
affacciato	9
affaticamento	9
affiancata	9
affidano	9
affronteranno	9
agevole	9
agevolmente	9
aggiungeranno	9
aggiunte	9
aggiustare	9
agitato	9
agriturismi	9
airways	9
ajax	9
albania	9
alfieri	9
alias	9
alisa	9
all'europa	9
all'olimpico	9
all'orizzonte	9
allertati	9
allestire	9
allontanati	9
alluvione	9
all’andata	9
all’aquila	9
all’arte	9
all’attività	9
all’azione	9
all’europa	9
all’idea	9
all’intervento	9
all’occorrenza	9
all’ombra	9
all’opposizione	9
all’ufficio	9
all’uscita	9
alonso	9
alpina	9
ambasciatore	9
amplia	9
anastasia	9
anch'io	9
anch’io	9
andar	9
aneddoti	9
aneddoto	9
anomalie	9
anonimi	9
appennino	9
appeso	9
appoggia	9
appoggiare	9
apportare	9
approdato	9
approfonditi	9
approva	9
arabo	9
arbitri	9
archiviata	9
arcuri	9
arrabbiati	9
arredo	9
arrende	9
arturo	9
assegnata	9
assegni	9
assicurazione	9
assumendo	9
assumono	9
assunzione	9
atrocità	9
attendibili	9
atterraggio	9
atterrare	9
attitudine	9
attivate	9
attribuire	9
attuato	9
auge	9
austriaca	9
autentica	9
automotive	9
autorizzate	9
autorizzazioni	9
avengers	9
averci	9
aviv	9
avvertire	9
avvertita	9
avviati	9
avvicinata	9
avvisa	9
backstage	9
banali	9
bano	9
basile	9
bastianini	9
batosta	9
battaglione	9
baviera	9
beato	9
bellita	9
benefiche	9
benfica	9
bersani	9
bevuto	9
bianconere	9
bieber	9
bin	9
binomio	9
biraghi	9
blazer	9
blood	9
boeing	9
bollino	9
bon	9
bonifico	9
borussia	9
branco	9
brevissimo	9
briefing	9
british	9
broker	9
brunori	9
buccia	9
bunker	9
buonissima	9
burocratici	9
cabaret	9
cacciato	9
cadendo	9
cadenza	9
calamità	9
calcetto	9
calcolati	9
cali	9
cammina	9
cancella	9
cancellazioni	9
cannes	9
cannizzaro	9
cantano	9
capiamo	9
capigruppo	9
cappuccio	9
capsula	9
caratteri	9
caratterizzati	9
cardine	9
carini	9
carisma	9
carnagione	9
carol	9
carpi	9
cartabia	9
cartelle	9
caruso	9
cateno	9
cattaneo	9
cava	9
cavour	9
celeste	9
change	9
check	9
cherubini	9
chiederà	9
chiellini	9
chillemi	9
chilogrammi	9
chimici	9
chiosa	9
chiuderla	9
cinecittà	9
cinquecento	9
cinta	9
ciotola	9
cipro	9
circolari	9
civiche	9
classificate	9
clinico	9
clizia	9
cluster	9
cmq	9
cocente	9
coetanei	9
collaterale	9
collezionato	9
collezionisti	9
colorado	9
colosseo	9
com'è	9
combattente	9
combattuta	9
cominciando	9
coming	9
commerciante	9
commonwealth	9
commossa	9
comoda	9
compassione	9
compattezza	9
compimento	9
complessive	9
complicanze	9
comunicata	9
comunicate	9
concepito	9
concessi	9
concezione	9
condizionale	9
condono	9
condurrà	9
conferimento	9
conferito	9
confessionale	9
confesso	9
confezioni	9
configurazioni	9
confrontare	9
confrontato	9
congelato	9
connazionali	9
conoscendo	9
conquistano	9
consegnate	9
consentita	9
consob	9
consolidamento	9
consultazioni	9
contaminazione	9
content	9
continentale	9
contorno	9
contrapposizione	9
contrattacco	9
contromano	9
controvalore	9
convivono	9
copasir	9
coraggiosa	9
corda	9
correndo	9
corridori	9
corrispondenti	9
cortometraggio	9
cosenza	9
cosimo	9
costiero	9
costituente	9
costituita	9
costringere	9
coupé	9
cravatta	9
crew	9
cristiani	9
crollato	9
cronista	9
cronologia	9
crudo	9
cuba	9
culla	9
cuoco	9
curati	9
d'arte	9
d'azione	9
d'occhio	9
d'ora	9
dall'alto	9
dall’abitazione	9
dall’assessore	9
dall’esterno	9
dall’ospedale	9
dame	9
days	9
debutterà	9
decidesse	9
decisivi	9
defunto	9
delicatezza	9
delineato	9
delitti	9
dell'abitazione	9
dell'allenatore	9
dell'arrivo	9
dell'arte	9
dell'articolo	9
dell'assemblea	9
dell'attaccante	9
dell'autorità	9
dell'infanzia	9
dell'opera	9
dell’applicazione	9
dell’ariston	9
dell’edizione	9
dell’esecutivo	9
dell’immobile	9
dell’occhio	9
dell’olio	9
dell’organismo	9
demir	9
demo	9
denis	9
dente	9
denunciarlo	9
deportati	9
derivano	9
derivante	9
desidero	9
designato	9
destabilizzare	9
dettagliate	9
deviare	9
devils	9
dicitura	9
difficilissimo	9
dignitoso	9
dimagrire	9
dimentica	9
diminuite	9
dipendere	9
diranno	9
disaccordo	9
disastrosa	9
disastroso	9
disciplinari	9
discutibile	9
disegnata	9
dispersione	9
dispetto	9
dissesto	9
distintivo	9
distinzione	9
dite	9
diurno	9
diva	9
divenuta	9
doha	9
domeniche	9
donando	9
doni	9
dorata	9
dottori	9
dovrò	9
dozzine	9
drama	9
drammatiche	9
drone	9
dubito	9
dumfries	9
durissimo	9
décolleté	9
d’altro	9
d’amato	9
d’aria	9
d’arma	9
d’esordio	9
d’impresa	9
d’infanzia	9
eccessivamente	9
eccessive	9
eccola	9
edile	9
effettiva	9
effettivi	9
egiziana	9
ego	9
elettroniche	9
ella	9
elogiato	9
emblema	9
emesse	9
emozionare	9
ennesima	9
enterprise	9
eolico	9
epatite	9
epidemica	9
erede	9
erica	9
erogazione	9
es	9
esaltante	9
esaltare	9
esortato	9
esplicito	9
esplorazione	9
espulsione	9
eterna	9
etnica	9
exchange	9
exor	9
expo	9
extraprofitti	9
faccenda	9
falco	9
fanese	9
fantasie	9
fantastiche	9
fattibilità	9
fausto	9
fava	9
favole	9
favorita	9
felpa	9
fernando	9
feroci	9
ferragnez	9
ferraris	9
fidanzamento	9
fido	9
figliuolo	9
filiali	9
finalizzate	9
finanzieri	9
finiture	9
finì	9
fluidità	9
fondamento	9
formule	9
fotografi	9
fp	9
francobollo	9
frecce	9
fredde	9
frequentazioni	9
friulani	9
fruire	9
fruttato	9
fucsia	9
futili	9
gandolfo	9
garantirà	9
garcia	9
garden	9
gasparri	9
gastronomiche	9
generando	9
geopolitica	9
gerarchie	9
gerry	9
gestiscono	9
gettata	9
ghiacciai	9
giacche	9
giaele	9
gieffino	9
giocattoli	9
giocattolo	9
gioielleria	9
giornalistico	9
giovinezza	9
giungono	9
globe	9
gnocchi	9
godono	9
governato	9
gpl	9
gr	9
grandine	9
gridare	9
grottammare	9
grotte	9
guanciale	9
guardarsi	9
guardate	9
harvard	9
honor	9
how	9
ian	9
ice	9
identifica	9
ideologiche	9
idoneo	9
illustrazioni	9
imballaggi	9
immancabile	9
immensa	9
immerso	9
impedendo	9
impegnativi	9
impostato	9
incantato	9
incaricata	9
incerti	9
incolumità	9
indagata	9
indiscrezione	9
individuata	9
individuate	9
indonesia	9
indossata	9
indossati	9
inequivocabile	9
inesistenti	9
infiltrazioni	9
infinito	9
iniezione	9
innescare	9
innesti	9
inoltrata	9
insegnamento	9
insolita	9
instabile	9
installati	9
installazione	9
interfax	9
interminabili	9
intrattenuto	9
inventa	9
invierà	9
ix	9
jason	9
jens	9
jinping	9
kamikaze	9
kean	9
kessie	9
klopp	9
koopmeiners	9
kyiv	9
l'abbonamento	9
l'edizione	9
l'influencer	9
l'università	9
l'utente	9
lab	9
labirinto	9
lampante	9
lanciate	9
landini	9
larino	9
lasceranno	9
lasciar	9
lasciò	9
lava	9
lavare	9
lavastoviglie	9
lavorazioni	9
lazzaro	9
leggendaria	9
leggono	9
leghe	9
legislative	9
legislazione	9
leicester	9
lellis	9
lenovo	9
lentezza	9
letteraria	9
liberale	9
liberati	9
libretto	9
licenziato	9
licia	9
lieta	9
lieti	9
lievitare	9
ligue	9
lille	9
limitate	9
lineare	9
linguaggi	9
linguistico	9
lipsia	9
lire	9
lirica	9
lisa	9
liti	9
loggia	9
login	9
logistico	9
lola	9
lordi	9
loredana	9
lozano	9
luino	9
lula	9
luminarie	9
lunghissima	9
luxuria	9
l’abitudine	9
l’affetto	9
l’affidamento	9
l’africa	9
l’aggiunta	9
l’alternativa	9
l’appoggio	9
l’autista	9
l’immediata	9
l’immobile	9
l’incolumità	9
l’infanzia	9
l’influencer	9
l’inno	9
l’inps	9
l’inverno	9
l’istruzione	9
l’orario	9
macello	9
madrina	9
mafiosa	9
mafiosi	9
magistrali	9
magra	9
malapena	9
maledetto	9
maledizione	9
maltese	9
malware	9
mancanti	9
manche	9
manicure	9
mantenuta	9
manto	9
manualmente	9
mappatura	9
marathon	9
marce	9
marginale	9
marmo	9
massacrato	9
massicce	9
mattei	9
maturata	9
medioevo	9
men	9
meneghino	9
menti	9
meritata	9
meteorologica	9
metterebbe	9
metterla	9
mib	9
michelangelo	9
migliorano	9
migliorate	9
milanista	9
milinkovic-savic	9
militante	9
militarmente	9
millennio	9
minuscolo	9
minutaggio	9
miraggio	9
mirano	9
mirato	9
ml	9
mobility	9
moderata	9
modica	9
monastero	9
monologo	9
montare	9
montenegro	9
more	9
motivato	9
motociclisti	9
movida	9
multinazionali	9
museale	9
mwh	9
na	9
napoleone	9
nathan	9
nature	9
nell’aula	9
nell’elenco	9
nell’era	9
nell’estate	9
nell’incidente	9
nell’incontro	9
nell’ospedale	9
nitide	9
nizza	9
nomadi	9
nord-ovest	9
nordio	9
nosocomio	9
nothing	9
notturni	9
nude	9
nuora	9
nutrienti	9
nutrire	9
nutrito	9
obbligati	9
obbligato	9
obbligatorie	9
obbligazionario	9
obbligazioni	9
occhiaie	9
occupando	9
offline	9
oh	9
oleg	9
olimpica	9
omonimo	9
onesto	9
ordinare	9
orecchini	9
orientali	9
orientamenti	9
orientarsi	9
ortodossa	9
oscillazioni	9
ospedalizzazioni	9
ospitando	9
oss	9
osservatorio	9
ostaggio	9
ottici	9
pagheranno	9
paghiamo	9
palato	9
paletti	9
pallina	9
palline	9
panasonic	9
pandemico	9
pantalone	9
para	9
parabrezza	9
parcheggiare	9
parecchie	9
pareggia	9
parodi	9
parso	9
partecipate	9
partecipò	9
passante	9
passeggiate	9
passivo	9
paternità	9
patrimoniale	9
patrocinato	9
pazza	9
pediatrici	9
pedonali	9
peggiorata	9
pellet	9
pera	9
percepiscono	9
percepita	9
percorrenza	9
percorreva	9
perderlo	9
perenne	9
perennemente	9
pericolosamente	9
periferie	9
perle	9
personalizzate	9
pertini	9
pesato	9
pessina	9
peugeot	9
phantom	9
piacimento	9
piange	9
piangono	9
piantine	9
pierfrancesco	9
pierre	9
pineta	9
piombino	9
pixar	9
pizzarotti	9
planet	9
plauso	9
poetica	9
polacca	9
pollo	9
portici	9
portuali	9
postali	9
pra	9
precari	9
predisposizione	9
prelevati	9
premiare	9
prendendosi	9
prendermi	9
prendete	9
prenotati	9
presagire	9
presentatore	9
presentatrice	9
president	9
presunzione	9
prettamente	9
preveda	9
principesse	9
probabili	9
processato	9
producendo	9
professionalmente	9
profumati	9
profumi	9
progetta	9
programmata	9
progressisti	9
proiettile	9
proliferazione	9
promettenti	9
promettono	9
prontezza	9
pronunciate	9
proseguita	9
prosieguo	9
proteggersi	9
proteina	9
provedel	9
provocati	9
psicologicamente	9
pubblicitario	9
pulsanti	9
quantificare	9
quarantina	9
quattordicesima	9
quest'estate	9
quintali	9
racchiude	9
raddoppiato	9
radicata	9
raggruppamento	9
rancore	9
ransomware	9
rappresentando	9
rappresenterà	9
rassicurazioni	9
rebic	9
recuperate	9
reduci	9
reggimento	9
regolarità	9
renault	9
renderebbe	9
reno	9
reo	9
repubblicani	9
residenze	9
respiratoria	9
responso	9
restituzione	9
retorica	9
retroguardia	9
rf	9
rialzato	9
riaperto	9
riassunto	9
ribaltata	9
ribaltato	9
ribassi	9
ricchissimo	9
ricercate	9
ricognizione	9
ricompensa	9
riconciliazione	9
riconquistare	9
ricorderanno	9
ricordiamoci	9
ridefinire	9
rielezione	9
riferiti	9
rifiutata	9
rigida	9
rilevata	9
rimarcare	9
rimosse	9
ringraziamenti	9
ringraziando	9
rinvenimento	9
rione	9
riorganizzazione	9
ripristinato	9
riscoprire	9
risolta	9
risparmiatori	9
rispetta	9
ritenendo	9
ritenute	9
riusciremo	9
riuscirete	9
rivestimento	9
rivincita	9
riviste	9
rivolgendosi	9
rivoluzionaria	9
robusta	9
rog	9
rosalia	9
rosanero	9
rossella	9
router	9
roventi	9
royale	9
rufy	9
ruggero	9
rui	9
saelemaekers	9
safari	9
salata	9
saliranno	9
sandali	9
sangiovanni	9
sapone	9
sappiate	9
satellitari	9
save	9
saverio	9
sbagli	9
sbarca	9
sbarcati	9
sbarra	9
scacchi	9
scadere	9
scalato	9
scandali	9
scattano	9
scaturita	9
scenderanno	9
scherzare	9
schieramenti	9
schierata	9
schiuma	9
schlein	9
schumacher	9
sciarpa	9
scivolata	9
scommettere	9
scontra	9
scontrata	9
scontrati	9
scontrato	9
scoprendo	9
scorci	9
scorretto	9
scorrimento	9
sebastian	9
secchi	9
sedicesima	9
selassiè	9
seminterrato	9
sentenze	9
separano	9
separare	9
servivano	9
sessualmente	9
severi	9
severino	9
sfidando	9
sfilato	9
sfoggia	9
sfortunato	9
sfruttano	9
shanghai	9
short	9
silva	9
silvana	9
silvestro	9
sinergie	9
slitta	9
slittare	9
smetterla	9
socialmente	9
society	9
soffriva	9
soledad	9
soleggiato	9
solidali	9
solitario	9
sollecita	9
sopravvissuta	9
sostenerlo	9
sottoscritta	9
sottosegretaria	9
sottotono	9
sottraendo	9
soundbar	9
spari	9
spaventato	9
spaziali	9
spediti	9
spendendo	9
spenti	9
sperava	9
spiegò	9
spietato	9
spoglio	9
spuntata	9
square	9
stabilizzato	9
stanziato	9
steso	9
steven	9
stimati	9
stoccolma	9
stone	9
storto	9
strange	9
strani	9
stravolgere	9
strega	9
stringere	9
studiano	9
studiati	9
stylist	9
succo	9
sufficienza	9
sumy	9
supportano	9
supportata	9
supportate	9
sushi	9
sveglio	9
svelata	9
sviluppatore	9
szczesny	9
taipei	9
tank	9
tantum	9
tattici	9
tedesche	9
tenco	9
tenutasi	9
tenute	9
termici	9
terroristi	9
thor	9
tiktoker	9
toccata	9
toglierlo	9
tognazzi	9
tok	9
tomatis	9
tornino	9
trattasse	9
trattiene	9
traverso	9
tremila	9
trequarti	9
trilioni	9
trincea	9
trio	9
trofei	9
tronisti	9
tronto	9
troverebbe	9
ubriaco	9
ui	9
umorismo	9
un'età	9
un'impresa	9
un'intera	9
uni	9
uniamo	9
universal	9
un’alternativa	9
un’app	9
un’attenzione	9
un’esigenza	9
un’occhiata	9
un’unità	9
urbanistica	9
urbanistico	9
urlare	9
utenza	9
utilità	9
vabbè	9
valutano	9
vandali	9
varato	9
varesina	9
varsavia	9
venezuela	9
venir	9
ventata	9
ventilazione	9
ventiquattro	9
vercelli	9
vergognoso	9
vernice	9
vespa	9
vetrine	9
viadotto	9
viaggiando	9
viaggiato	9
viaggiavano	9
vietati	9
visionare	9
visivo	9
vissute	9
vogliano	9
volontarie	9
vomero	9
votanti	9
votati	9
watt	9
willy	9
wind	9
women	9
xviii	9
yamaha	9
zakaria	9
zakharova	9
zalone	9
zhang	9
zitto	9
zucchine	9
zuppi	9
â	9
abbatte	8
abbinati	8
abbondantemente	8
abbondanti	8
abili	8
aborto	8
abraham	8
accadde	8
accadimenti	8
accaduta	8
accaduti	8
accentuato	8
accertata	8
access	8
accessibilità	8
accorge	8
accostato	8
accurata	8
acquisizioni	8
act	8
adeguamento	8
adeguare	8
affascinato	8
agency	8
aggiudicata	8
aggiudicato	8
aggiungete	8
aggravarsi	8
airbnb	8
airpods	8
aiuole	8
aiutarlo	8
aiutarti	8
alan	8
albinea	8
alfred	8
alfredo	8
alibi	8
alika	8
aliquote	8
all'acquisto	8
all'aeroporto	8
all'aria	8
all'arrivo	8
all'invasione	8
all'opposizione	8
all'origine	8
allarmi	8
allegra	8
allen	8
allena	8
allontana	8
all’aiuto	8
all’amministrazione	8
all’amore	8
all’attivo	8
all’auto	8
all’azienda	8
all’ergastolo	8
all’esercizio	8
all’esito	8
all’esordio	8
all’esperienza	8
all’eurovision	8
all’impegno	8
all’inflazione	8
all’obiettivo	8
all’ue	8
alpine	8
alzando	8
alzarsi	8
amarezza	8
amatori	8
ambire	8
amburgo	8
american	8
ammesse	8
ammiraglia	8
anagrafica	8
analizzate	8
analoghe	8
anch’esso	8
andarono	8
anderson	8
andrew	8
angoscia	8
animal	8
animation	8
animo	8
annullata	8
annunciano	8
annunciarlo	8
annunciate	8
anomalia	8
anomalo	8
anonima	8
anonimo	8
anpi	8
antiaereo	8
anticipate	8
antistante	8
antonello	8
aosta	8
appalto	8
appassionante	8
appeal	8
applicando	8
apporto	8
apprensione	8
apprezzo	8
approfitta	8
approfondite	8
ar	8
archi	8
architettonico	8
archiviato	8
arci	8
arenzano	8
ariete	8
armadio	8
armenia	8
armeno	8
arrabbiata	8
arrabbiato	8
arredi	8
arretrato	8
arricchire	8
arrogante	8
arsenal	8
articolata	8
articolato	8
articolazioni	8
artigianale	8
arts	8
ascensore	8
ascoltando	8
aspettate	8
assalti	8
assaporare	8
assediata	8
assegnate	8
assessora	8
assicurando	8
assicurata	8
assicuriamo	8
associare	8
associated	8
assunte	8
astenuti	8
asteroidi	8
at	8
atlantico	8
atmosferico	8
attaccati	8
attestati	8
attraente	8
attrazione	8
attribuita	8
attuazione	8
audace	8
auspica	8
auspico	8
austriaci	8
autismo	8
autista	8
autorevolezza	8
autorevoli	8
avanzamento	8
avanzano	8
avvale	8
avvelenato	8
avversi	8
azzeccato	8
balia	8
balistici	8
banana	8
banking	8
barbagallo	8
barili	8
barricate	8
bastone	8
battisti	8
battito	8
bayer	8
belgrado	8
bellica	8
bellinzona	8
bergoglio	8
betis	8
bevanda	8
bicchieri	8
bicocca	8
bild	8
biologiche	8
biscotti	8
blaugrana	8
blucerchiato	8
bollo	8
bolognesi	8
bolsonaro	8
bonifica	8
bonino	8
boston	8
bottoni	8
bova	8
boxe	8
boys	8
bracciale	8
brandi	8
brave	8
brera	8
bresciana	8
bresciani	8
briciole	8
bridge	8
bruce	8
bruciate	8
bruni	8
bucarest	8
burocratiche	8
buste	8
cadono	8
cai	8
calendari	8
calhanoglu	8
calmo	8
caltagirone	8
cam	8
cameriera	8
cameriere	8
cameron	8
camp	8
campanella	8
campionesse	8
cancellata	8
cancelleria	8
candeline	8
candidate	8
candido	8
canile	8
cantautrice	8
cantine	8
capirlo	8
capirà	8
capitalizzazione	8
capogiro	8
capolavori	8
capra	8
caratteristici	8
caratteristico	8
cardiologia	8
carestia	8
carola	8
carrellata	8
carrozzeria	8
cartoni	8
cartucce	8
casalingo	8
casualmente	8
catalano	8
cattolico	8
cavalcare	8
cavalcata	8
cavalcavia	8
cc	8
cecchi	8
cela	8
centesimo	8
centro-nord	8
centrocampisti	8
ceramiche	8
cerebrale	8
certosa	8
chainsaw	8
champagne	8
checco	8
chiederemo	8
chiedete	8
china	8
chiofalo	8
chiuderanno	8
chiudiamo	8
chiudo	8
chromebook	8
ciel	8
ciononostante	8
ciurma	8
clamorosamente	8
clamorose	8
clamorosi	8
coca	8
coerenti	8
coincidono	8
cola	8
colla	8
colli	8
collocati	8
colma	8
cologno	8
colombiano	8
colossale	8
colossi	8
coltivata	8
coltivato	8
comica	8
cominceranno	8
commemorazione	8
commentatori	8
commissari	8
commissaria	8
commissionato	8
comparse	8
comparsi	8
compatte	8
compensi	8
compiendo	8
compiute	8
complementari	8
compliance	8
complicare	8
complotto	8
compro	8
comunitario	8
concedendo	8
concessionari	8
concessionario	8
conciliare	8
concilio	8
concomitanza	8
concorda	8
concordati	8
concordo	8
condividiamo	8
conducono	8
conferisce	8
confessare	8
conforme	8
conformi	8
confusa	8
congelati	8
congiunzione	8
congrua	8
coniugare	8
connettore	8
conoscerla	8
consensuale	8
consentano	8
conservato	8
consigliabile	8
contadino	8
contagiato	8
contattati	8
contestate	8
contestazioni	8
contrariamente	8
contrarre	8
controproducente	8
convenuto	8
convintamente	8
coordinatrice	8
copertine	8
coprono	8
corde	8
correggio	8
cos'è	8
cospetto	8
costava	8
cotto	8
country	8
cr	8
crack	8
cranico	8
credit	8
cresciute	8
crespo	8
cristianesimo	8
crollare	8
cronoprogramma	8
crosetto	8
crowdfunding	8
cubo	8
cuccarini	8
custode	8
d'amato	8
d'emergenza	8
d'inchiesta	8
dado	8
dall'altro	8
dall’uscita	8
dall’uso	8
dan	8
dani	8
dannosi	8
darebbe	8
darsena	8
darti	8
davis	8
decarbonizzazione	8
decente	8
decideranno	8
declinazione	8
declinazioni	8
definitivi	8
degustare	8
dell'accordo	8
dell'app	8
dell'ariston	8
dell'inizio	8
dell'intelligence	8
dell'offerta	8
dell'onu	8
dell'unità	8
dell’anime	8
dell’arresto	8
dell’atto	8
dell’azione	8
dell’e-commerce	8
dell’edilizia	8
dell’emilia-romagna	8
dell’epoca	8
dell’esercizio	8
dell’euro	8
dell’identità	8
dell’importanza	8
dell’infezione	8
dell’inverno	8
dell’omicidio	8
dell’opinione	8
dell’osservatorio	8
dell’umorismo	8
dell’uscita	8
dell’uso	8
dell’utente	8
democratiche	8
deposizione	8
dermatologa	8
desenzano	8
desiderare	8
destinarsi	8
devastazione	8
deviato	8
diametro	8
didattico	8
diecimila	8
difficilissima	8
dilettanti	8
dimettersi	8
diminuiti	8
dior	8
dipendenze	8
dipingere	8
disattivare	8
discoteche	8
discriminatorio	8
disperate	8
disputa	8
disputerà	8
distinguo	8
distruggendo	8
disturbare	8
divertiti	8
divina	8
divino	8
doctor	8
dogana	8
donatello	8
donà	8
doppi	8
dottorato	8
doverosa	8
drastica	8
dream	8
du	8
dubitare	8
dynamic	8
d’alessio	8
d’amico	8
d’epoca	8
d’inghilterra	8
d’occupazione	8
d’orchestra	8
edimburgo	8
eduardo	8
educative	8
educativi	8
effettua	8
efficientamento	8
egiziano	8
elaborazione	8
eliminando	8
eliminate	8
eliminati	8
elkann	8
elliott	8
emittente	8
emittenti	8
enac	8
end-to-end	8
energivore	8
enna	8
ennio	8
entreranno	8
entri	8
equipaggiata	8
erba	8
esegue	8
esibito	8
esilaranti	8
esplicita	8
esplosivo	8
espone	8
essenzialmente	8
estese	8
estesi	8
estetici	8
estinzione	8
estranea	8
estraneo	8
esulta	8
etf	8
ethereum	8
evince	8
evoluzioni	8
evolve	8
fabian	8
famosissimo	8
fans	8
farfalle	8
farmaceutico	8
fatidico	8
fato	8
favorite	8
fb	8
fc	8
federer	8
felicia	8
ferimento	8
ferroviarie	8
ferruzzi	8
fichi	8
figuriamoci	8
filosofo	8
filt	8
fiocchi	8
fissate	8
fitch	8
foglia	8
fondali	8
fondamentalmente	8
football	8
form	8
formaggi	8
formalità	8
formulare	8
fortissimo	8
fosca	8
fotografare	8
fps	8
fragranza	8
frate	8
frecciatina	8
fred	8
freezer	8
friendly	8
fs	8
fucili	8
fuggiti	8
fungere	8
funzionanti	8
furbetti	8
futures	8
gabbiadini	8
galgani	8
garantiti	8
gastronomico	8
gazebo	8
gela	8
gelmini	8
gemme	8
generalizzato	8
generatori	8
genero	8
geografica	8
germi	8
gestionale	8
ghiaia	8
ghiotta	8
ghost	8
gia	8
gioire	8
girasole	8
girl	8
giurata	8
giurie	8
giurista	8
giustificazione	8
globo	8
goffredo	8
golpe	8
governa	8
governativo	8
graffi	8
grassa	8
gravissimi	8
greta	8
grigia	8
grillino	8
guadagnando	8
guardarlo	8
guardiola	8
guglionesi	8
guidando	8
guidatore	8
guidava	8
guidi	8
gustare	8
haaland	8
have	8
he	8
head	8
helsinki	8
henry	8
holding	8
host	8
hunt	8
hyundai	8
ibiza	8
ideologie	8
idonee	8
idrici	8
illustra	8
illustri	8
ilva	8
imbarcazioni	8
imbattuta	8
imbattuto	8
immaginate	8
immaginiamo	8
immatricolazioni	8
immersi	8
immigrazione	8
immortalata	8
imolese	8
impara	8
impegniamo	8
impiegate	8
inaspettatamente	8
inaspettate	8
inattesa	8
inatteso	8
incapaci	8
incassati	8
incastrato	8
incensurato	8
incerta	8
includerà	8
inclusive	8
incontriamo	8
incoraggiare	8
incorrere	8
increduli	8
incrociati	8
incrocio	8
indelebile	8
indiana	8
indiane	8
indie	8
indifferenti	8
indosserà	8
indumenti	8
indurre	8
inerenti	8
infallibile	8
infantino	8
infastidita	8
infilato	8
infissi	8
infliggere	8
influenti	8
influisce	8
informativi	8
infranto	8
infrastrutturale	8
ingaggiato	8
ingerito	8
innocenza	8
input	8
inquadra	8
insegue	8
insidie	8
instabili	8
insufficienza	8
intenta	8
interattiva	8
intercettati	8
interessare	8
internamente	8
interpretando	8
intervistata	8
intese	8
intestinale	8
intime	8
intoppi	8
intraprese	8
intrecciano	8
intuito	8
invariata	8
invasioni	8
iraniana	8
iraniane	8
ironizzato	8
irresponsabili	8
iryna	8
iscritta	8
itinerari	8
j-ax	8
jake	8
jannik	8
jay	8
jeremias	8
jihad	8
jordan	8
jovanotti	8
justice	8
karim	8
katie	8
kazakistan	8
konashenkov	8
l'alleanza	8
l'allerta	8
l'ambasciatore	8
l'analisi	8
l'approvazione	8
l'arte	8
l'assenza	8
l'attivazione	8
l'audio	8
l'autonomia	8
l'autorità	8
l'avanzata	8
l'aveva	8
l'elezione	8
l'esame	8
l'evoluzione	8
l'impianto	8
l'impiego	8
l'impressione	8
l'inchiesta	8
l'infortunio	8
l'investimento	8
l'ordinanza	8
lacune	8
lamentarsi	8
lara	8
larghe	8
lasciandosi	8
laureati	8
lavagna	8
leale	8
lecco	8
legislatore	8
leon	8
ligabue	8
lilla	8
lily	8
limitandosi	8
lions	8
liquefatto	8
liquidi	8
loghi	8
logistiche	8
lol	8
longevità	8
lucida	8
lucidità	8
luiss	8
lungimirante	8
lungimiranza	8
lysychansk	8
l’abbia	8
l’abbraccio	8
l’accensione	8
l’accento	8
l’adattamento	8
l’agente	8
l’ambasciatore	8
l’ambulanza	8
l’america	8
l’analista	8
l’anticiclone	8
l’antico	8
l’anziano	8
l’atteso	8
l’attualità	8
l’audio	8
l’avete	8
l’avviso	8
l’azzurra	8
l’elisoccorso	8
l’emendamento	8
l’empoli	8
l’erogazione	8
l’esplosione	8
l’estensione	8
l’estetica	8
l’imbarazzo	8
l’incertezza	8
l’indifferenza	8
l’ingaggio	8
l’insediamento	8
l’inviato	8
l’ira	8
l’istituzione	8
l’olandese	8
l’oms	8
l’ondata	8
l’organo	8
l’ormai	8
l’uguaglianza	8
macos	8
magenta	8
magi	8
magliette	8
maiale	8
maignan	8
major	8
malnate	8
mancavano	8
mancherebbe	8
mandano	8
manica	8
mantova	8
mantra	8
manufatti	8
marchetti	8
marchigiano	8
marea	8
mariella	8
marinai	8
marittima	8
marsilio	8
mascara	8
massaggi	8
massi	8
matematico	8
materialmente	8
mattoncini	8
meccaniche	8
medagliere	8
mediano	8
mediare	8
mediatek	8
megapixel	8
melbourne	8
memorabile	8
menta	8
mentito	8
mento	8
mercatini	8
mercenari	8
meritevole	8
metropoli	8
metropolitano	8
mettendosi	8
metteranno	8
metteremo	8
metterlo	8
metteva	8
mimmo	8
min	8
minacciare	8
minacciata	8
miniere	8
minimizzare	8
mitigare	8
modelle	8
moderare	8
mohamed	8
molestato	8
molisano	8
monarca	8
mondello	8
monitorando	8
monoclonali	8
monsignor	8
monta	8
motivata	8
mozambico	8
multidisciplinare	8
multimediale	8
multipla	8
muoiono	8
muovono	8
musetti	8
nadia	8
napoletani	8
napolitano	8
nardella	8
natalizi	8
nautica	8
navali	8
nebbie	8
necessitano	8
negati	8
negoziatori	8
nell’azienda	8
nell’edizione	8
nell’immediato	8
neonatale	8
newsletter	8
nient’altro	8
ninja	8
no-vax	8
nominati	8
nomine	8
normalizzazione	8
notano	8
novi	8
obbligare	8
obesità	8
od	8
odierne	8
offensivi	8
offeso	8
officina	8
omissione	8
onestini	8
onestà	8
onorario	8
onorata	8
opel	8
operata	8
opportune	8
organica	8
originari	8
orlandi	8
oscuri	8
ospitalità	8
ossessione	8
ostia	8
ostile	8
ottavo	8
ottico	8
pagate	8
pagelle	8
paiono	8
pala	8
pale	8
palesemente	8
pallanuoto	8
pallino	8
palpebra	8
pancione	8
panel	8
panna	8
panzeri	8
paragonato	8
parioli	8
partecipi	8
pasquetta	8
passatempo	8
pastori	8
patito	8
paulo	8
pausini	8
pcr	8
pediatra	8
pelo	8
penalizza	8
pendolari	8
penetrare	8
penne	8
penserà	8
pentastellati	8
penultimo	8
perdiamo	8
perduta	8
perfezionamento	8
periferica	8
perisic	8
perla	8
permetteva	8
pernottamenti	8
persiste	8
pestaggio	8
pg	8
piacentino	8
pianificando	8
piastra	8
piccini	8
pietroburgo	8
pin	8
pinamonti	8
pinuccia	8
piqué	8
pirata	8
pirateria	8
platform	8
plausibile	8
plebiscito	8
plusvalenze	8
polisportiva	8
polizza	8
poltrone	8
pomeriggi	8
pool	8
portafogli	8
portandosi	8
portarli	8
portarsi	8
portatili	8
posizionare	8
posizionata	8
precarie	8
precipitata	8
predominio	8
preferibile	8
prefissati	8
prenderne	8
prendeva	8
preoccuparsi	8
preoccuparti	8
preparativi	8
preposti	8
presentava	8
prevalso	8
prevedendo	8
preventiva	8
previo	8
prigionia	8
priolo	8
procuratori	8
procuratrice	8
proietta	8
proietti	8
prologo	8
promettente	8
promuovono	8
provarci	8
provenzano	8
provvisoria	8
pseudonimo	8
psichiatrica	8
puccini	8
punito	8
puntino	8
puzzle	8
quadra	8
quadrante	8
qualificato	8
quartetto	8
quiete	8
quiz	8
raccontati	8
raddoppia	8
radicali	8
radiofonica	8
rafforzando	8
raggiungibile	8
raggiungibili	8
ragiona	8
ragù	8
raiuno	8
ramon	8
rampa	8
rappresentativa	8
rappresentava	8
raspadori	8
rata	8
razionale	8
razziale	8
razzista	8
realisti	8
reclutamento	8
recuperando	8
redditività	8
refurtiva	8
regni	8
regolazione	8
regular	8
release	8
rendano	8
renderanno	8
renderli	8
reperimento	8
residue	8
respirazione	8
restrittive	8
resurrezione	8
retta	8
retto	8
revocato	8
riassumere	8
ribadiamo	8
ribelli	8
riccardi	8
ricky	8
ricordava	8
ricotta	8
rider	8
ridimensionamento	8
riduzioni	8
rientrati	8
rievocazione	8
rifatta	8
riferendo	8
rifiutano	8
riflessi	8
rigidi	8
rigido	8
rigoroso	8
rilascia	8
rimanda	8
rimbalzi	8
rimediato	8
rimpianti	8
rinunciando	8
rinvii	8
ripensando	8
ripetizione	8
ripetute	8
riproporre	8
ripulire	8
risanamento	8
risarcire	8
riscontrata	8
riscossione	8
risiedono	8
rispecchia	8
rispecchiano	8
rispettata	8
rispettate	8
ristoratore	8
risulterà	8
riteneva	8
ritirando	8
ritornato	8
ritrovate	8
ritroveranno	8
riunire	8
rivendica	8
rivoluzionato	8
rocchi	8
rodolfo	8
roghi	8
romantiche	8
romelu	8
rosatellum	8
rossoblu	8
rottamazione	8
rovinato	8
rovine	8
rt	8
rubinetto	8
running	8
ryzen	8
sagrato	8
salato	8
saldare	8
salentina	8
salumi	8
salvarlo	8
samb	8
sancisce	8
sane	8
sant’agata	8
sanzionare	8
sappiano	8
sapranno	8
sapremo	8
satira	8
saturazione	8
sborsare	8
sbotta	8
scambiato	8
scandiano	8
scarichi	8
scarse	8
scattati	8
scegliamo	8
scelse	8
schiaffi	8
schiavi	8
schiera	8
scivolato	8
sclerosi	8
sconfitti	8
sconsigliato	8
scontrarsi	8
sconvolti	8
scopa	8
scoraggiare	8
scosse	8
scouting	8
sebastiano	8
segnaletica	8
segnate	8
selezionata	8
sembianze	8
sembrata	8
sembrerà	8
senno	8
sennò	8
sentimentali	8
senzatetto	8
seoul	8
separa	8
sepoltura	8
sequenze	8
serbi	8
sergej	8
sergey	8
serial	8
serviti	8
sfaccettature	8
sfere	8
sfiorare	8
sfondare	8
sfortunatamente	8
sfruttata	8
sfruttate	8
sfumato	8
sgombero	8
sgomento	8
shakespeare	8
shonen	8
shooting	8
simba	8
simulazioni	8
sinceri	8
singapore	8
siriana	8
sistematicamente	8
sistemica	8
slalom	8
slovenia	8
smaltire	8
snam	8
societario	8
soddisfacenti	8
soffermato	8
soffitto	8
soleri	8
solide	8
sollevando	8
sonore	8
sostenitore	8
sostituisce	8
sottomarino	8
sottoscrivere	8
sovrappeso	8
sovvenzioni	8
spacciatori	8
spalti	8
sparita	8
spaventa	8
spaventati	8
spaventoso	8
specialistica	8
spedito	8
sperti	8
spetterà	8
spezzata	8
spiacevole	8
spiegava	8
spielberg	8
spontaneità	8
sporchi	8
spostata	8
spreaker	8
sprecare	8
spuntato	8
ssa	8
stabilita	8
stakeholder	8
statue	8
statuetta	8
stellare	8
stereo	8
sterile	8
stipula	8
stipulato	8
strizza	8
strutturalmente	8
subentrato	8
succedeva	8
sudafrica	8
sudamericano	8
sudditi	8
sudore	8
suggeriscono	8
suicida	8
sullivan	8
sull’altra	8
suocera	8
suola	8
suor	8
suore	8
supereroi	8
superlega	8
superman	8
surriscaldamento	8
susanna	8
suscitando	8
suzuki	8
sviluppano	8
swing	8
tabacchi	8
tace	8
tamponare	8
tangibili	8
tantissima	8
tappo	8
tari	8
tartarughe	8
tassisti	8
tatangelo	8
tatto	8
technology	8
tecnologicamente	8
teglia	8
telefoniche	8
tempestivamente	8
tenterà	8
teoricamente	8
termica	8
terminali	8
terracciano	8
terraferma	8
terrazzo	8
tessere	8
tigre	8
tirando	8
tirocinio	8
tito	8
tiziano	8
tollerare	8
tolti	8
toma	8
tonno	8
torace	8
tormentata	8
tornò	8
totò	8
trader	8
tradita	8
tranche	8
transitare	8
trascorre	8
trasferite	8
trasmette	8
trasporta	8
trastevere	8
triplo	8
trucchetto	8
tutelato	8
uffizi	8
ulivi	8
umile	8
umiltà	8
un'amica	8
unicredit	8
unicum	8
un’atmosfera	8
un’emozione	8
un’evoluzione	8
un’italia	8
un’ordinanza	8
un’ultima	8
urlato	8
usciamo	8
vaccinata	8
vago	8
valdarno	8
validissimo	8
vani	8
vantaggioso	8
vantano	8
varesino	8
vena	8
vendicarsi	8
venete	8
veneziana	8
veneziano	8
ventimiglia	8
verbano	8
verbo	8
vergata	8
verrebbero	8
veterano	8
veterinario	8
videoconferenza	8
view	8
vigneti	8
villafranca	8
villarreal	8
villetta	8
vinicius	8
vinile	8
virtualmente	8
vistoso	8
vitamine	8
vitis	8
vivranno	8
voltare	8
vortice	8
wagner	8
walking	8
zagabria	8
zan	8
zapata	8
zara	8
ziliani	8
abbandonando	7
abbina	7
abc	7
abitative	7
abolire	7
abortire	7
abusare	7
accelerando	7
accenno	7
accensione	7
accertarsi	7
acciaierie	7
accogliendo	7
accompagnano	7
accorgersi	7
accumuli	7
accusano	7
accusate	7
acer	7
acquistarlo	7
activision	7
acuto	7
adattato	7
addominali	7
adempiere	7
adesivi	7
adiacente	7
adolescenza	7
adotta	7
adozione	7
affacciarsi	7
affezionati	7
affezionato	7
affleck	7
afghani	7
africane	7
ag	7
agevolato	7
agevolazione	7
aggiungersi	7
aggiungerà	7
aggiungo	7
aggiuntiva	7
aggregazione	7
ahmed	7
albanesi	7
albano	7
albenganese	7
albert	7
albino	7
alcolemico	7
alcolica	7
algoritmo	7
alimenta	7
alimentano	7
alimento	7
all'addome	7
all'altra	7
all'incontro	7
all'uso	7
all'utente	7
allarga	7
allestimenti	7
allieva	7
all’addome	7
all’agenzia	7
all’anagrafe	7
all’area	7
all’arresto	7
all’incirca	7
all’indomani	7
all’invasione	7
all’occhiello	7
alodia	7
alterato	7
alternati	7
alternato	7
alunno	7
alvarez	7
am	7
ambasciate	7
ambulatorio	7
amendola	7
amir	7
ammetterlo	7
ammetto	7
ammirazione	7
ammonizione	7
amoled	7
analogamente	7
anci	7
andria	7
angelina	7
angelis	7
anguissa	7
animate	7
annamaria	7
annessa	7
ansioso	7
antiossidanti	7
ap	7
apparecchio	7
appendere	7
appiano	7
apportato	7
apposita	7
approda	7
apriamo	7
apriranno	7
aquila	7
aquilani	7
araba	7
arcangelo	7
archeologia	7
archie	7
architetti	7
archiviare	7
arcore	7
arera	7
arms	7
arresta	7
arrivarci	7
arriviamo	7
asciugare	7
ascoltano	7
ascoltarlo	7
aspettativa	7
assassinato	7
assegna	7
assetti	7
assicurativo	7
assicuro	7
assolti	7
assumersi	7
aste	7
astensione	7
asti	7
asus	7
atmos	7
atroce	7
attaccamento	7
attaccando	7
attendevano	7
attente	7
attestandosi	7
attiene	7
attirando	7
attiviste	7
attrattiva	7
attratto	7
attrezzate	7
audience	7
aumenterà	7
aurelia	7
auschwitz	7
auspicabile	7
autorizzare	7
autostima	7
avanzati	7
avvertono	7
avvistati	7
baci	7
back	7
bad	7
badante	7
badare	7
badia	7
bag	7
bagagliaio	7
baggio	7
balconi	7
balivo	7
ballato	7
baltici	7
bancarotta	7
bandai	7
barak	7
baratro	7
barista	7
baroni	7
battiti	7
bay	7
beats	7
beccato	7
bellini	7
belpaese	7
beneficiano	7
benefit	7
beniamino	7
bernard	7
berrino	7
bertolini	7
bielorussa	7
bilanciare	7
bilaterale	7
billie	7
bit	7
blindato	7
blogsicilia	7
bonetti	7
borraccia	7
borrelli	7
bot	7
botti	7
boutique	7
brasiliani	7
bravissima	7
bravura	7
breaking	7
brevetti	7
brexit	7
brignano	7
brignone	7
bronzi	7
bruges	7
bruttissima	7
buche	7
buffett	7
bugiardo	7
bulgari	7
bulli	7
buonsenso	7
buttata	7
cacciare	7
cadrà	7
cagnolino	7
cairese	7
calate	7
calati	7
calciare	7
calzature	7
cambiaso	7
cambieranno	7
cambierebbe	7
camminava	7
campanello	7
campanile	7
campbell	7
campeggio	7
cancellate	7
candela	7
canestri	7
canottieri	7
capitata	7
capitol	7
capofila	7
capolino	7
capoluoghi	7
cappellini	7
cappotto	7
caravaggio	7
carboidrati	7
carcasse	7
cardiaci	7
carfagna	7
caricabatterie	7
carrisi	7
cascata	7
caschi	7
cash	7
castiglione	7
castrovilli	7
cattelan	7
cauto	7
cavallino	7
cavani	7
ceco	7
cedendo	7
cedola	7
cedono	7
cercata	7
cesa	7
cessazione	7
cestini	7
championship	7
charity	7
charlène	7
chemioterapia	7
chiacchierare	7
chiacchierata	7
chiamerà	7
chiederò	7
children	7
chiostro	7
chirurgica	7
cholo	7
christmas	7
christopher	7
cia	7
cieca	7
ciechi	7
cile	7
cinquant'anni	7
cinquant’anni	7
cinture	7
cipolle	7
circolando	7
circondati	7
civici	7
civil	7
clandestina	7
clandestini	7
clara	7
clarissa	7
cliché	7
cocco	7
cofano	7
cogliendo	7
coinvolgenti	7
coinvolgeranno	7
colesterolo	7
collaborativo	7
collegate	7
collezionare	7
collisione	7
collocamento	7
collocare	7
colonnina	7
colonnine	7
colpaccio	7
comedy	7
cominciano	7
commentano	7
commette	7
comparti	7
completando	7
completezza	7
complica	7
comporre	7
comporterebbe	7
comprensivi	7
comunione	7
comunitaria	7
concentrare	7
conclusi	7
condanniamo	7
condito	7
confagricoltura	7
conferire	7
confesercenti	7
confessioni	7
confidenze	7
confiscati	7
confortante	7
confronta	7
confrontano	7
confrontarci	7
congiuntamente	7
congiunte	7
coniugale	7
connesso	7
connettersi	7
conoscevamo	7
consacrazione	7
conservatrice	7
consigliate	7
consigliati	7
consueti	7
consulting	7
consumando	7
consumata	7
contabile	7
contadini	7
contagiate	7
container	7
contaminati	7
contando	7
contatore	7
contava	7
contenziosi	7
contestare	7
continuazione	7
continuino	7
contraddizioni	7
contrasti	7
contributivo	7
contromisure	7
contropartita	7
convenzionale	7
convertito	7
convincente	7
convocare	7
cooperativo	7
coordina	7
copenaghen	7
coreano	7
coreografia	7
coreografo	7
corna	7
cornici	7
corporate	7
corposo	7
corradini	7
correa	7
correva	7
corsair	7
corteggiare	7
cortometraggi	7
coscienze	7
cosiddette	7
costituirsi	7
costituzionali	7
council	7
county	7
craig	7
credente	7
credibili	7
crepe	7
crittografia	7
crystal	7
cuadrado	7
cucolo	7
cuochi	7
cuoio	7
cupa	7
cupra	7
d'acquisto	7
d'affari	7
d'aiuto	7
d'identità	7
dagospia	7
dall'associazione	7
dall'ospedale	7
dall’analisi	7
dall’ara	7
dall’attore	7
dall’avvocato	7
dall’unione	7
darmi	7
datata	7
datori	7
daytime	7
dda	7
deacon	7
decade	7
decorazione	7
decremento	7
def	7
definendolo	7
definiva	7
delicatamente	7
dell'aeroporto	7
dell'alleanza	7
dell'artista	7
dell'autore	7
dell'empoli	7
dell'evento	7
dell'impianto	7
dell'intera	7
dell'intero	7
dell'organizzazione	7
dell'ufficio	7
dell’abbandono	7
dell’aeroporto	7
dell’agenda	7
dell’alimentazione	7
dell’animale	7
dell’antica	7
dell’appuntamento	7
dell’articolo	7
dell’emilia	7
dell’esistenza	7
dell’hotel	7
dell’immigrazione	7
dell’importo	7
dell’imprenditore	7
dell’intrattenimento	7
dell’occidente	7
dell’ora	7
dell’oro	7
dell’universo	7
deludenti	7
demoni	7
denunciando	7
depositare	7
depositata	7
depuratore	7
derivati	7
destato	7
destini	7
detective	7
determinano	7
dettato	7
deviazioni	7
devozione	7
dg	7
diagnostici	7
dialetto	7
diciannove	7
diffamazione	7
differenziale	7
diffondendo	7
difronte	7
digitazione	7
dignitosa	7
dilemma	7
diletta	7
dimagrita	7
dimissionario	7
dino	7
dinosauri	7
diocesana	7
dionisi	7
dirupo	7
disarmante	7
discografica	7
discontinuità	7
discutendo	7
disegna	7
disfatta	7
dispensa	7
disperatamente	7
dispersa	7
dispiegamento	7
disprezzo	7
disputate	7
dissapori	7
disteso	7
distintivi	7
distorsione	7
distrazioni	7
distrugge	7
ditte	7
diventino	7
diversificare	7
divertimenti	7
dji	7
dlss	7
dnipro	7
docce	7
docufilm	7
docuserie	7
dodicesima	7
dodicesimo	7
dolcissimo	7
dolo	7
dop	7
doppiatore	7
dora	7
dormono	7
dorsale	7
dorso	7
dovessimo	7
dovette	7
drake	7
drammaticamente	7
drastiche	7
duecento	7
duratura	7
d’africa	7
d’angelo	7
d’artificio	7
d’attacco	7
d’avventura	7
d’eccezione	7
d’intervento	7
ecologico	7
economista	7
economisti	7
edilizi	7
edilizio	7
editor	7
ei	7
elenchi	7
elizabeth	7
elmas	7
elvetica	7
elvis	7
email	7
energoatom	7
engineering	7
enrica	7
ensemble	7
entriamo	7
ep	7
eroina	7
erroneamente	7
esente	7
esibiranno	7
esibire	7
esibisce	7
esibita	7
esistenziale	7
esorbitanti	7
esordi	7
esplorato	7
esportati	7
espositivi	7
espositivo	7
espositori	7
esternazioni	7
estradizione	7
estranei	7
estreme	7
esuberi	7
et	7
etico	7
eugenia	7
evangelista	7
evitarlo	7
evitati	7
faccende	7
facchinetti	7
facciale	7
facilita	7
factory	7
fallimentare	7
fallisce	7
falò	7
famigerato	7
fantasista	7
farai	7
farmacisti	7
fassa	7
fastweb	7
fatelo	7
fatevi	7
faticano	7
fatidica	7
fe	7
felicissimi	7
felpe	7
femminismo	7
fernandes	7
ferraro	7
festeggiano	7
festivo	7
fiaba	7
fiabe	7
fialdini	7
fidare	7
filiere	7
filtra	7
finanzia	7
finestrino	7
fingere	7
finiranno	7
fiumicino	7
floriana	7
foldable	7
forest	7
forfait	7
formando	7
formigine	7
foro	7
fortissime	7
fortnite	7
fosso	7
foti	7
fotografa	7
fotografiche	7
fotovoltaici	7
fraternità	7
frati	7
freschezza	7
frodi	7
from	7
frontalmente	7
fruibili	7
fruitori	7
fttc	7
funge	7
funzionerà	7
fuoristrada	7
furioso	7
gabriella	7
galera	7
garantite	7
garbo	7
gargano	7
garko	7
gasdotti	7
gavetta	7
gelateria	7
gemella	7
gene	7
generata	7
genererà	7
generico	7
geo	7
geologica	7
georgiano	7
gestiti	7
gfvip	7
gianluigi	7
gieffini	7
gin	7
gina	7
ginecologo	7
giocarsi	7
giocatrice	7
giocheremo	7
gioiellino	7
girano	7
girava	7
girelli	7
giubbotto	7
giucas	7
giudicati	7
giuliani	7
giungerà	7
giurati	7
giuridiche	7
glass	7
goduto	7
gommone	7
gorbaciov	7
governativa	7
graduatorie	7
grammy	7
grana	7
grandinate	7
greci	7
grey	7
gricignano	7
gruppetto	7
gta	7
guardava	7
guarite	7
guarito	7
gubbio	7
guerrieri	7
guerriero	7
guiderà	7
guizzo	7
gustavo	7
gw	7
han	7
hbo	7
high	7
hockey	7
hop	7
hopkins	7
hp	7
ibrahim	7
ideologica	7
ig	7
ignobile	7
ignoranti	7
ignorato	7
igp	7
ilicic	7
illecita	7
illimitato	7
illuminante	7
illusioni	7
ilmeteo	7
imbarazzanti	7
imbarcazione	7
imitando	7
imitare	7
immancabili	7
impeccabili	7
impegnative	7
impiega	7
impiegare	7
implementazione	7
importare	7
impossibili	7
impossible	7
impostazione	7
impreparati	7
impressionato	7
improbabili	7
impronte	7
improvvise	7
impugnare	7
inaugurare	7
incassa	7
incassi	7
inciampato	7
incognite	7
incombe	7
incontrando	7
incontreranno	7
incorniciare	7
incorvaia	7
incrementato	7
incroci	7
incrollabile	7
incuriosito	7
indirizzare	7
individua	7
indoor	7
indotta	7
indubbio	7
induce	7
inesistente	7
inesorabilmente	7
infettati	7
infetti	7
influenzano	7
influenze	7
informate	7
information	7
infrazioni	7
ingaggi	7
inganno	7
ingiustamente	7
ingombrante	7
inimmaginabile	7
innanzi	7
inosservate	7
inquietanti	7
inserimento	7
inserzionisti	7
insignito	7
insistenti	7
insostenibili	7
insufficiente	7
intaccare	7
intatta	7
intendi	7
intensificano	7
intensificare	7
intensivi	7
intercettata	7
intermedi	7
interpellato	7
interrogatorio	7
interrotti	7
intestata	7
intestinali	7
intimi	7
intimidazioni	7
intimità	7
intrappolato	7
intrighi	7
introduzione	7
invano	7
invecchia	7
inventata	7
investigative	7
investment	7
iof	7
iper	7
iraniani	7
irina	7
istantanea	7
its	7
jacques	7
jeep	7
jerome	7
jimmy	7
job	7
julio	7
kane	7
katherine	7
kirby	7
kouamé	7
l'aereo	7
l'ambasciata	7
l'anziano	7
l'arma	7
l'asse	7
l'assistenza	7
l'atletico	7
l'autorizzazione	7
l'avevo	7
l'avvio	7
l'elicottero	7
l'eliminazione	7
l'entrata	7
l'entusiasmo	7
l'esecutivo	7
l'esplosione	7
l'espressione	7
l'identità	7
l'indagine	7
l'ingaggio	7
l'installazione	7
l'integrazione	7
l'introduzione	7
l'inverno	7
l'invio	7
l'iter	7
l'ondata	7
l'opzione	7
l'uno	7
lamorgese	7
lancette	7
lanciarazzi	7
lanciò	7
lang	7
lasciarci	7
lauree	7
lavorate	7
layout	7
legislature	7
legittimi	7
legna	7
lenti	7
letali	7
letojanni	7
letterarie	7
leve	7
libano	7
lievemente	7
lillo	7
limitrofi	7
linate	7
lineari	7
lione	7
lipari	7
lirico	7
livio	7
lobby	7
lollobrigida	7
lombarde	7
londinesi	7
loretta	7
lucas	7
luhansk	7
luke	7
luxury	7
l’affluenza	7
l’alcol	7
l’ambito	7
l’ampia	7
l’annessione	7
l’appartamento	7
l’arcivescovo	7
l’arrestato	7
l’ascesa	7
l’attuazione	7
l’auditorium	7
l’autrice	7
l’avevo	7
l’avrei	7
l’ecosistema	7
l’editore	7
l’emilia-romagna	7
l’epoca	7
l’erba	7
l’erede	7
l’espulsione	7
l’estremo	7
l’hai	7
l’hub	7
l’illuminazione	7
l’inferno	7
l’inghilterra	7
l’insegnamento	7
l’interrogatorio	7
l’interruzione	7
l’iphone	7
l’obesità	7
l’omaggio	7
l’opposizione	7
l’opposto	7
l’origine	7
l’ottava	7
l’s	7
l’umidità	7
macellaio	7
maggiorazione	7
magliano	7
maglione	7
magnum	7
maiali	7
malcontento	7
maledetta	7
malesia	7
malumori	7
mando	7
manifattura	7
manodopera	7
maps	7
margaret	7
mariano	7
marilyn	7
marquez	7
marzio	7
marzoli	7
mas	7
maserati	7
masse	7
massiccia	7
maya	7
mazzo	7
mb	7
meazza	7
meccanici	7
mediatore	7
mediatori	7
mediolanum	7
medium	7
megawattora	7
melissa	7
memorandum	7
mendrisio	7
mentana	7
menzionata	7
menzionato	7
meravigliosi	7
meredith	7
meriterebbe	7
mes	7
metabolismo	7
metafora	7
metallica	7
metamorfosi	7
metsola	7
mezz'ora	7
microchip	7
microsd	7
migliorie	7
migrazioni	7
milinkovic	7
milizie	7
milo	7
minacciando	7
ministeriali	7
mirandola	7
mirata	7
miriade	7
misteriosi	7
misti	7
misurazioni	7
mitico	7
mitologia	7
mob	7
mobilitati	7
modern	7
molecole	7
monarchia	7
moncalieri	7
monegasco	7
monetizzare	7
montalbano	7
montane	7
montesano	7
moore	7
morirà	7
mose	7
mostrava	7
movie	7
muffa	7
mulino	7
muta	7
mutazione	7
nano	7
naomi	7
nara	7
narrativi	7
nascente	7
nascondeva	7
nastasic	7
nazionalista	7
nazismo	7
nbc	7
negarlo	7
nell'abitazione	7
nell'oblast	7
nell’appartamento	7
nell’attuale	7
nell’autunno	7
nell’europa	7
nell’industria	7
nell’interesse	7
nell’ue	7
nell’unione	7
nell’utilizzo	7
nelson	7
nemica	7
neopromossa	7
nervosi	7
nest	7
newton	7
nipponica	7
nocera	7
nostalgici	7
nostrano	7
not	7
notate	7
notiamo	7
notificati	7
novellara	7
nuance	7
nuda	7
nuotare	7
nutre	7
nutrita	7
nutrizione	7
obbiettivi	7
obbiettivo	7
obici	7
occasionale	7
occupo	7
offendere	7
oggettiva	7
oggettivamente	7
oggettivo	7
olimpici	7
oltreoceano	7
omosessuale	7
omosessuali	7
on-line	7
operando	7
operava	7
opportunamente	7
orfani	7
organizzano	7
orientata	7
oristano	7
orribili	7
oslo	7
ostaggi	7
ostili	7
ottenerlo	7
ottenne	7
ottimali	7
pack	7
padovano	7
paesino	7
paglia	7
pakistana	7
palazzetti	7
palcoscenici	7
palloncini	7
paltrinieri	7
pandemie	7
pantaloncini	7
paramount	7
parassiti	7
parato	7
parigini	7
parlerò	7
parmense	7
partenariato	7
partenopei	7
partners	7
passasse	7
passeggiare	7
passiva	7
pastorino	7
patrimoniali	7
patrono	7
pavimentazione	7
paypal	7
pazze	7
pci	7
pecca	7
penitenziario	7
pentastellato	7
peppe	7
percorre	7
perderà	7
perdi	7
perfezionato	7
performante	7
periferico	7
permangono	7
perno	7
perturbazioni	7
pervenire	7
pervenuta	7
pesava	7
pescare	7
pessime	7
pessimismo	7
pesto	7
petagna	7
petrolchimico	7
philips	7
phillips	7
piaccia	7
piacerà	7
piacevoli	7
piana	7
piatta	7
picchiata	7
picnic	7
piegato	7
pigrizia	7
pina	7
pioverà	7
pisano	7
pistoia	7
pistole	7
pizze	7
plurinominale	7
pluripremiata	7
podi	7
poeti	7
