de	100092
în	51110
a	50372
la	36028
și	32778
cu	23800
din	23609
să	20913
care	20179
pe	20159
pentru	18336
nu	17937
o	17873
mai	17637
că	17154
un	15244
au	14848
se	13809
este	13262
fost	11899
şi	11017
ce	8977
ca	8172
fi	7657
va	7084
sunt	6808
al	6096
si	5911
dar	5068
sa	4931
in	4720
sau	4475
ani	4467
după	4458
iar	4339
vor	4328
ar	4162
s-a	3994
e	3785
lui	3612
am	3483
acest	3330
prin	3185
dacă	3076
dintre	2862
are	2824
cum	2755
când	2668
doar	2650
poate	2621
mult	2543
timp	2533
cele	2496
despre	2494
mare	2468
românia	2465
până	2463
cei	2462
ale	2444
cel	2428
ucraina	2417
trebuie	2366
fie	2296
multe	2288
le	2253
această	2228
ei	2198
spus	2198
două	2192
peste	2186
acum	2165
noi	2149
foarte	2146
el	2125
toate	2110
ne	2098
unui	2064
tot	2007
rusia	1988
ai	1890
face	1882
putea	1882
pot	1876
potrivit	1869
lei	1825
chiar	1787
declarat	1778
avea	1757
asta	1746
astfel	1744
s-au	1744
unde	1718
avut	1713
bine	1705
lor	1654
fără	1627
loc	1614
era	1606
unei	1581
luni	1573
însă	1560
cea	1486
între	1485
acesta	1477
către	1471
fiind	1470
într-un	1458
parte	1457
cât	1455
făcut	1444
nici	1436
putin	1369
asemenea	1361
te	1347
alte	1309
trei	1302
atunci	1292
anul	1290
ceea	1285
într-o	1265
zile	1252
milioane	1249
sub	1244
îi	1242
persoane	1229
aceste	1218
spune	1210
doi	1190
cadrul	1180
euro	1175
an	1169
urma	1168
atât	1142
prima	1137
își	1112
decât	1106
ucrainei	1075
unul	1071
zi	1065
aceasta	1064
așa	1062
există	1060
lucru	1060
încă	1043
său	1036
fiecare	1024
unor	1019
ea	1009
spre	1009
stat	1006
avem	998
îl	994
asupra	989
celor	975
eu	973
nou	962
dat	960
aproape	957
trecut	952
româniei	946
ceva	943
i-a	939
nevoie	931
ori	926
ajuns	922
deja	921
început	902
mari	901
oameni	898
primul	887
cauza	886
timpul	884
fac	879
acestea	876
ora	850
bani	849
fel	847
înainte	847
astăzi	846
rusiei	845
câteva	835
ue	834
trebui	831
una	831
față	827
vă	825
daca	824
acolo	822
faptul	815
ales	814
sale	810
împotriva	804
partea	803
apoi	799
precum	796
mă	794
orice	794
zona	793
puțin	792
arată	790
aici	786
ministrul	780
data	779
oamenii	779
locul	774
președintele	772
copii	771
conform	761
război	754
mulți	748
perioada	747
și-a	744
aproximativ	734
cred	734
ore	732
lumea	716
vom	713
mod	710
nato	708
sua	702
ci	697
l-a	692
moment	683
moldova	679
europa	678
urmă	678
patru	676
energie	674
cazul	668
dată	667
i	662
vorba	662
ruse	652
anunțat	651
luna	649
pare	644
vineri	644
europene	643
privind	640
află	635
rus	633
nivel	632
ziua	631
miercuri	628
general	627
cine	626
numai	623
erau	621
facă	611
plus	611
bun	609
vedere	609
bucurești	604
luat	604
nimic	602
toată	600
vârstă	599
fața	598
covid	596
inclusiv	595
joi	595
prea	591
alături	584
ministerul	584
anului	582
vrea	582
da	581
prezent	578
drept	577
primit	576
spun	573
suntem	573
important	571
scris	570
perioadă	567
precizat	565
alba	561
printre	558
lângă	557
sâmbătă	554
bună	551
decembrie	551
numărul	547
marea	545
începutul	537
transmis	536
altă	533
momentul	526
nouă	526
cazuri	525
unele	524
împreună	523
venit	520
lume	519
nivelul	519
probleme	519
ultimele	518
vine	518
țară	515
guvernul	510
europeană	508
toți	505
totul	504
valoare	504
iunie	499
ianuarie	496
echipa	495
acestui	491
mici	490
duminică	489
ucrainean	489
doua	487
deși	485
noastră	485
dolari	483
miliarde	482
cinci	480
rusă	480
martie	479
primele	479
apă	475
bărbat	475
februarie	475
voi	475
dupa	472
public	470
probabil	468
ele	465
poți	464
pus	461
devenit	460
național	460
octombrie	459
septembrie	458
înseamnă	458
jurul	455
viața	454
asa	453
muncă	452
psd	452
cand	451
războiul	449
total	449
ia	448
putem	446
gaze	442
zelenski	441
intrat	440
mii	440
le-a	439
acestei	437
august	436
rămas	436
s-ar	436
ultima	436
aprilie	435
nimeni	433
proiect	433
ucrainene	432
ajunge	431
români	430
ucraineni	430
deoarece	429
special	428
fostul	425
unii	425
banii	423
iulie	423
văzut	423
european	422
germania	422
alt	421
copiii	420
greu	420
nicio	419
războiului	419
vladimir	419
îți	419
murit	415
caz	414
moscova	414
de-a	413
polițiștii	413
fapt	412
noiembrie	410
crescut	408
online	408
țara	407
scrie	406
mondial	405
acasă	404
privire	404
punct	404
tu	404
romania	402
rămâne	402
statele	402
deci	400
noastre	400
totodată	400
pune	399
cerut	398
viață	398
bărbatul	395
județul	395
mea	395
metri	394
spital	394
ruși	391
având	390
mine	388
centrul	387
cluj	386
aflat	385
baza	385
niciodată	384
continuă	382
r	382
bune	381
militare	380
numele	380
preşedintele	380
aceea	379
ii	379
craiova	378
situația	377
reprezintă	376
publice	375
extrem	374
găsit	374
armata	373
putut	373
securitate	372
urmare	372
primarul	371
tuturor	370
îmi	370
kiev	369
exemplu	368
nostru	368
zilei	368
român	367
încât	366
urmează	365
să-i	364
decis	362
direct	361
pierdut	361
reușit	361
tip	361
județean	360
să-și	360
unite	360
decizia	359
marți	358
minute	358
sănătate	358
compania	357
afaceri	356
facem	356
faţă	356
lunii	356
produs	356
proiectul	355
adăugat	354
respectiv	354
țării	354
aibă	353
anunţat	352
clar	351
faci	349
susține	349
casa	347
doilea	346
începând	346
altfel	345
rusești	344
jumătate	343
niciun	343
rachete	343
același	341
măsuri	341
suceava	341
săptămâni	341
pnl	340
oferă	339
teren	338
km	336
noul	336
puncte	336
familie	335
răspuns	335
departe	334
imediat	334
lună	334
sistemul	334
accident	333
autoritățile	333
informații	333
afla	332
facebook	332
țări	331
presă	330
acestuia	329
oficial	329
lucrurile	327
continuare	326
produse	326
să-l	326
serie	325
ulterior	324
grade	323
locuri	323
mama	323
viitor	323
c	322
exact	322
forțele	321
aceștia	320
explicat	320
vei	320
adică	318
china	318
statului	318
ta	318
începe	318
femeie	317
nicolae	316
posibil	315
acord	314
nr	314
întreaga	314
dus	313
săptămâna	313
orașul	312
publică	312
apărării	311
majoritatea	311
rapid	311
regiunea	311
aşa	310
noua	310
cineva	309
primăria	309
diferite	308
final	308
rândul	308
termen	308
acestora	307
casă	307
cap	305
exista	305
știu	305
recent	304
externe	303
persoanele	303
simplu	303
azi	302
legea	302
acestor	301
liderul	301
pana	301
tine	301
îşi	301
afirmat	300
comunicat	300
locului	299
nord	299
problema	299
vreme	299
familia	298
statul	297
zeci	297
aur	296
duce	296
fara	296
l-au	296
luptă	296
mic	295
urgență	295
ajutor	294
arme	294
vin	294
consiliului	293
meu	293
câte	292
deschis	292
mihai	292
ultimii	292
atac	291
joc	291
premierul	291
scurt	291
speciale	291
măsură	290
națională	290
local	289
importante	288
siguranță	288
succes	288
săptămână	288
timișoara	288
meci	287
continua	286
multă	286
the	286
adus	285
ajutorul	285
anunță	285
intre	285
iulia	285
medicale	285
mesaj	285
ultimul	285
jos	284
plecat	284
schimb	284
anumite	283
consiliul	283
i-au	282
persoană	282
cursul	281
zonă	281
american	280
creștere	280
rutier	280
săi	280
și-au	280
date	279
valoarea	279
lucruri	278
circa	275
politică	273
apărut	272
câștigat	272
mediu	270
seara	270
vremea	270
finalul	269
merge	269
seară	269
ușor	269
vorbit	269
arad	268
destul	268
română	268
drum	267
media	267
sigur	267
prezentat	266
teritoriul	266
vedea	266
uniunea	265
singur	264
aceeași	263
aduce	263
afara	263
cam	263
condus	263
dau	263
locale	263
om	263
stare	263
iohannis	262
orașului	262
biden	261
cat	261
lege	261
număr	261
anii	260
control	260
dea	260
lansat	260
puţin	260
video	260
m	259
piața	259
ajuta	258
dreptul	258
noaptea	258
rând	258
surse	258
cunoscut	257
domeniul	257
legii	257
odată	257
apel	256
lovit	256
oraș	256
funcție	254
militar	254
transport	253
zilele	252
mereu	251
românii	251
arătat	250
femei	250
lucrează	250
niște	250
încercat	250
primi	249
sens	248
târziu	248
usr	248
calitate	247
faţa	247
privește	247
alta	246
ambele	246
dosar	246
mică	246
militară	246
pas	246
publicat	246
puternic	246
ridicat	246
ești	245
fata	245
servicii	245
trimis	245
şi-a	245
electrice	244
mediul	244
totuși	244
vedem	244
oamenilor	243
oferit	243
plan	243
programul	243
proiecte	243
realizat	243
tv	243
ciucă	242
femeia	242
permite	242
zone	242
iași	241
naturale	241
sociale	241
sprijinul	241
oră	240
strada	240
tocmai	240
adevărat	239
creșterea	239
cuvânt	239
înregistrat	239
dan	238
complet	237
doresc	237
drumul	237
necesare	237
republica	237
sistem	237
trece	237
consideră	236
fotbal	236
rău	236
echipă	235
prețul	235
șeful	235
știe	235
copil	233
indiferent	233
reuters	233
sus	233
tara	233
ungaria	233
cere	232
folosit	232
ministru	232
trecută	232
vrut	232
vârsta	232
activitatea	231
contextul	231
imagini	231
întrebat	231
aia	230
guvernului	230
naționale	230
ne-am	230
transmite	230
vezi	230
conducerea	229
ministerului	229
sud	229
vechi	229
andrei	228
meciul	228
dă	227
mers	227
semnat	227
ieri	226
importantă	226
încearcă	226
guvern	225
municipiului	225
normal	225
pace	225
polonia	225
sute	225
întâmplă	225
bucureşti	224
curtea	224
intra	224
măcar	224
poliția	224
problemă	224
văd	224
abia	223
conducere	223
energiei	223
florin	223
kilometri	223
n	223
poliție	223
putere	223
gaz	222
limba	222
motiv	222
spitalul	222
vederea	222
bază	221
eveniment	221
legătură	221
suma	221
închisoare	221
întâmplat	221
alexandru	220
comisia	220
italia	220
adrian	219
calea	219
formă	219
făcute	219
parcursul	219
participat	219
dumnezeu	218
lumii	218
modul	218
municipiul	218
volodimir	218
lua	217
tineri	217
universitatea	217
acuzat	216
auto	216
bugetul	216
copiilor	216
decizie	216
zis	216
jucat	215
serviciul	215
vreo	215
fii	214
lipsa	213
totală	213
decat	212
practic	212
rusii	212
rușii	212
schengen	212
adresa	211
comuna	211
mi-a	211
oferi	211
repede	211
twitter	211
ucraineană	211
est	210
restul	210
vede	210
vorbim	210
penal	209
constanța	208
directorul	208
ion	208
sezonul	208
socializare	208
datelor	207
isi	207
șase	207
acel	206
cale	206
dezvoltarea	206
electrică	206
ma	206
masă	206
păcate	206
sfârșitul	206
stabilit	206
datele	205
organizat	205
pur	205
anterior	204
companiei	204
singura	204
vrei	204
britanie	203
diverse	203
foc	203
george	203
lupta	203
permis	203
sănătății	203
m-am	202
sediul	202
subliniat	202
cauză	201
condițiile	201
controlul	201
nu-i	201
omul	201
rusesc	201
s	201
toti	201
ţară	201
istoria	200
membru	200
mulţi	200
sprijin	200
elevii	199
principal	199
suferit	199
vreau	199
apa	198
reprezentanții	198
starea	198
victime	198
grup	197
iarnă	197
spațiul	197
cont	196
crede	196
finală	196
liber	196
politice	196
simona	196
susținut	196
uniunii	196
înregistrate	196
iată	195
lungul	195
mașina	195
sport	195
interne	194
lista	194
medie	194
politic	194
popescu	194
rolul	194
descoperit	193
legate	193
marţi	193
presa	193
scopul	193
tatăl	193
companii	192
familiei	192
naţional	192
trafic	192
facut	191
ne-a	191
roman	191
singură	191
sezon	190
tău	190
acea	189
deveni	189
lung	189
momente	189
opt	189
partidului	189
proiectului	189
seama	189
serviciile	189
mariupol	188
procesul	188
rezultatul	188
crește	187
personal	187
program	187
române	187
verde	187
vină	187
wta	187
bogdan	186
felul	186
gheorghe	186
armatei	185
dr	185
lucrările	185
maria	185
nume	185
președinte	185
economice	184
elevi	184
mașini	184
medical	184
neagră	184
ro	184
viitoare	184
a-și	183
ajută	183
comun	183
dimineață	183
evenimente	183
grav	183
razboi	183
scăzut	183
trebuia	183
etc	182
evident	182
mondială	182
ocazia	182
posibilitatea	182
rezultat	182
bacău	181
oprit	181
plin	181
state	181
tânăr	181
altele	180
capitalei	180
energia	180
medicul	180
prins	180
pt	180
relatează	180
teste	180
alți	179
lăsat	179
situații	179
vest	179
americani	178
obicei	178
serviciu	178
sorin	178
trupele	178
aer	177
aveau	177
condiții	177
gata	177
il	177
tale	177
viitorul	177
grupul	176
minim	176
orei	176
punctul	176
încredere	176
acesteia	175
ba	175
economia	175
le-au	175
vigoare	175
ciolacu	174
dezvoltare	174
incendiu	174
intră	174
istorie	174
militari	174
născut	174
social	174
zonele	174
acces	173
curs	173
forțelor	173
cnn	172
crăciun	172
klaus	172
niste	172
rata	172
apare	171
ati	171
buni	171
fonduri	171
persoanelor	171
încheiat	171
curând	170
domnul	170
joacă	170
li	170
sectorul	170
întotdeauna	170
asigura	169
centru	169
comisiei	169
oradea	169
radu	169
ridicate	169
turcia	169
bulgaria	168
devine	168
director	168
fiica	168
moartea	168
rețelele	168
stradă	168
afară	167
curent	167
halep	167
mp	167
politica	167
poliției	167
condamnat	166
conflict	166
echipe	166
evenimentul	166
g	166
intrarea	166
lucrări	166
munca	166
oficialii	166
pericol	166
sancțiuni	166
timisoara	166
trebuit	166
continuat	165
copilul	165
mi	165
onu	165
revenit	165
spatele	165
zilnic	165
afp	164
antena	164
criza	164
dintr-o	164
efectuate	164
frontieră	164
membre	164
pandemiei	164
risc	164
situație	164
urmând	164
vasile	164
țările	164
apărare	163
contra	163
invazia	163
liga	163
muncii	163
necesar	163
noroc	163
prețurile	163
uneori	163
ajungă	162
austria	162
autoturism	162
detalii	162
dintr-un	162
fiul	162
nucleare	162
proces	162
armate	161
banca	161
celui	161
cer	161
companie	161
datorită	161
dosarul	161
iaşi	161
jur	161
place	161
povestea	161
specială	161
categoria	160
cărora	160
economic	160
interviu	160
motive	160
n-a	160
poată	160
președintelui	160
românesc	160
afirmă	159
astea	159
căzut	159
europei	159
finala	159
grave	159
ochii	159
veni	159
acordat	158
așteaptă	158
confirmat	158
deloc	158
isu	158
persoana	158
piață	158
poliţiştii	158
schimbat	158
studiu	158
echipei	157
fondul	157
frumos	157
mașină	157
numeroase	157
pagina	157
casei	156
ciuda	156
economică	156
judecată	156
localitatea	156
numit	156
obținut	156
pnrr	156
rezultatele	156
emis	155
locală	155
noapte	155
alimente	154
de-al	154
faca	154
franța	154
noștri	154
raport	154
recunoscut	154
republicii	154
urgenţă	154
german	153
primar	153
propus	153
suficient	153
sânge	153
tone	153
altor	152
apropierea	152
citat	152
depus	152
dorit	152
inca	152
marcel	152
meciuri	152
mesajul	152
sala	152
următoarele	152
victoria	152
zece	152
criză	151
cătălin	151
d	151
făcută	151
internațional	151
parlamentul	151
postat	151
spania	151
toata	151
vară	151
a-i	150
procurorii	150
rezultate	150
site-ul	150
vieții	150
accesul	149
companiile	149
cristian	149
forma	149
foto	149
ideea	149
muzică	149
măsurile	149
povestit	149
centrală	148
fim	148
format	148
găsi	148
invaziei	148
marcat	148
necesară	148
post	148
precizează	148
primăriei	148
protecție	148
scor	148
soția	148
tânărul	148
ucrainenii	148
întâlnit	148
consumul	147
corect	147
ieșit	147
materiale	147
puterea	147
refuzat	147
trecute	147
dorește	146
femeile	146
jucători	146
membrii	146
realitate	146
sper	146
absolut	145
fosta	145
partidul	145
propune	145
urmat	145
următoare	145
capacitatea	144
iau	144
lider	144
multor	144
ordine	144
petrol	144
preț	144
simt	144
sudul	144
activitate	143
alții	143
capitală	143
daniel	143
ioan	143
marius	143
medicii	143
menționat	143
pompierii	143
prezintă	143
sursa	143
tva	143
agerpres	142
celelalte	142
informează	142
internaționale	142
liderii	142
new	142
toţi	142
atenția	141
bărbați	141
colegii	141
contract	141
creat	141
firma	141
investiții	141
problemele	141
produsele	141
puteți	141
serviciului	141
să-şi	141
vrem	141
dispus	140
oricum	140
spitalului	140
înapoi	140
ţări	140
americane	139
consum	139
m-a	139
merg	139
multi	139
mână	139
partid	139
pensii	139
vara	139
acele	138
acțiune	138
așadar	138
existat	138
ipj	138
mie	138
ține	138
b	137
botoșani	137
cererea	137
dezvăluit	137
discutat	137
eram	137
estul	137
grijă	137
plătească	137
pună	137
pământ	137
treilea	137
atacuri	136
aș	136
capul	136
creştere	136
cumva	136
cuvinte	136
financiar	136
folosite	136
herson	136
impus	136
petrecut	136
pregătit	136
reduce	136
spațiu	136
ăsta	136
școală	136
alcool	135
film	135
industria	135
intermediul	135
jocuri	135
l-am	135
picioare	135
plece	135
părinții	135
ţării	135
alimentare	134
dn	134
news	134
stau	134
șapte	134
altceva	133
clasa	133
distrus	133
esti	133
financiare	133
masa	133
mele	133
membri	133
planul	133
preluat	133
spunea	133
vina	133
votat	133
camera	132
contractul	132
direcția	132
folosi	132
grecia	132
lungă	132
plină	132
rece	132
singurul	132
soluții	132
străinătate	132
ați	131
confruntă	131
domeniu	131
macron	131
maxim	131
model	131
plata	131
purtătorul	131
real	131
record	131
românilor	131
rămân	131
scos	131
tare	131
treia	131
viaţa	131
ţara	131
aflate	130
alegerile	130
case	130
cultură	130
i-am	130
ministrului	130
parlament	130
prețurilor	130
prieteni	130
rusi	130
secretarul	130
spate	130
tinerii	130
întâlnire	130
alege	129
atat	129
cetățenilor	129
cod	129
david	129
decese	129
deşi	129
educației	129
interiorul	129
kremlin	129
league	129
luată	129
lucrărilor	129
medic	129
ofere	129
raportat	129
rol	129
simion	129
u	129
uta	129
victorie	129
apar	128
autorităţile	128
citate	128
citată	128
constatat	128
doamna	128
echipamente	128
experiență	128
fusese	128
intervenit	128
locuitori	128
mireasa	128
relație	128
sistemului	128
stiu	128
sută	128
vaslui	128
acțiuni	127
apropiat	127
aveți	127
britanic	127
capitala	127
cetățenii	127
concurs	127
imaginile	127
linia	127
lupte	127
orban	127
pierde	127
plătit	127
prietenii	127
statelor	127
sumă	127
top	127
agenția	126
andreea	126
aspectul	126
astia	126
calificat	126
cfr	126
câțiva	126
elena	126
luate	126
moscovei	126
măsura	126
poartă	126
angajat	125
belarus	125
civili	125
dreapta	125
efectuat	125
fiu	125
folosesc	125
l	125
linie	125
medicală	125
noile	125
proba	125
părăsit	125
rămână	125
serviciilor	125
treaba	125
acelaşi	124
intervenție	124
pozitiv	124
schimba	124
acești	123
activități	123
aprobat	123
caută	123
discuții	123
fc	123
juca	123
județ	123
le-am	123
occidentale	123
primesc	123
printr-o	123
terenul	123
venituri	123
înalt	123
avertizat	122
avioane	122
boli	122
csm	122
des	122
mircea	122
naţională	122
obiectiv	122
omicron	122
pandemie	122
participa	122
piaţa	122
prezenta	122
propria	122
provocat	122
sisteme	122
trimite	122
crească	121
drepturile	121
dumneavoastră	121
gol	121
h	121
iti	121
ocupă	121
puternică	121
reducerea	121
reuşit	121
vizează	121
zic	121
întâmpla	121
ajute	120
beneficia	120
calcul	120
calitatea	120
dna	120
domnului	120
dovedit	120
imagine	120
internațională	120
ne-au	120
pacienți	120
relația	120
sa-i	120
scădere	120
sensul	120
traficul	120
aeriene	119
club	119
conduce	119
meargă	119
mondiale	119
platforma	119
polițiști	119
schimbare	119
securitatea	119
sine	119
studii	119
suplimentare	119
susțin	119
telefon	119
știm	119
adica	118
angajați	118
artă	118
atenție	118
dai	118
deosebit	118
dincolo	118
județului	118
mediului	118
obține	118
paris	118
poti	118
printr-un	118
riscul	118
sfântul	118
vot	118
apropiere	117
auzit	117
căruia	117
decizii	117
firme	117
internet	117
jocul	117
milion	117
p	117
postul	117
pui	117
puternice	117
satu	117
sursă	117
varianta	117
vehicule	117
vizită	117
a-l	116
ajung	116
antrenorul	116
cercetare	116
culoare	116
energetică	116
finanțare	116
hai	116
joe	116
locali	116
mei	116
munte	116
prevede	116
regiunii	116
scenă	116
socială	116
societatea	116
york	116
act	115
buna	115
construit	115
dimineața	115
fiindcă	115
global	115
implicate	115
institutul	115
judeţul	115
mâna	115
nucleară	115
ocupat	115
penală	115
perfect	115
programului	115
sănătatea	115
timiș	115
undeva	115
atins	114
bihor	114
cercetările	114
comerciale	114
comună	114
crimeea	114
deschide	114
devină	114
etapa	114
inițial	114
mâine	114
orașe	114
publicului	114
scop	114
sezonului	114
trecerea	114
vacanță	114
vizita	114
închis	114
context	113
frumoasă	113
gazprom	113
guvernare	113
judeţean	113
mijlocul	113
motivul	113
parlamentului	113
pensiile	113
propriu	113
regiune	113
transportul	113
ucis	113
vadă	113
voie	113
anual	112
constantin	112
decedat	112
dolj	112
dovadă	112
generală	112
major	112
marii	112
plăti	112
pro	112
smurd	112
aflau	111
articol	111
buget	111
carte	111
chișinău	111
cluj-napoca	111
intervalul	111
oare	111
oară	111
profesor	111
pun	111
realizate	111
românești	111
sibiu	111
situaţia	111
sta	111
televiziune	111
vad	111
valori	111
adaugă	110
atacat	110
atacurile	110
cetățeni	110
consilier	110
devreme	110
energetic	110
gen	110
identificat	110
legale	110
lucian	110
nordul	110
numărului	110
plată	110
resurse	110
rănite	110
săptămânii	110
tânăra	110
școlar	110
adesea	109
bate	109
cupa	109
căreia	109
deocamdată	109
dragoste	109
elisabeta	109
fizice	109
fostului	109
instagram	109
kievului	109
lucrat	109
orele	109
puse	109
satul	109
să-ți	109
val	109
victima	109
ținut	109
administrația	108
anilor	108
considerat	108
contează	108
deschise	108
desigur	108
economie	108
economiei	108
ediție	108
elevilor	108
insula	108
minte	108
pai	108
pensie	108
pic	108
premier	108
proiectele	108
părți	108
serghei	108
terminat	108
tras	108
trump	108
urcat	108
vedeta	108
zero	108
aderarea	107
adoptat	107
ajutat	107
america	107
funcționează	107
numără	107
oficiale	107
omului	107
privat	107
realitatea	107
reținut	107
românească	107
uitat	107
weekend	107
întrucât	107
aceştia	106
desfășoară	106
disponibile	106
distanță	106
furat	106
gravă	106
implicat	106
n-au	106
pandemia	106
parcare	106
precedent	106
suferă	106
vaccinare	106
viaţă	106
zice	106
șef	106
aceeaşi	105
anume	105
blocat	105
cercetări	105
comune	105
echipaj	105
etapă	105
evaluare	105
explică	105
istoric	105
jucătorii	105
muzeul	105
naţionale	105
publicul	105
raportate	105
redus	105
regiunile	105
sectorului	105
societate	105
solicitat	105
temperaturile	105
timpului	105
șoferul	105
anterioară	104
atacul	104
australia	104
centrului	104
comparativ	104
crezut	104
dorim	104
dreptate	104
europeni	104
gabriela	104
inima	104
insa	104
lunar	104
regina	104
susţine	104
vestul	104
x	104
încerca	104
şase	104
adevărul	103
așteptat	103
biserica	103
copilului	103
costurile	103
grele	103
inspectoratului	103
interes	103
lumina	103
maximă	103
oficiali	103
premiul	103
produce	103
sume	103
tratament	103
vâlcea	103
întors	103
învățământ	103
aparatul	102
bbc	102
ceilalți	102
cunosc	102
gura	102
harkov	102
marele	102
moarte	102
oficială	102
open	102
populația	102
punctele	102
salariul	102
spectacol	102
unitate	102
întâi	102
şeful	102
accidentului	101
aflată	101
carieră	101
constant	101
dificil	101
energetice	101
financiară	101
ii-a	101
jucător	101
lasă	101
londra	101
notează	101
nuclear	101
occidentul	101
poveste	101
presei	101
private	101
propunerea	101
prost	101
regional	101
răspunsul	101
sfârșit	101
tenis	101
treacă	101
unități	101
viata	101
vorbesc	101
arăta	100
bisericii	100
city	100
contul	100
călătorie	100
depinde	100
faptului	100
fcsb	100
iarna	100
incendiul	100
informaţii	100
intr-o	100
merită	100
mâncare	100
palatul	100
politici	100
pregătită	100
sars-cov	100
serios	100
simți	100
specifice	100
tari	100
tur	100
acordul	99
alegeri	99
arestat	99
cancer	99
cariera	99
cereale	99
discuție	99
fanii	99
gazul	99
impuse	99
mesaje	99
musk	99
organizarea	99
pornit	99
prim	99
rafila	99
realizarea	99
scorul	99
situat	99
stabili	99
suprafață	99
surprins	99
sursei	99
tvr	99
unitatea	99
înaintea	99
încep	99
acțiunile	98
americanii	98
anunțul	98
campionatul	98
catre	98
documente	98
duc	98
forţele	98
fugit	98
galben	98
goluri	98
inainte	98
include	98
irina	98
lemn	98
poporul	98
străini	98
sunteți	98
temporar	98
trupe	98
unic	98
acela	97
aeroportul	97
animale	97
aveam	97
avion	97
cuprinse	97
droguri	97
festivalul	97
fizic	97
frumoase	97
lux	97
modelul	97
of	97
par	97
poziția	97
primii	97
producție	97
prof	97
refugiați	97
ruşi	97
școala	97
accidentul	96
cameră	96
coronavirus	96
creşterea	96
cultural	96
deasupra	96
fotografii	96
imaginea	96
impotriva	96
parcul	96
prezența	96
raza	96
rog	96
subiect	96
titlul	96
îngrijiri	96
întrebări	96
știi	96
antrenor	95
autostrada	95
bloc	95
dispoziție	95
durata	95
false	95
familii	95
i-ar	95
impactul	95
puține	95
rutiere	95
sfârşitul	95
trăiesc	95
altul	94
atrage	94
boală	94
carne	94
comunicare	94
condusă	94
declarație	94
dinamo	94
dori	94
francez	94
oana	94
observat	94
respectivă	94
sandu	94
scena	94
schimbarea	94
schimbări	94
soțul	94
spunând	94
supraveghere	94
înțeles	94
alina	93
anchetă	93
angajații	93
armament	93
aspect	93
brașov	93
caldă	93
contracte	93
crea	93
domiciliu	93
emisiunii	93
filme	93
fizică	93
funcţie	93
funcția	93
mandat	93
penale	93
pitești	93
părinți	93
regimul	93
respins	93
rănit	93
scurtă	93
soldați	93
stea	93
utilizarea	93
virusul	93
acuză	92
afacerilor	92
bruxelles	92
chinei	92
donbas	92
ediția	92
evenimentului	92
infrastructurii	92
inseamna	92
jocurile	92
kievul	92
marca	92
menține	92
mi-am	92
negru	92
oraşul	92
raportul	92
teatru	92
vinde	92
viteză	92
întoarce	92
asigură	91
capăt	91
culturii	91
deputatul	91
efectele	91
filmul	91
folosească	91
judecătoria	91
modele	91
partide	91
pragul	91
soldații	91
specialitate	91
stie	91
valorile	91
circulație	90
costă	90
djokovic	90
donețk	90
drumuri	90
idei	90
interior	90
kg	90
legat	90
lucreze	90
majore	90
mana	90
moldovei	90
parcă	90
popor	90
poporului	90
postare	90
propriile	90
rapide	90
spună	90
stil	90
tudor	90
virgil	90
vorbește	90
afectat	89
anunţă	89
aplicat	89
asigurat	89
cartea	89
celsius	89
crearea	89
cumpărat	89
demisia	89
efect	89
eficient	89
găsească	89
iei	89
ilegal	89
ilie	89
izbucnit	89
libertatea	89
magazin	89
negocieri	89
occident	89
organizate	89
pachet	89
preţul	89
prețuri	89
primă	89
rușilor	89
răzvan	89
simte	89
sperăm	89
telefonul	89
termenul	89
tipuri	89
trupelor	89
aducă	88
amenzi	88
apreciat	88
argeș	88
discuta	88
emisiunea	88
lavrov	88
legi	88
legătura	88
liberă	88
liviu	88
locurile	88
lovitură	88
paul	88
personale	88
populației	88
preşedintelui	88
probe	88
promis	88
qatar	88
scandal	88
sf	88
suedia	88
taxe	88
testat	88
trăit	88
aerian	87
alegerea	87
campania	87
centrala	87
cj	87
convins	87
cunoscută	87
degrabă	87
electricitate	87
evita	87
granița	87
grea	87
influența	87
limita	87
live	87
medii	87
ocazie	87
poliţiei	87
posibilă	87
practică	87
părere	87
reginei	87
semnificativ	87
stă	87
sunat	87
transilvania	87
vaccin	87
voluntari	87
întocmit	87
administrației	86
alertă	86
ana	86
art	86
bucura	86
cheie	86
cheltuielile	86
civile	86
deplasat	86
dezvoltării	86
dăm	86
electric	86
hotel	86
impact	86
informat	86
infrastructura	86
instituții	86
ordin	86
popa	86
părea	86
recomandă	86
regim	86
regiuni	86
romanii	86
salariu	86
soluție	86
specialiștii	86
tema	86
trecere	86
veniturile	86
veți	86
avertizează	85
bunuri	85
campanie	85
centrale	85
comunei	85
crime	85
câştigat	85
căldură	85
diferența	85
drumurile	85
educație	85
facturile	85
folosește	85
franţa	85
grupului	85
incidentul	85
interzis	85
locuitorii	85
marian	85
minutul	85
negativ	85
olanda	85
ordinul	85
pauză	85
personalul	85
ridică	85
romaniei	85
semn	85
semne	85
set	85
tehnic	85
temperaturi	85
toții	85
umane	85
update	85
voturi	85
ștefan	85
actuală	84
aplică	84
apărea	84
autoritatea	84
cateva	84
cealaltă	84
celei	84
clădiri	84
considerare	84
căci	84
dedicat	84
deține	84
dragi	84
elemente	84
firmele	84
informațiile	84
inspectoratul	84
kilograme	84
kremlinului	84
medicamente	84
militarii	84
noii	84
oficialul	84
opinia	84
piese	84
pleacă	84
podul	84
poliţie	84
programe	84
sală	84
turul	84
unirii	84
veche	84
vreun	84
zaporojie	84
albă	83
atras	83
camerei	83
cate	83
cazurile	83
central	83
civilă	83
fapte	83
favoarea	83
gândit	83
hotnews	83
independent	83
indicat	83
produselor	83
regionale	83
simțit	83
srl	83
tribunalul	83
târgu	83
votul	83
şi-au	83
africa	82
alex	82
apropie	82
autorităților	82
capacitate	82
categorie	82
comentarii	82
comunitate	82
conflictul	82
curte	82
cărui	82
deschisă	82
efecte	82
fericire	82
festival	82
fotografie	82
interesant	82
largă	82
marile	82
medici	82
n-am	82
natural	82
nu-l	82
parc	82
partener	82
portul	82
preţurile	82
producția	82
retragerea	82
ruseşti	82
spitale	82
titlu	82
vorbi	82
vândut	82
școli	82
apărarea	81
autoturisme	81
corpul	81
cumpere	81
decide	81
deschiderea	81
dublu	81
eforturile	81
f	81
legal	81
magazine	81
marginea	81
mării	81
parteneriat	81
partida	81
planurile	81
poliţia	81
pompieri	81
pădure	81
radio	81
reprezentanţii	81
scoate	81
societății	81
sărbătoare	81
totalul	81
vazut	81
actor	80
aduse	80
armată	80
asistență	80
beneficiază	80
buzău	80
cantitatea	80
clubului	80
conflictului	80
datoria	80
dificilă	80
durată	80
echipele	80
exclusiv	80
federația	80
gazele	80
gazelor	80
macar	80
ocupa	80
principalele	80
retras	80
tehnică	80
telegram	80
întreg	80
aerul	79
americană	79
biroul	79
bătut	79
circula	79
codul	79
condiţiile	79
contractului	79
corp	79
desfășurat	79
dvs	79
evenimentele	79
folosirea	79
fondurile	79
gabriel	79
germaniei	79
idee	79
mișcare	79
obiectivul	79
ochi	79
oms	79
pleca	79
populară	79
posibile	79
presiune	79
priveşte	79
procedura	79
referitoare	79
ridicată	79
romani	79
similare	79
solicită	79
transformat	79
turneul	79
udrea	79
încheie	79
închise	79
cerere	78
clubul	78
crezi	78
eliminarea	78
luăm	78
misiune	78
partenerii	78
pensiilor	78
popovici	78
profit	78
rapidă	78
rau	78
regulă	78
rezolva	78
sportiv	78
sănătăţii	78
t	78
termice	78
test	78
universității	78
următoarea	78
verzi	78
washington	78
întâlni	78
actual	77
amendă	77
asociația	77
bucură	77
centre	77
charles	77
drone	77
existente	77
fritz	77
lumină	77
negative	77
oraş	77
personală	77
presupune	77
protecția	77
publicate	77
pusă	77
responsabil	77
reveni	77
răspunde	77
simptome	77
să-mi	77
traian	77
vlad	77
înaltă	77
afectate	76
altii	76
aruncat	76
asigurări	76
baie	76
bucurie	76
băiatul	76
categorii	76
concret	76
costa	76
crizei	76
dezvoltat	76
dmitri	76
documentele	76
faza	76
folosită	76
făcea	76
haine	76
inflația	76
infracțiunii	76
invitat	76
lucra	76
masiv	76
mergem	76
nişte	76
opri	76
oraşului	76
pozitive	76
primite	76
relații	76
speră	76
statutul	76
teatrul	76
transporturilor	76
uite	76
victor	76
vizitat	76
acte	75
actuala	75
aeriană	75
apartament	75
armele	75
canada	75
clădirea	75
consumatorii	75
continue	75
cunoscute	75
decenii	75
deplasare	75
dispărut	75
estimează	75
federației	75
firea	75
fond	75
front	75
inceput	75
incident	75
intrare	75
johnson	75
mărturisit	75
plajă	75
prezentate	75
preşedinte	75
prieten	75
privința	75
proteja	75
păi	75
realiza	75
slab	75
spunem	75
sărbători	75
tehnice	75
tânără	75
valea	75
vis	75
vânzare	75
înțelege	75
air	74
artistul	74
atinge	74
așteptăm	74
consumatorilor	74
credit	74
cristina	74
cucerit	74
dedicată	74
der	74
discursul	74
existe	74
exprimat	74
finlanda	74
gratuit	74
iasă	74
județene	74
kremlinul	74
libertate	74
liceu	74
lipsă	74
localitate	74
maia	74
malul	74
modificări	74
mutat	74
noului	74
obţinut	74
oricine	74
pregătire	74
proiectelor	74
reprezentat	74
sa-si	74
sanitare	74
schimbă	74
transmise	74
turneului	74
ştiu	74
ţările	74
afecta	73
as	73
aștepta	73
cadru	73
cartierul	73
celălalt	73
completat	73
coreea	73
cîțu	73
desfășura	73
distruse	73
durat	73
făcut-o	73
generație	73
găsesc	73
infrastructură	73
invazie	73
madrid	73
mamă	73
meciurile	73
mijloace	73
mulțime	73
mulțumesc	73
net	73
obiective	73
oferite	73
participarea	73
partidele	73
perspectiva	73
poţi	73
premieră	73
regele	73
regulile	73
respect	73
rețeaua	73
robert	73
rutieră	73
salariile	73
sancțiunile	73
scrisă	73
sufletul	73
totuşi	73
transportat	73
unit	73
unitățile	73
următorii	73
victoriei	73
acceptat	72
agriculturii	72
ambulanță	72
artista	72
asigure	72
aşteaptă	72
blocuri	72
bărbatului	72
candidat	72
cazare	72
cetăţeni	72
combustibil	72
competiție	72
comunitatea	72
criticat	72
cs	72
dinspre	72
doamne	72
ducă	72
efort	72
fals	72
fete	72
forme	72
forța	72
găsită	72
impune	72
interesele	72
intr-un	72
lansarea	72
mintea	72
organizată	72
participă	72
politicienii	72
preferat	72
profesională	72
ramane	72
resursele	72
soldat	72
strategic	72
sălaj	72
teme	72
traseul	72
variante	72
vremuri	72
vreodată	72
încheia	72
întregii	72
șofer	72
actualul	71
analiza	71
beneficii	71
bucur	71
clasamentul	71
companiilor	71
cărei	71
căsătorit	71
declară	71
definitiv	71
diferit	71
dorința	71
dura	71
dureri	71
eliberat	71
fază	71
festivalului	71
flori	71
imi	71
inclus	71
indicele	71
interesul	71
istorice	71
it	71
japonia	71
larg	71
legată	71
locuințe	71
lugansk	71
nasa	71
natură	71
obiectivele	71
oltenia	71
organizează	71
poarta	71
premii	71
salarii	71
sancţiuni	71
scăpat	71
stabilite	71
strâns	71
tehnologie	71
tinerilor	71
trage	71
întregul	71
și-ar	71
aduc	70
agenţia	70
aplicate	70
articolul	70
atent	70
clasă	70
clădire	70
colaborare	70
colegi	70
declarații	70
forță	70
frică	70
gândesc	70
menţionat	70
mergi	70
mobile	70
naștere	70
pacienții	70
planuri	70
rachetele	70
reamintim	70
ruble	70
sat	70
scuze	70
suflet	70
temperatura	70
urss	70
vizat	70
a-şi	69
aceleași	69
actuale	69
adunat	69
alegi	69
anterioare	69
aplicare	69
aprovizionare	69
articole	69
ascuns	69
bnr	69
boala	69
camere	69
campionat	69
canalul	69
comentariile	69
culturale	69
cumpăra	69
cuplu	69
diana	69
efectiv	69
fix	69
folosind	69
furt	69
google	69
neapărat	69
necesită	69
ni	69
ocupate	69
pielea	69
primarului	69
primului	69
profesorul	69
promovarea	69
propriul	69
rar	69
razboiul	69
riscă	69
răniți	69
spații	69
sportive	69
uita	69
unirea	69
uşor	69
vaccinarea	69
von	69
într-adevăr	69
șansă	69
ședință	69
acordarea	68
aderare	68
afectată	68
afectează	68
alin	68
amintim	68
apei	68
arate	68
cuvântul	68
devin	68
discuțiile	68
drepturi	68
faceți	68
feminin	68
generale	68
internaţional	68
internați	68
listă	68
misiunea	68
novak	68
or	68
pacienților	68
permanent	68
pierderi	68
populare	68
primăvară	68
schimbe	68
simplă	68
soare	68
stabilirea	68
străine	68
tancuri	68
ulei	68
vestea	68
întrebare	68
învățat	68
școlii	68
știri	68
adevărată	67
apară	67
biserică	67
bugetului	67
băncii	67
campionatului	67
care-l	67
cereri	67
cerul	67
clienți	67
completă	67
câți	67
deciziile	67
departamentul	67
discurs	67
dumitru	67
globale	67
guvernatorul	67
hotărâre	67
infectare	67
lansare	67
libere	67
maxime	67
mihail	67
mijloc	67
mort	67
pregătește	67
prezenți	67
protest	67
reguli	67
revine	67
roșu	67
s-o	67
semnificativă	67
situației	67
sovietice	67
susţinut	67
terapie	67
toamnă	67
zăpadă	67
întâlniri	67
actorul	66
agenției	66
anaf	66
apariția	66
centrele	66
cheltuieli	66
circulația	66
circulă	66
colegiul	66
condiţii	66
călători	66
deplin	66
desi	66
dialog	66
externă	66
internă	66
jumătatea	66
marin	66
material	66
medicină	66
mureș	66
odesa	66
perioade	66
piaţă	66
profesori	66
spaţiul	66
sri	66
străzile	66
trec	66
ultimă	66
ungariei	66
vehicul	66
vârste	66
activitățile	65
adjunct	65
arena	65
asociației	65
atâta	65
avocatul	65
cazurilor	65
climatice	65
contact	65
cresc	65
câștiga	65
destinate	65
efectuează	65
femeilor	65
filmat	65
implică	65
instituției	65
managerul	65
meteo	65
negre	65
nevoile	65
obiecte	65
organizatorii	65
parchetului	65
plăcut	65
politicieni	65
populație	65
sare	65
singuri	65
standard	65
stânga	65
suprafața	65
te-ai	65
tratamentul	65
trezit	65
udmr	65
usa	65
valul	65
ziarul	65
încheierea	65
învins	65
şapte	65
țin	65
aflați	64
ala	64
anglia	64
conducea	64
consilierul	64
construcții	64
cuprinde	64
cursuri	64
declanșat	64
definitivă	64
digi	64
femeii	64
fiscal	64
frecvent	64
grupa	64
ies	64
impactului	64
imposibil	64
instituțiile	64
liberal	64
livrările	64
lungime	64
majorarea	64
mamei	64
municipal	64
mâinile	64
obligat	64
oferte	64
primărie	64
recentă	64
reducere	64
salvare	64
scholz	64
scăderea	64
secret	64
spitalele	64
tipul	64
tren	64
trimise	64
valentin	64
zbor	64
întrebarea	64
înțeleg	64
anm	63
casele	63
concursul	63
construirea	63
credem	63
cubi	63
cîmpeanu	63
decesul	63
declarațiile	63
deosebire	63
desfășurare	63
document	63
domenii	63
domnule	63
drepturilor	63
focul	63
frontierei	63
făcând	63
găsim	63
igor	63
infecție	63
informare	63
instanță	63
justiție	63
lansată	63
lideri	63
limită	63
localității	63
lovituri	63
maximum	63
mașinile	63
petre	63
petrolul	63
pierderile	63
pieței	63
pregătite	63
pregătiți	63
pretul	63
principala	63
provocare	63
punem	63
puțini	63
reacție	63
realizată	63
roma	63
secretar	63
show	63
situaţie	63
soarta	63
solicitarea	63
stai	63
strategie	63
susținerea	63
tarile	63
terenuri	63
totalitate	63
transmit	63
uciși	63
urmărit	63
victimă	63
ședința	63
adulți	62
aleg	62
atp	62
automat	62
autoturismul	62
cetățean	62
clară	62
contribuie	62
culpă	62
cultura	62
căror	62
debutul	62
depuse	62
economici	62
estimată	62
finalizarea	62
fratele	62
guardian	62
iancu	62
ieși	62
ilfov	62
institutului	62
investiţii	62
liceul	62
lire	62
majoritate	62
medvedev	62
negocierile	62
nota	62
oferta	62
pib	62
pop	62
poziție	62
pregătirea	62
presiunea	62
preventiv	62
primească	62
principală	62
profesorii	62
purta	62
remarcat	62
respective	62
rest	62
rezervă	62
scară	62
serbia	62
seria	62
sfânta	62
situată	62
soarelui	62
sosit	62
stadionul	62
studiul	62
topul	62
următorul	62
țină	62
activ	61
active	61
adresat	61
altora	61
asigurarea	61
bazează	61
bombardamentele	61
campion	61
comercial	61
cosmin	61
cupei	61
degeaba	61
depistat	61
descoperi	61
doze	61
enorm	61
erdogan	61
familiile	61
firmă	61
forţelor	61
identificate	61
istoriei	61
lansate	61
liderului	61
minori	61
noştri	61
orașele	61
parcurs	61
preia	61
premierului	61
prevăzute	61
procedură	61
roșii	61
secrete	61
sesizat	61
similară	61
site	61
somn	61
sosirea	61
sprijini	61
studiile	61
suspendat	61
titluri	61
treabă	61
trimită	61
turneu	61
viktor	61
viteza	61
vârf	61
întreagă	61
acţiuni	60
afle	60
ataca	60
avionul	60
business	60
bătaie	60
cercetătorii	60
cifra	60
conferință	60
considerată	60
consilierii	60
cărți	60
daune	60
digitale	60
dj	60
dosare	60
eliberarea	60
emil	60
experiența	60
extinderea	60
factori	60
firmei	60
fructe	60
grupuri	60
israel	60
judecătorii	60
ligii	60
mobil	60
moderne	60
nevoia	60
olimpice	60
performanță	60
pod	60
posturi	60
purtat	60
respectat	60
secunde	60
sovietică	60
stingere	60
strategia	60
trenul	60
umanitare	60
urban	60
volan	60
vântul	60
înceapă	60
înscris	60
întâlnirea	60
știință	60
alb	59
albe	59
apelul	59
aplicația	59
ars	59
avere	59
clienții	59
comunist	59
conturi	59
cota	59
dimineaţă	59
directă	59
drumului	59
expirat	59
gorj	59
grija	59
grindeanu	59
găsite	59
hotărârea	59
https	59
importurile	59
incredibil	59
india	59
intern	59
internat	59
invitați	59
juniori	59
morți	59
pcr	59
primește	59
procesului	59
publicată	59
reală	59
respecte	59
revină	59
roșie	59
sa-l	59
soție	59
stilul	59
străzi	59
suficiente	59
sănătos	59
timis	59
turiști	59
variantă	59
verificări	59
veste	59
volumul	59
zahăr	59
însemna	59
șanse	59
actrița	58
adăugând	58
agent	58
alegere	58
ambii	58
apple	58
arata	58
autovehicule	58
azovstal	58
berlin	58
biologice	58
birou	58
bulevardul	58
cadou	58
carmen	58
chinez	58
comportament	58
constituie	58
continuarea	58
conține	58
deșeuri	58
didactice	58
dodon	58
eliminat	58
evaluarea	58
eventual	58
extinde	58
fiscale	58
genul	58
incendiului	58
informațiilor	58
intens	58
intervină	58
iubire	58
litru	58
majoră	58
management	58
maşini	58
modificarea	58
motivele	58
obțină	58
opera	58
origine	58
periculoase	58
peskov	58
planeta	58
praf	58
producătorii	58
profil	58
proteste	58
rază	58
relatat	58
robor	58
rânduri	58
sancțiunilor	58
scape	58
scrisoare	58
spectacolul	58
spui	58
subiectul	58
super	58
tată	58
taxele	58
unică	58
utilizat	58
ușoară	58
v	58
vaccinat	58
victorii	58
începerea	58
ți	58
afacere	57
agresiune	57
amintit	57
argint	57
asia	57
autospecială	57
biroului	57
bombardat	57
bucuresti	57
băncile	57
capital	57
competiția	57
concert	57
constanţa	57
corpului	57
căutat	57
determinat	57
echipajul	57
efectuarea	57
estimat	57
extins	57
faptele	57
gradul	57
grand	57
găsești	57
inflației	57
iubita	57
joace	57
judiciar	57
langa	57
las	57
lot	57
mingea	57
minune	57
modalitate	57
nea	57
nopții	57
oriunde	57
petru	57
povești	57
prezente	57
prezenţa	57
prețului	57
principalul	57
procurorul	57
proprietarul	57
provoacă	57
regimului	57
reprezenta	57
ritmul	57
si-a	57
siguranța	57
sincer	57
sistemele	57
sora	57
strict	57
trai	57
trăim	57
zonei	57
acorda	56
actul	56
alexandra	56
aspecte	56
autorul	56
benzină	56
candidați	56
cantitate	56
comentat	56
costuri	56
critică	56
crize	56
cui	56
curaj	56
câștigă	56
dați	56
deceniu	56
dedicate	56
emmanuel	56
funcționa	56
gest	56
implicarea	56
industrie	56
internaţionale	56
interval	56
ioana	56
iubesc	56
le-ar	56
legală	56
leyen	56
luptat	56
meteorologii	56
mi-au	56
minime	56
modern	56
numită	56
omologul	56
organizația	56
partenerul	56
platformă	56
polițiștilor	56
potrivită	56
precedentă	56
propaganda	56
ratat	56
rural	56
răspundă	56
salvat	56
sebeș	56
secol	56
sector	56
sexuală	56
simple	56
specialiști	56
structura	56
superior	56
surpriză	56
termic	56
ukraina	56
victimele	56
videoclip	56
șoferi	56
știți	56
țărilor	56
acasa	55
accidente	55
administrarea	55
agricole	55
alocat	55
bancă	55
bianca	55
bode	55
botoşani	55
bucătărie	55
bărbații	55
ccr	55
cererii	55
chefi	55
combaterea	55
conformitate	55
costul	55
creșterii	55
culori	55
depăși	55
dezbatere	55
dificile	55
doctor	55
documentul	55
eficiente	55
examenul	55
explozie	55
fenomen	55
greșit	55
hotărât	55
hristos	55
ieftin	55
integral	55
intenționează	55
introdus	55
ionuț	55
iubirii	55
justiției	55
l-ar	55
lase	55
lipsit	55
magazinele	55
necesitatea	55
occidentului	55
papa	55
prevenirea	55
preventivă	55
producător	55
proprietate	55
propuneri	55
provocări	55
purtător	55
rachetă	55
regale	55
schimbările	55
siguranţă	55
similar	55
soluţii	55
sumele	55
televiziunea	55
tradiționale	55
utilizatorii	55
xi	55
youtube	55
înalte	55
înregistrată	55
actele	54
analize	54
analiză	54
ancheta	54
anre	54
armă	54
avans	54
clare	54
clienților	54
confruntat	54
consumului	54
consumă	54
conturile	54
dani	54
declarația	54
deplasa	54
distrugerea	54
exclus	54
extraordinar	54
for	54
fotbalist	54
frunte	54
iese	54
implementarea	54
includ	54
inițiativa	54
instanța	54
intervenția	54
investiție	54
lungi	54
materie	54
mg	54
mor	54
normale	54
oricând	54
parchetul	54
personalului	54
petrolului	54
piele	54
plătite	54
probele	54
profesional	54
serii	54
sportivi	54
stele	54
tiktok	54
transnistria	54
viorel	54
vorbească	54
înregistrează	54
îţi	54
ăla	54
aflăm	53
anchetatorii	53
and	53
artist	53
blaj	53
britanii	53
cartier	53
colegilor	53
comise	53
comunității	53
confirmate	53
depune	53
deputat	53
deschidere	53
devenind	53
diferență	53
dimensiuni	53
dominic	53
doză	53
dublă	53
eforturi	53
egal	53
experții	53
frontiera	53
germane	53
hunedoara	53
infectate	53
interese	53
investigații	53
iulian	53
kwh	53
localități	53
manchester	53
matei	53
medicilor	53
muzica	53
măsurilor	53
ocupe	53
ofertă	53
opus	53
ordinea	53
pavel	53
perfectă	53
pistol	53
poliţişti	53
popular	53
profesionale	53
promovare	53
proprii	53
puterii	53
părerea	53
reale	53
referă	53
relațiile	53
renunțat	53
ridicarea	53
secolul	53
securității	53
secției	53
sfântului	53
simtă	53
situaţii	53
slovacia	53
sol	53
solicita	53
sportului	53
sterline	53
stins	53
teritoriile	53
teritoriu	53
tir	53
uităm	53
us	53
variola	53
viena	53
împlinit	53
încercăm	53
închide	53
înscrie	53
acordate	52
activității	52
afecțiuni	52
agresiunea	52
ambasadorul	52
anca	52
antrenament	52
apropiate	52
arest	52
arma	52
artilerie	52
atenţia	52
blue	52
bucurat	52
competiției	52
construi	52
consumatori	52
creeze	52
creşte	52
criminal	52
criminale	52
câmpul	52
dacia	52
dezvolta	52
după-amiază	52
dure	52
echipaje	52
emise	52
eugen	52
explozii	52
exporturile	52
fabrica	52
frica	52
frig	52
funcţia	52
făceau	52
galați	52
greșeală	52
internate	52
introducerea	52
italian	52
lacrimi	52
locuința	52
masina	52
modernizarea	52
momentan	52
normală	52
ok	52
pachetul	52
participe	52
perioadei	52
ploaie	52
ploi	52
postului	52
preotul	52
prevederile	52
producerea	52
profund	52
părăsească	52
referire	52
relativ	52
respectă	52
restaurant	52
restricții	52
rețea	52
scriu	52
senatului	52
specialist	52
statistică	52
steaua	52
stării	52
substanțe	52
succesul	52
teritorii	52
traficului	52
treptat	52
uman	52
următor	52
vocea	52
vânt	52
întregi	52
ştie	52
accepta	51
acordă	51
administraţia	51
aferente	51
alea	51
ambasada	51
aminte	51
anulat	51
apartamente	51
apere	51
apăra	51
atâtea	51
australian	51
bandă	51
birouri	51
băiat	51
calificarea	51
carierei	51
carnea	51
citit	51
complexul	51
consumat	51
contribuit	51
curții	51
cuvintele	51
direcției	51
dsp	51
durează	51
elev	51
evoluția	51
executare	51
fericit	51
fiecărui	51
finalizat	51
fum	51
furnizarea	51
indică	51
jocului	51
licitație	51
maşina	51
momentele	51
multiple	51
national	51
naturală	51
obligatorie	51
obligatoriu	51
oprească	51
organizației	51
pat	51
patra	51
pedeapsă	51
permit	51
petrece	51
piata	51
plecarea	51
ploiești	51
prahova	51
pregătesc	51
preţ	51
provoca	51
recomandat	51
referitor	51
respectarea	51
salva	51
scade	51
schimbul	51
secția	51
start	51
times	51
vaccinul	51
valabil	51
vrancea	51
încrederea	51
acoperă	50
acordului	50
agricultură	50
anuală	50
anumit	50
aprobarea	50
artiști	50
atacului	50
austriei	50
belgia	50
blindate	50
bombe	50
brusc	50
cancelarul	50
cauzate	50
chef	50
chemat	50
chestiune	50
clădirii	50
comunicatul	50
concluzia	50
corectă	50
cuza	50
descoperite	50
descris	50
diplomatice	50
dispune	50
distruge	50
drag	50
dîncu	50
etajul	50
etape	50
filmului	50
guvernamentale	50
implicați	50
istanbul	50
jiu	50
locuiesc	50
lăsa	50
manager	50
mass-media	50
messi	50
mobilizare	50
nevoiți	50
niciunul	50
obținerea	50
obținute	50
parteneri	50
pasageri	50
pilot	50
populaţia	50
prodan	50
producţia	50
părinților	50
păstra	50
păstrat	50
reducă	50
reglementare	50
renunțe	50
reusit	50
scrise	50
semnal	50
semnificative	50
situatia	50
suport	50
supus	50
sărit	50
taie	50
teatrului	50
termina	50
turism	50
tăiat	50
vedeți	50
viceprimarul	50
vorbă	50
è	50
șor	50
achiziție	49
agenţiei	49
agenții	49
alţi	49
aparține	49
apelat	49
armelor	49
ascunde	49
atitudine	49
baia	49
bank	49
boris	49
budapesta	49
campioana	49
caute	49
ceremonia	49
clădirile	49
construcție	49
creează	49
cutremur	49
câștige	49
călătorii	49
danemarca	49
depășit	49
digital	49
dinainte	49
disputa	49
dl	49
elon	49
engleză	49
evite	49
factor	49
fanilor	49
fetele	49
focului	49
generat	49
giurgiu	49
guvernele	49
hectare	49
hârtie	49
implicată	49
informația	49
insistat	49
investițiile	49
istorică	49
john	49
jucătorilor	49
leziuni	49
masculin	49
medalii	49
monica	49
mulțumit	49
nadal	49
oug	49
ovidiu	49
paralel	49
plătesc	49
porc	49
primelor	49
programată	49
pâine	49
pământul	49
revelion	49
răsturnat	49
secolului	49
secund	49
solidaritate	49
spirit	49
startul	49
studenți	49
sugerează	49
taxa	49
tehnologia	49
timişoara	49
universitar	49
urmată	49
vieţii	49
voastre	49
web	49
www	49
împrumut	49
șansa	49
acelasi	48
acuzațiile	48
acționează	48
adoptată	48
animalelor	48
anti-covid	48
aplicarea	48
aveti	48
beijing	48
bere	48
bilete	48
cafea	48
ceară	48
certificat	48
cetăţenilor	48
cifre	48
cifrele	48
comiterea	48
construcția	48
contractele	48
corporală	48
dorești	48
dovezi	48
efectul	48
electronic	48
eminescu	48
evolua	48
evoluat	48
excepție	48
facultatea	48
fier	48
filmare	48
furnizate	48
generalul	48
georgia	48
greutate	48
ideal	48
ieșire	48
industriale	48
inspectorii	48
iubit	48
iubitul	48
locuință	48
mica	48
n-ar	48
noastra	48
nu-mi	48
obiect	48
onoare	48
organiza	48
pacea	48
parlamentare	48
partidei	48
periculos	48
petrecere	48
picioarele	48
preţurilor	48
primei	48
ridica	48
riscuri	48
rupt	48
rusa	48
sc	48
scoată	48
scump	48
scădea	48
secundă	48
stoltenberg	48
tarii	48
trebuiau	48
vizibil	48
wimbledon	48
îndoială	48
şcolar	48
știut	48
acei	47
acţiune	47
acțiunea	47
aiba	47
alimentară	47
amenințare	47
americii	47
atitudinea	47
atmosfera	47
banilor	47
becali	47
bănci	47
băsescu	47
băuturi	47
cadouri	47
caracter	47
centralei	47
comanda	47
conduc	47
conducătorul	47
cuprins	47
căuta	47
căutarea	47
declara	47
dezvăluie	47
dobrogea	47
dovada	47
dreptului	47
edilul	47
efortul	47
emisiuni	47
explica	47
fugă	47
gunoi	47
identitate	47
ilegale	47
instituție	47
inteleg	47
intensificări	47
intensivă	47
izolat	47
judecat	47
luați	47
lungu	47
masca	47
maşină	47
min	47
motorină	47
nicușor	47
nu-și	47
nunta	47
obiectul	47
operațiunile	47
piardă	47
piatra	47
pierderea	47
platforme	47
plângere	47
programat	47
proprietarii	47
pătrați	47
rca	47
sex	47
stabilirii	47
sticlă	47
strategice	47
sunteti	47
toamna	47
totusi	47
turiștii	47
tăi	47
unuia	47
uriașe	47
usor	47
ușoare	47
vii	47
vorbind	47
vârful	47
învăţământ	47
ştefan	47
șoferii	47
agresiv	46
ajungem	46
ajutoare	46
alăturat	46
anghel	46
anunț	46
apele	46
aplica	46
aprovizionarea	46
autorități	46
banat	46
bancare	46
bursa	46
capitolul	46
circulaţie	46
civililor	46
clasament	46
cnair	46
comandă	46
comis	46
controale	46
demers	46
demonstrat	46
diferită	46
domeniile	46
electronice	46
executiv	46
fani	46
finanțarea	46
formarea	46
fostei	46
fruntea	46
furniza	46
gala	46
gratuite	46
iliescu	46
importanța	46
individ	46
individual	46
invadarea	46
jandarmi	46
lovitura	46
lunile	46
meciului	46
mijloacele	46
minor	46
modernizare	46
moneda	46
morții	46
mulțumim	46
n-ai	46
natura	46
negat	46
negocierilor	46
niciodata	46
numește	46
ortodoxe	46
panică	46
participanți	46
pedeapsa	46
poloniei	46
port	46
portugalia	46
potrivite	46
prelungit	46
propunere	46
punctat	46
ramas	46
recunoaște	46
regională	46
reprezentantul	46
reprezentând	46
ritm	46
rusească	46
rusilor	46
râul	46
scandalul	46
scenariul	46
sfaturi	46
soluția	46
sondaj	46
sportivă	46
subliniază	46
teoretic	46
transferul	46
treime	46
trupul	46
turc	46
ucrainenilor	46
ursula	46
valabilă	46
vecine	46
vândute	46
vânzarea	46
zboruri	46
încălzire	46
aeroport	45
animalele	45
asociate	45
astazi	45
autospeciale	45
autoturismului	45
azov	45
blocate	45
bulgariei	45
bunurile	45
camerele	45
campaniei	45
ce-i	45
cercetat	45
clinic	45
cm	45
comitetul	45
complex	45
consider	45
creier	45
deces	45
deosebită	45
deplasarea	45
desfăşoară	45
discuţii	45
disponibil	45
emisiune	45
evacuarea	45
execuție	45
ferm	45
finele	45
furnizorii	45
gamă	45
germană	45
grâu	45
gând	45
ieșirea	45
investitori	45
izolare	45
juridice	45
kuleba	45
lapte	45
lasa	45
legile	45
lipsei	45
lotul	45
majorare	45
membrilor	45
merita	45
mihaela	45
obișnuit	45
organismul	45
parca	45
pericolul	45
perspectivă	45
pline	45
plătește	45
principale	45
problemelor	45
procurori	45
produc	45
puteau	45
recente	45
referință	45
refugiaţi	45
refuză	45
retrage	45
retragă	45
sate	45
scaun	45
sepsi	45
si-au	45
sigură	45
slujba	45
spart	45
spectacole	45
strategii	45
stream	45
stârnit	45
subiecte	45
sărbătoarea	45
testul	45
transporta	45
tratat	45
turciei	45
turismului	45
ucrainienii	45
uită	45
vama	45
verificat	45
zelensky	45
înregistrare	45
înțelegere	45
a-ți	44
ajungând	44
alternative	44
anunța	44
apelor	44
atace	44
aud	44
aurescu	44
avantaj	44
avantaje	44
avertizare	44
avram	44
bea	44
bombă	44
budăi	44
carbon	44
colectiv	44
comportamentul	44
convenit	44
cooperare	44
costel	44
deciziei	44
delta	44
dobânzilor	44
dpa	44
element	44
evidență	44
facturi	44
fapta	44
ferată	44
foame	44
formată	44
formează	44
fsb	44
griji	44
iphone	44
k	44
lea	44
legislația	44
linii	44
locuiește	44
locuit	44
mamaia	44
mandatul	44
meteorologie	44
mi-e	44
miliard	44
mobilizarea	44
muncitori	44
muzeului	44
mănâncă	44
nave	44
națiunilor	44
nefericire	44
nevoit	44
năstase	44
observa	44
ocuparea	44
olaf	44
olt	44
operațiuni	44
pacienţi	44
palatului	44
pasul	44
plac	44
plastic	44
pofida	44
prelua	44
prioritate	44
procent	44
promovat	44
proprie	44
proprietatea	44
protecţie	44
provocate	44
pământului	44
părțile	44
reabilitarea	44
redusă	44
refugiații	44
responsabili	44
restaurante	44
românca	44
roxana	44
salariilor	44
satului	44
sebastian	44
semnul	44
separat	44
serioase	44
sportiva	44
stabilită	44
sună	44
săvârșirii	44
tem	44
tentativă	44
termeni	44
testarea	44
totale	44
transfer	44
ucrainieni	44
vedete	44
închisă	44
întoarcă	44
șefului	44
acoperi	43
acţiunile	43
aderării	43
alcoolice	43
aleasă	43
alianța	43
angajaţi	43
arestare	43
atenți	43
autostradă	43
beneficiat	43
blocului	43
bombardamente	43
canalizare	43
carol	43
credite	43
creșteri	43
cursa	43
cînd	43
căutare	43
decisiv	43
denumirea	43
diagnosticate	43
dragostea	43
dreaptă	43
drulă	43
dur	43
efectua	43
evenimentelor	43
existența	43
faceti	43
finanțe	43
fiscală	43
fondurilor	43
formula	43
franței	43
funcții	43
furnizor	43
globală	43
gust	43
gândim	43
gândul	43
harry	43
incendii	43
industriei	43
instanței	43
integrarea	43
interimar	43
jurnalist	43
laurențiu	43
leagă	43
legume	43
mandate	43
marchează	43
mașinii	43
metoda	43
metode	43
minimum	43
netflix	43
noilor	43
numarul	43
omor	43
on	43
organism	43
parlamentari	43
permise	43
personaj	43
plante	43
play-off	43
plâns	43
potențial	43
precis	43
predat	43
prezinte	43
privată	43
produsul	43
racheta	43
refugiaților	43
repetat	43
responsabilitatea	43
resurselor	43
rezolve	43
scadă	43
scumpe	43
siria	43
spiritul	43
strategică	43
suplimentar	43
telefoane	43
testare	43
trăiască	43
utilizate	43
uzina	43
ușa	43
violență	43
vizitei	43
vulnerabile	43
vânzările	43
wagner	43
zalău	43
zodia	43
încercare	43
încălcarea	43
înlocui	43
întârziere	43
înțeleagă	43
abuz	42
argeş	42
badea	42
bancar	42
bineînțeles	42
britanice	42
băut	42
cadre	42
cald	42
celebra	42
cercetărilor	42
cetatea	42
colaborarea	42
conducerii	42
confirmă	42
considerate	42
copilărie	42
corespunzător	42
creste	42
crimă	42
datorii	42
deputaților	42
deschidă	42
durerea	42
educaţiei	42
epoca	42
examen	42
experiențe	42
eşti	42
factura	42
fată	42
favorită	42
fermierii	42
fetița	42
fotbalului	42
francisc	42
inimă	42
interesante	42
interzise	42
james	42
judeţului	42
județe	42
legislativ	42
limitat	42
localitățile	42
luptele	42
memoria	42
mm	42
modificare	42
modificat	42
obligația	42
oferim	42
one	42
pacient	42
pacientul	42
parcarea	42
participanții	42
pereche	42
permită	42
piept	42
plâng	42
politicii	42
poze	42
primită	42
ptr	42
părintele	42
părut	42
păstrează	42
raluca	42
regula	42
reluarea	42
romanilor	42
ronaldo	42
râs	42
rămânem	42
răni	42
salutat	42
salveze	42
severe	42
sexual	42
sferturi	42
soarele	42
spațiului	42
steagul	42
transportate	42
tribunalului	42
umanitar	42
uriașă	42
victimelor	42
vinerea	42
încercarea	42
întâmple	42
înțelegem	42
șansele	42
școlile	42
activităților	41
aplicație	41
autorităţilor	41
averea	41
bacalaureat	41
bat	41
blocul	41
bogat	41
bogată	41
campanii	41
ceai	41
chimice	41
considerabil	41
construite	41
cost	41
cotidianul	41
cumperi	41
cunoaște	41
câine	41
daea	41
digitală	41
donald	41
doza	41
echipament	41
educația	41
elementele	41
eroare	41
finanţare	41
gara	41
gazului	41
germani	41
grad	41
impresia	41
inapoi	41
infracţiunii	41
inițială	41
instituția	41
inteles	41
introduce	41
jinping	41
lacul	41
leu	41
masive	41
muniție	41
organele	41
patrulea	41
pași	41
periculoasă	41
petrom	41
pierd	41
piesa	41
povestește	41
preveni	41
prim-ministru	41
propuse	41
protecţia	41
provin	41
rată	41
reacționat	41
redresare	41
responsabilitate	41
reuși	41
rețelei	41
rost	41
semnate	41
sexuale	41
sigure	41
soț	41
speranța	41
suspendarea	41
tesla	41
transportată	41
traseu	41
unora	41
urmărește	41
urmări	41
util	41
șefa	41
țintă	41
acceptă	40
aceeasi	40
acuma	40
adevarat	40
admis	40
adriana	40
agresat	40
aiud	40
ajungi	40
alcoolului	40
alternativă	40
apropo	40
apucat	40
arestarea	40
argentina	40
avertisment	40
avioanele	40
beneficiari	40
binele	40
bmw	40
brad	40
bronz	40
bucuria	40
băieți	40
cauze	40
cca	40
ceaușescu	40
celebrul	40
cert	40
certificate	40
certificatul	40
ciprian	40
codului	40
concursului	40
construită	40
contribui	40
controlate	40
conținut	40
creată	40
cristi	40
curajul	40
cursă	40
cuțite	40
câmp	40
departamentului	40
design	40
dezvolte	40
dețin	40
directe	40
direcție	40
disputat	40
doreşte	40
eficientă	40
exclusivitate	40
executat	40
facturilor	40
federaţia	40
forțat	40
fug	40
gheață	40
gigi	40
grădina	40
harta	40
himars	40
inflaţia	40
infracțiuni	40
instituțiilor	40
intampla	40
intervenţie	40
interzice	40
liberalii	40
loto	40
luat-o	40
medicului	40
misiuni	40
municipalitatea	40
neamț	40
occidentali	40
ofițer	40
opoziție	40
pagube	40
parțial	40
pensionarii	40
plafonarea	40
plăți	40
portocaliu	40
pregăti	40
presedinte	40
prevăzută	40
producţie	40
profesionist	40
proiectare	40
punerea	40
reabilitare	40
recuperare	40
reduse	40
reghecampf	40
regulat	40
reluat	40
reprezentant	40
rezolvarea	40
reţinut	40
romana	40
scenariu	40
secții	40
stația	40
stii	40
stingerea	40
sud-estul	40
sursele	40
susținere	40
televizor	40
umană	40
umple	40
urmărire	40
venirea	40
veniturilor	40
viziune	40
viziunea	40
volanul	40
vândă	40
world	40
zici	40
îndreaptă	40
întorc	40
învață	40
ştim	40
acopere	39
acuzații	39
administrare	39
administrativ	39
administrație	39
alegerilor	39
analizat	39
aprobată	39
asigurată	39
atacurilor	39
balint	39
biletele	39
blocată	39
bolnav	39
brut	39
bugetar	39
bărbaţi	39
citește	39
claudiu	39
coaliție	39
comandantul	39
comitetului	39
confort	39
consolidarea	39
conteaza	39
corupție	39
dana	39
dans	39
depusă	39
diferenta	39
distrugere	39
doamnă	39
echipajele	39
ecran	39
fiți	39
forțe	39
frecvente	39
frontul	39
furnizori	39
gb	39
găsește	39
hitler	39
ieftine	39
iii	39
internaţională	39
intersecția	39
j	39
judecători	39
jurnalistul	39
legislative	39
lucrul	39
m-au	39
magistrații	39
mall	39
masini	39
menționează	39
metodă	39
mia	39
n-are	39
nefiind	39
normativ	39
norocul	39
nuntă	39
ocazii	39
operațiune	39
operațiunea	39
opțiune	39
park	39
per	39
poarte	39
politician	39
poza	39
prezentă	39
prim-ministrul	39
prizonieri	39
proastă	39
producători	39
publicația	39
reacții	39
realizează	39
referendum	39
respecta	39
rochie	39
scăzute	39
semifinale	39
siret	39
stadiul	39
studenții	39
suplimentară	39
tehnica	39
temporară	39
teritoriului	39
trimiși	39
trăiește	39
tulcea	39
unităţi	39
urme	39
vinovat	39
vitamina	39
zilnice	39
îmbrăcat	39
însuși	39
întâlnirii	39
învățământul	39
ţine	39
academia	38
achiziționarea	38
activităţi	38
adăpost	38
aerului	38
ambasadei	38
anamaria	38
anunțate	38
aparat	38
arta	38
atacată	38
autobuz	38
bai	38
barcelona	38
blinken	38
camion	38
capabil	38
clase	38
colegiului	38
completa	38
conducta	38
conferința	38
continuate	38
controlului	38
cotroceni	38
create	38
cristiano	38
cumpărături	38
curat	38
călărași	38
deosebite	38
descarcerare	38
despărțit	38
dezastru	38
diicot	38
direcţia	38
discutăm	38
discuţie	38
domiciliul	38
dumitrescu	38
durere	38
episod	38
excelentă	38
exterior	38
farul	38
flăcări	38
generații	38
group	38
gătit	38
iluminat	38
imperiul	38
inițiat	38
instabilitate	38
instrumente	38
interesează	38
intervenții	38
investit	38
investiția	38
jucătoare	38
jucătorul	38
județele	38
liderilor	38
lucrarea	38
majorat	38
marcate	38
minciuni	38
modelele	38
monitorizare	38
municipiu	38
natalia	38
nenumărate	38
note	38
obligă	38
ocupație	38
oportunități	38
opune	38
opțiuni	38
plăcea	38
postarea	38
probă	38
regelui	38
relaxare	38
repetate	38
rezerva	38
roland	38
scoala	38
scoase	38
scăpa	38
seamă	38
sec	38
serialul	38
soluţie	38
sud-est	38
supremă	38
taiwan	38
teamă	38
text	38
tineretului	38
turistice	38
univ	38
urmele	38
urmeze	38
verii	38
victimei	38
viza	38
vizibile	38
încercând	38
încetat	38
înlocuit	38
însoțit	38
întreabă	38
abandonat	37
abordare	37
acoperit	37
activează	37
adevarul	37
adăuga	37
afganistan	37
alexander	37
alimentele	37
amenințat	37
anexarea	37
anpc	37
anumită	37
apeluri	37
apropiați	37
asumat	37
bre	37
brăila	37
bucovina	37
campionatele	37
canale	37
care-i	37
categoriile	37
centura	37
citează	37
complexe	37
conference	37
controlat	37
costum	37
criterii	37
critice	37
cunoască	37
cândva	37
câștig	37
călin	37
cărbune	37
debutat	37
demonstrează	37
depășește	37
destinație	37
determina	37
dimineaţa	37
discută	37
disponibilă	37
distanţă	37
doneţk	37
dragnea	37
duminica	37
echilibru	37
echipamentele	37
economii	37
esențiale	37
evoluție	37
excepția	37
exemple	37
exprimare	37
extindere	37
facultate	37
fiecărei	37
fiicei	37
finanțelor	37
garda	37
greutatea	37
gruparea	37
gât	37
ha	37
impresionat	37
incat	37
international	37
ivan	37
limite	37
livrare	37
livrat	37
locurilor	37
luhansk	37
mae	37
marketing	37
matematică	37
materialele	37
modă	37
motor	37
multa	37
mărfuri	37
niveluri	37
observă	37
operatorul	37
oprirea	37
panouri	37
participare	37
persoanei	37
picior	37
piciorul	37
plaja	37
polonez	37
porturile	37
preţuri	37
prime	37
primăvara	37
proceduri	37
producă	37
prognoza	37
puțină	37
păcii	37
părţi	37
păstreze	37
reacția	37
recrutare	37
recurs	37
rădăuți	37
salvarea	37
salvatorii	37
sancţiunile	37
sarcină	37
sergiu	37
shi	37
simptomele	37
sorana	37
statut	37
structurile	37
străin	37
suficientă	37
summitul	37
surpriza	37
susţin	37
săvârșirea	37
temă	37
terenului	37
termică	37
tinere	37
trimestrul	37
uleiul	37
unu	37
volum	37
încet	37
ăștia	37
academiei	36
accepte	36
achiziția	36
administrative	36
adoptate	36
agenda	36
aliații	36
alocate	36
amenințări	36
amintesc	36
amploare	36
anchetei	36
angajaților	36
anunțată	36
arte	36
aruncă	36
auzi	36
azil	36
bacau	36
bombardamentelor	36
brazilia	36
break	36
băieții	36
calendarul	36
campionilor	36
carantină	36
castelul	36
ceilalţi	36
cetatenii	36
cetăţenii	36
civil	36
clasat	36
colectare	36
comercială	36
comerț	36
componente	36
concediu	36
concrete	36
concurenții	36
conducă	36
consiliu	36
constantinescu	36
controlează	36
cooperarea	36
croația	36
cuprinsă	36
curse	36
câţiva	36
detaliile	36
dezvoltate	36
distribuit	36
doare	36
documentelor	36
eforturilor	36
egalitate	36
elveția	36
etaje	36
exclude	36
exemplul	36
experți	36
expus	36
extinse	36
extinsă	36
fabrică	36
fenomenul	36
fericită	36
filmele	36
finalizate	36
fine	36
formare	36
fotografiile	36
golul	36
gărzii	36
ieşit	36
imobiliare	36
impozite	36
individuale	36
infecții	36
invadat	36
invers	36
lansa	36
limitele	36
litri	36
lucrăm	36
manifestă	36
martin	36
micul	36
militarilor	36
moș	36
mâini	36
napoca	36
ouă	36
pacate	36
percheziții	36
podului	36
populaţiei	36
potrivește	36
pozitivă	36
praga	36
preluată	36
principiu	36
privinţa	36
prăbușit	36
publici	36
puteam	36
păr	36
părinţii	36
părul	36
rang	36
recomandări	36
reflectă	36
regală	36
reprezentanți	36
reuniunea	36
româneşti	36
sarcina	36
senat	36
sfert	36
sint	36
situa	36
slam	36
stocare	36
sumei	36
superioare	36
suprafaţă	36
susțină	36
sînt	36
săli	36
tatălui	36
teritoriale	36
terorist	36
textul	36
tragedie	36
tronsonul	36
urca	36
vecinii	36
voastră	36
vorbea	36
vota	36
vreți	36
vânătoare	36
vătămare	36
îndeamnă	36
înregistra	36
şcoala	36
şcoală	36
știa	36
știam	36
ținte	36
acționat	35
aducem	35
ajutăm	35
ambulanţă	35
amenajarea	35
amplasate	35
amândoi	35
ansamblu	35
anularea	35
arafat	35
armat	35
atenţie	35
atmosferă	35
așteptare	35
așteptați	35
baschet	35
bucha	35
bunul	35
burse	35
calde	35
campioană	35
cehia	35
cererile	35
ciudat	35
co	35
coada	35
complicat	35
comunicarea	35
comunitar	35
conchis	35
conduse	35
constatate	35
constă	35
consuma	35
continuu	35
credeam	35
crimele	35
culorile	35
culturală	35
cîrstea	35
depună	35
dimensiunea	35
dispozitive	35
doamnei	35
dobândă	35
dor	35
dulce	35
ediţie	35
executivul	35
existau	35
facute	35
felix	35
fermă	35
finlandei	35
folosim	35
forta	35
fotbalul	35
franceze	35
garros	35
genera	35
graniță	35
importanță	35
inculpatul	35
independența	35
inteligente	35
iulius	35
joci	35
kim	35
laborator	35
lansează	35
liniile	35
lipsește	35
livrarea	35
locuitorilor	35
marfă	35
medalia	35
miezul	35
minus	35
mobilă	35
mortal	35
muzicale	35
mâncat	35
neagă	35
notă	35
octavian	35
olimpic	35
omv	35
opinie	35
oportunitate	35
opta	35
ordonat	35
oricât	35
oricărui	35
pagini	35
parlamentară	35
paște	35
permisul	35
perneș	35
personaje	35
petrescu	35
pește	35
plăcută	35
porumb	35
potențialul	35
precipitații	35
premiu	35
prezență	35
prințul	35
procentul	35
procurorilor	35
producătorul	35
puteri	35
rafael	35
rea	35
reforme	35
regatul	35
religioase	35
reușește	35
reţelele	35
riscurile	35
rutieri	35
râului	35
răspundere	35
saj	35
sfârşit	35
societăți	35
solicitați	35
speriat	35
sportul	35
sprijinirea	35
sprijină	35
stabilă	35
stadion	35
sărbătorilor	35
tata	35
teama	35
tendința	35
timișoarei	35
to	35
trenuri	35
trimisă	35
tulburări	35
universităţii	35
urgențe	35
van	35
verificare	35
vești	35
vicepreședintele	35
vizate	35
închidă	35
încălzirea	35
înmatriculare	35
ăia	35
şef	35
activat	34
actori	34
afirmațiile	34
alianței	34
aliat	34
alimentar	34
amintește	34
anticorupție	34
aparate	34
apropiată	34
aseară	34
audieri	34
aurel	34
avantajul	34
bazată	34
bazele	34
bd	34
bijuterii	34
bordul	34
britanici	34
canal	34
cedat	34
celebru	34
chestiuni	34
chipul	34
cifră	34
cinema	34
citi	34
clasic	34
click	34
comentariu	34
comparație	34
concerte	34
concurenți	34
conferințe	34
constituit	34
construiască	34
culoarea	34
deţine	34
dialogul	34
diplomației	34
dramatic	34
ecrane	34
etilotest	34
exactitate	34
explice	34
faptelor	34
federal	34
finale	34
ford	34
formele	34
fructele	34
frumoasa	34
funcționare	34
furnizat	34
gazdele	34
gimnazială	34
hrană	34
implicare	34
incepe	34
independente	34
ins	34
integrat	34
jucătoarea	34
județeană	34
lazăr	34
legatura	34
locuia	34
locuinței	34
lovi	34
lugoj	34
mandatului	34
martor	34
materialul	34
max	34
membră	34
menite	34
mese	34
minut	34
mișcarea	34
modernă	34
n-o	34
nativii	34
nu-ți	34
obligatorii	34
ofensiva	34
oferind	34
operatorii	34
organizare	34
organizații	34
oricare	34
pasagerii	34
petrecerea	34
platformei	34
poduri	34
populatia	34
poziţia	34
practica	34
preferate	34
președinta	34
prinde	34
producerii	34
rand	34
rate	34
reciproc	34
repriză	34
reuniune	34
rezistență	34
ridice	34
rudele	34
rugăm	34
râmnicu	34
serioasă	34
slabe	34
societăţii	34
spectatori	34
străzii	34
studiului	34
sănătoasă	34
teleorman	34
tragedia	34
tratamente	34
trăi	34
ul	34
uscată	34
uz	34
variabil	34
venea	34
verificărilor	34
versiune	34
virtual	34
îndemnat	34
însărcinată	34
învins-o	34
şoferul	34
ținta	34
aceşti	33
afacerea	33
alţii	33
angajare	33
anton	33
apariție	33
apreciază	33
apărute	33
armand	33
asigurare	33
asociat	33
asteapta	33
baraj	33
bazate	33
cabinetul	33
cadrele	33
client	33
complicate	33
condiția	33
confortul	33
contractelor	33
contrar	33
convingă	33
corespunzătoare	33
corina	33
cumpără	33
cuplul	33
cântat	33
desemnat	33
destinat	33
dotarea	33
elicoptere	33
eurovision	33
evitarea	33
extremă	33
felicitări	33
fotbalistul	33
frații	33
gama	33
game	33
gestionarea	33
granițele	33
gratis	33
grație	33
gură	33
gândești	33
găsiți	33
găzdui	33
identificarea	33
identitatea	33
iisus	33
implicit	33
importanți	33
impună	33
inflaţiei	33
informație	33
intensă	33
interesați	33
intervalului	33
investitorii	33
investițiilor	33
ionescu	33
iranul	33
japoniei	33
jens	33
laura	33
licitația	33
limbă	33
literatura	33
locuinţe	33
lovită	33
mark	33
marte	33
mască	33
metrou	33
mil	33
momentului	33
mută	33
nas	33
nivelului	33
oarecare	33
ordonanța	33
parlamentarii	33
partenerilor	33
paturi	33
pielii	33
pierdere	33
pietoni	33
piețe	33
polițist	33
populaţie	33
potabilă	33
prezenţi	33
privirile	33
propun	33
protejarea	33
provine	33
publica	33
păcat	33
rare	33
recunosc	33
rege	33
reia	33
reper	33
reprezentanților	33
reușesc	33
rezolvat	33
rurală	33
răniţi	33
sancționat	33
scurte	33
semnarea	33
setul	33
severin	33
siberia	33
sofia	33
soldaților	33
soluțiile	33
specii	33
spumă	33
stabilească	33
stabilitate	33
stan	33
strat	33
stăm	33
surprinzător	33
taxă	33
tensiunile	33
testele	33
tradiția	33
tradițional	33
trist	33
ucide	33
uk	33
unității	33
utilizatorilor	33
v-a	33
vacanţă	33
versiunea	33
viitorului	33
violent	33
virusului	33
vântului	33
înălțime	33
ședinței	33
activi	32
adresează	32
afacerile	32
afectați	32
aleksandr	32
analizate	32
antibiotice	32
apărat	32
argumente	32
artistic	32
asistenţă	32
asociaţia	32
atare	32
austriac	32
bolii	32
bord	32
britanică	32
bucure	32
bucurăm	32
calificare	32
camioane	32
cancerul	32
cantități	32
categoric	32
cauta	32
celorlalți	32
cheia	32
cheltuit	32
chineze	32
coborât	32
conferinţă	32
constantă	32
conțin	32
credeți	32
creditele	32
cumpărare	32
căderea	32
demult	32
depozite	32
desfășurate	32
detaliu	32
dificultăți	32
dormi	32
dragoș	32
dunării	32
elicopterul	32
elimina	32
esențial	32
esențială	32
europe	32
europeana	32
finalizare	32
flăcările	32
forum	32
francezi	32
franceză	32
fura	32
fure	32
gavrilița	32
glumă	32
grupă	32
gânduri	32
hainele	32
horia	32
imobile	32
indivizi	32
infectări	32
ingrediente	32
inspirat	32
instituţii	32
interveni	32
intervin	32
invită	32
italiei	32
iubește	32
judeţ	32
judiciare	32
lemne	32
limitate	32
liverpool	32
locație	32
lăsați	32
maimuței	32
maramureș	32
menționate	32
mercedes	32
mercenari	32
minimă	32
minsk	32
minunat	32
moare	32
mobilier	32
muzicală	32
mănăstirea	32
naționala	32
normele	32
obiceiuri	32
odata	32
ofensivă	32
omorât	32
pachete	32
pasiunea	32
patronul	32
pensionari	32
pfizer	32
piatră	32
pildă	32
plafonare	32
plecare	32
plăcere	32
posibilitate	32
prefectul	32
preluarea	32
prevederilor	32
prietenilor	32
primaria	32
programate	32
programele	32
promite	32
promova	32
prosti	32
provocările	32
rareș	32
replică	32
respinge	32
restricțiile	32
rezidențiale	32
rock	32
romane	32
rundă	32
rusesti	32
ruta	32
rămase	32
salariale	32
salvamont	32
samsung	32
san	32
seamănă	32
sesiune	32
sferturile	32
siguranta	32
sistemelor	32
solicitări	32
soţia	32
specific	32
spuneau	32
stalin	32
stim	32
stop	32
stres	32
structuri	32
supravegherea	32
suspect	32
suspendare	32
suveranitatea	32
tabăra	32
tai	32
tau	32
transforma	32
transformă	32
trenurile	32
trimestru	32
trimit	32
trupa	32
ucidere	32
uciderea	32
unanimitate	32
uriaș	32
urmeaza	32
utilizatori	32
vai	32
violente	32
viu	32
voia	32
vostru	32
vânzări	32
west	32
încasat	32
încerc	32
încetare	32
înființarea	32
îngrijire	32
întrebările	32
învinsă	32
absolvit	31
accelerat	31
actorii	31
admitere	31
adunarea	31
aeronave	31
apartamentul	31
asemănătoare	31
austriece	31
avansate	31
averse	31
banda	31
ben	31
beneficiile	31
beton	31
bilanțul	31
black	31
bolnavi	31
braşov	31
bunica	31
capete	31
cartofi	31
cioloș	31
citând	31
coaliției	31
comisie	31
concentrează	31
concluzie	31
condamnare	31
condițiilor	31
contactat	31
controla	31
coordonarea	31
craiovei	31
creadă	31
critic	31
culmea	31
cântăreața	31
dejun	31
democrat	31
depozitare	31
derulat	31
descoperă	31
desfășurarea	31
dezvoltă	31
dezvăluiri	31
deținut	31
difuzat	31
dispozitiv	31
doborât	31
duelul	31
experienţă	31
expert	31
explodat	31
explozia	31
expuse	31
extraordinară	31
fiecăruia	31
firesc	31
frontului	31
garantat	31
gestul	31
gorbaciov	31
grigore	31
ilegală	31
implementat	31
incidente	31
incinta	31
influenţa	31
iniţial	31
inițiativă	31
instrument	31
intrăm	31
investiţiile	31
iosif	31
iran	31
iumor	31
iveală	31
judecătorul	31
juridic	31
kazahstan	31
kw	31
liceului	31
limbi	31
lovește	31
lăudat	31
manifestat	31
mc	31
mediafax	31
menținerea	31
microbuz	31
minerale	31
mădălina	31
nava	31
nivelurile	31
nord-est	31
oprită	31
organizaţia	31
pensia	31
pensionare	31
peter	31
petreacă	31
piesă	31
plasat	31
politicile	31
preferă	31
presiuni	31
prilej	31
prinși	31
procedurile	31
procuratura	31
procuror	31
profesorilor	31
prostii	31
protejeze	31
protestele	31
puţine	31
păstrarea	31
recupera	31
registrul	31
regiunilor	31
relevante	31
revista	31
revistă	31
rugat	31
răspunsuri	31
sanitară	31
semnalat	31
sesiuni	31
severă	31
situate	31
spectaculoase	31
sperie	31
sun	31
superioară	31
susținută	31
sărbătorile	31
talent	31
tariful	31
telefoanele	31
terestre	31
tineret	31
totdeauna	31
tramvai	31
transplant	31
transportului	31
united	31
urmărească	31
urs	31
ușă	31
vaccinați	31
valorilor	31
vecin	31
vi	31
virus	31
visul	31
viteze	31
william	31
zborurile	31
împărțit	31
îndeplinit	31
înființat	31
înot	31
învețe	31
științe	31
administrativă	30
administraţiei	30
agresiunii	30
alimentelor	30
amenda	30
amintiri	30
amânat	30
aparținând	30
aplice	30
apreciate	30
artiștii	30
asigurăm	30
atata	30
aude	30
autonomie	30
autostrăzii	30
aștept	30
baltice	30
beat	30
begu	30
biciclete	30
bogați	30
bolilor	30
bunurilor	30
băgat	30
bătrân	30
caci	30
calculator	30
california	30
caniculă	30
champions	30
clasice	30
clipă	30
coaliția	30
completarea	30
confirma	30
considera	30
continuăm	30
costat	30
crăciunului	30
cugir	30
cumpara	30
cursurile	30
datorează	30
demarat	30
democratic	30
depozit	30
depunere	30
descrie	30
destule	30
deținute	30
duci	30
dură	30
echivalentul	30
editat	30
egală	30
electorale	30
electorală	30
electrica	30
emiterea	30
emoțiile	30
eventuală	30
faptei	30
fetiță	30
fifa	30
fire	30
folosești	30
foștii	30
functie	30
fundul	30
goale	30
grame	30
grupării	30
ideile	30
implica	30
impozitele	30
industrial	30
influență	30
inimile	30
instalarea	30
integritatea	30
interesat	30
iubită	30
joaca	30
judecătoriei	30
justiţiei	30
liniște	30
litoralul	30
localnici	30
logica	30
loviturile	30
luarea	30
lăsăm	30
majoritar	30
mamele	30
manifesta	30
mapn	30
marina	30
mecanism	30
medalie	30
medicina	30
miza	30
modalitatea	30
modului	30
neamţ	30
numesc	30
numărat	30
oficialilor	30
orar	30
ortodox	30
pasajul	30
pasionat	30
platoul	30
plimbare	30
poziţie	30
pregătească	30
prelungirea	30
preot	30
prevăzut	30
prezidențiale	30
procente	30
proporție	30
proprietari	30
propunerile	30
părinte	30
realizeze	30
recesiune	30
regia	30
rele	30
report	30
reprezentată	30
reprezinta	30
revenire	30
rezervele	30
rezistența	30
rezultă	30
rt-pcr	30
rușine	30
scaunul	30
scria	30
senatorul	30
sentimentul	30
separatiste	30
servit	30
sky	30
software	30
sportivii	30
streaming	30
student	30
susținute	30
sănătoase	30
tarifele	30
tehnicianul	30
tehnologiei	30
tehnologii	30
temporare	30
texas	30
ti	30
tradiție	30
transformare	30
transporturi	30
tribunal	30
trofeu	30
truss	30
turistic	30
turnee	30
unităților	30
vacante	30
vaccinate	30
vaccinuri	30
vedeti	30
verifica	30
voluntar	30
vs	30
zodii	30
zonelor	30
înfrângere	30
înregistrarea	30
învăța	30
ținute	30
accidentat	29
acoperire	29
acordată	29
acțiunilor	29
adusă	29
alarmă	29
alaturi	29
albastru	29
analiștii	29
animal	29
anuale	29
anunţul	29
apara	29
aparent	29
arabia	29
arii	29
articolele	29
articolului	29
arunca	29
arătând	29
atena	29
atmosferică	29
autobuze	29
avand	29
avocat	29
aşadar	29
așezat	29
bara	29
bazat	29
baze	29
bloca	29
boc	29
bucureștiului	29
bursă	29
buzunar	29
castiga	29
cauzele	29
cercetarea	29
cerințele	29
cheltuielilor	29
circuitul	29
civilii	29
coleg	29
complexului	29
concluziile	29
conditii	29
consecințe	29
consecință	29
conservator	29
construire	29
conținutul	29
costurilor	29
credea	29
cuiva	29
curățenie	29
dacian	29
democrație	29
depistate	29
determină	29
detrimentul	29
dificultate	29
direcţiei	29
dispoziția	29
documentar	29
dronele	29
echipelor	29
ediţia	29
emoții	29
erori	29
farmacie	29
favorabil	29
favorit	29
federaţiei	29
fericiți	29
fir	29
folosiți	29
fostă	29
fotografia	29
fotovoltaice	29
frați	29
fundația	29
gesturi	29
gratuită	29
gândurile	29
găzduit	29
habar	29
hollywood	29
horoscopul	29
iata	29
incendiilor	29
incluse	29
interpretat	29
israelul	29
jocurilor	29
judecător	29
jumatate	29
juridică	29
jurnaliștii	29
justiţie	29
leo	29
libera	29
liniștit	29
lituania	29
lucrare	29
magistraţii	29
mariana	29
martori	29
michael	29
minister	29
moldoveni	29
monitorul	29
morale	29
morţi	29
muncit	29
mândru	29
nerespectarea	29
nicuşor	29
ocupată	29
oferită	29
operat	29
operator	29
oportunitatea	29
oras	29
orasul	29
oraşe	29
ordonanță	29
organismului	29
otopeni	29
pacientului	29
pahar	29
parlamentar	29
partidelor	29
planului	29
politehnica	29
prevenire	29
preventive	29
primiți	29
probabilă	29
progrese	29
proprietar	29
protejează	29
puși	29
recuperarea	29
recuperat	29
regenerabile	29
regulamentul	29
replica	29
revin	29
reziliență	29
roz	29
runda	29
răbdare	29
rănită	29
sabrina	29
sarcini	29
scenarii	29
scărlătescu	29
secretul	29
service	29
sesiunea	29
show-ului	29
simbol	29
simonei	29
slatina	29
sondaje	29
spațială	29
specialiștilor	29
star	29
studiat	29
subiectele	29
supărat	29
tehnologic	29
temperatură	29
tramvaie	29
treci	29
trofeul	29
tun	29
ucise	29
unice	29
upu	29
urbanism	29
urmărirea	29
usd	29
utile	29
valuri	29
veţi	29
vie	29
vieți	29
voteze	29
vouchere	29
vând	29
washingtonul	29
ziare	29
închiderea	29
încălcare	29
încărcare	29
înspre	29
întrebată	29
școlare	29
șut	29
țigări	29
ținută	29
accentuată	28
acelor	28
acorde	28
adela	28
administrate	28
adoptarea	28
ajunga	28
antrenamente	28
aparte	28
arabe	28
artificială	28
ascunse	28
asf	28
atomică	28
aş	28
aţi	28
bloomberg	28
bugetare	28
băi	28
cabinet	28
calculul	28
camelia	28
casnici	28
cauzat	28
ceremonie	28
cincilea	28
circulaţia	28
clip	28
coasta	28
coliziune	28
coloana	28
comisarul	28
competiții	28
comunități	28
conceptul	28
concertul	28
constanta	28
contribuția	28
crima	28
cult	28
deal	28
deficit	28
demersurile	28
demisionat	28
democrația	28
depunerea	28
desfășoare	28
dietă	28
dispoziţie	28
dispuse	28
distribuite	28
distrugă	28
divorț	28
dobânzile	28
emoționant	28
excelent	28
exerciții	28
exploatare	28
expoziția	28
fabrici	28
factorii	28
facuta	28
fiului	28
focșani	28
foloseşte	28
fondului	28
frumusețea	28
funcţionează	28
funcțiune	28
fund	28
gabi	28
greșeli	28
grădină	28
iernii	28
imobil	28
impozitul	28
independentă	28
instalat	28
instituţiei	28
insulei	28
insulă	28
intenția	28
intervine	28
interzicerea	28
investească	28
judetul	28
lac	28
lidia	28
lunare	28
lăsate	28
lăsată	28
maghiară	28
masuri	28
metru	28
moara	28
moduri	28
monitorizarea	28
montane	28
muri	28
mâncarea	28
navă	28
nica	28
obţine	28
ofertele	28
ong-uri	28
organizație	28
organizeze	28
parcului	28
patriot	28
petroliere	28
pietre	28
plateasca	28
platit	28
polițistul	28
ponta	28
postura	28
preliminare	28
preturile	28
prezentarea	28
prezentată	28
prezidențial	28
preţului	28
principiile	28
probabilitatea	28
procese	28
profesioniști	28
profundă	28
prostia	28
prut	28
pînă	28
pătruns	28
raportului	28
refacerea	28
referit	28
reparații	28
respectul	28
rezultatelor	28
rețele	28
riscului	28
românul	28
satele	28
schema	28
schi	28
schimbărilor	28
seceta	28
serial	28
sesizată	28
simultan	28
singurele	28
slăbit	28
spațiile	28
spălat	28
stb	28
sălile	28
sărbătorit	28
tradiții	28
trag	28
transmisă	28
târg	28
târgul	28
ultimelor	28
uzate	28
vecini	28
vehiculele	28
vicepreședinte	28
voce	28
volei	28
volume	28
z	28
zburat	28
înalta	28
încercări	28
înceteze	28
încărcat	28
înlocuirea	28
întâlnesc	28
învățare	28
înţeles	28
şedinţa	28
şofer	28
școlilor	28
șoc	28
ținând	28
abordarea	27
abordat	27
ac	27
accent	27
accesorii	27
achitat	27
adecvat	27
administratorul	27
adopte	27
agentul	27
aiurea	27
albastră	27
angajamentul	27
animalul	27
aplicații	27
asalt	27
asculta	27
asociere	27
atrag	27
autor	27
avariate	27
avocații	27
aşteptat	27
bagă	27
barna	27
bată	27
bicicleta	27
bilet	27
bunicii	27
băutură	27
cai	27
capturat	27
capătul	27
cercetării	27
cercul	27
cernobîl	27
chestia	27
chinezi	27
cind	27
ciocolată	27
citesc	27
coadă	27
colaborat	27
com	27
comunismului	27
condamnarea	27
confruntarea	27
congres	27
cov	27
creşterii	27
critici	27
cup	27
câini	27
daniela	27
dati	27
depozitele	27
deputaţilor	27
deseori	27
desfăşura	27
deșeurilor	27
dimineata	27
discute	27
discuția	27
dispusă	27
distribuție	27
dobânda	27
doctorat	27
dolar	27
dotat	27
dronă	27
după-amiaza	27
estic	27
estonia	27
evaluării	27
eventuale	27
evitat	27
exces	27
executa	27
exporturilor	27
exprimă	27
extreme	27
feroviar	27
finanțat	27
firmelor	27
fm	27
focuri	27
formația	27
forţe	27
franţei	27
fundamentale	27
garanții	27
gina	27
golf	27
grupele	27
hagi	27
hrana	27
iga	27
imediată	27
implementare	27
implice	27
impozitare	27
inamicul	27
intenţionează	27
iraniene	27
italiană	27
job	27
jupiter	27
jurnalista	27
laptop	27
legislativă	27
lu	27
luca	27
lucescu	27
marilor	27
merit	27
miere	27
mijlociu	27
militara	27
miniștri	27
modificările	27
morală	27
mute	27
națiuni	27
nopți	27
operațiunii	27
ouăle	27
pamant	27
patriarhul	27
pen	27
petrecute	27
piețele	27
pizza	27
plânge	27
pmp	27
poenaru	27
posibilul	27
poză	27
principalii	27
procedurii	27
profitul	27
prostie	27
rapoartele	27
recupereze	27
regizorul	27
regret	27
repet	27
restricțiilor	27
reţeaua	27
roşie	27
sa-ti	27
salariului	27
sars	27
satelit	27
scumpit	27
semnele	27
senator	27
seniori	27
sentiment	27
sentința	27
simpla	27
site-ului	27
site-uri	27
slabă	27
soros	27
sovietic	27
spuna	27
suferință	27
suporterii	27
suportul	27
suprafaţa	27
supuse	27
supusă	27
surprinsă	27
surselor	27
telefonic	27
terminarea	27
termină	27
tratate	27
trimiterea	27
trupei	27
uefa	27
umplut	27
utilizării	27
vaccineze	27
valabile	27
varsta	27
vechea	27
vegetație	27
venite	27
viii-a	27
vitamine	27
vizavi	27
vizitatorii	27
vorbe	27
zicem	27
îmbunătăți	27
îmbunătățirea	27
încălcat	27
întreb	27
șoigu	27
achite	26
acoperișul	26
activă	26
actriță	26
aiea	26
alianță	26
amazon	26
amplasat	26
amplu	26
anna	26
antonio	26
aparțin	26
aprobate	26
apără	26
arde	26
asfalt	26
aspectele	26
aștepte	26
biblioteca	26
bolile	26
bugetari	26
calității	26
campioni	26
canalele	26
capabilă	26
centimetri	26
cia	26
clasei	26
clasele	26
comenteze	26
completează	26
compus	26
comuniste	26
concept	26
concluzionat	26
confrunta	26
consecințele	26
consecutiv	26
consecutive	26
consolida	26
construcţii	26
coordonare	26
cozi	26
cruce	26
câciu	26
câștigătoare	26
căldura	26
detașamentului	26
di	26
discuţiile	26
dorinţa	26
doriți	26
dosarului	26
educaţie	26
educaționale	26
evacuare	26
evrei	26
exercițiu	26
export	26
expres	26
eșec	26
eșecul	26
ferrari	26
fierbinte	26
finanțate	26
formate	26
frigider	26
gigantul	26
gândească	26
handbal	26
horoscop	26
huawei	26
imens	26
impreuna	26
inaugurarea	26
indicii	26
informaţiile	26
intamplat	26
intelege	26
inteligență	26
intensitate	26
interioare	26
interioară	26
interviul	26
investitorilor	26
invitații	26
iubirea	26
jean	26
judecătorilor	26
kosovo	26
lidl	26
limitată	26
liniei	26
lionel	26
lovite	26
lucrătorii	26
maicii	26
mame	26
manifestare	26
marelui	26
marfa	26
mario	26
menţine	26
mesajele	26
meserie	26
mită	26
muta	26
muzical	26
mândrie	26
navele	26
nepotul	26
norvegia	26
optimi	26
optimile	26
ordinii	26
organizaţiei	26
penitenciarul	26
performanţă	26
piesele	26
plătim	26
plătită	26
poli	26
politicienilor	26
portarul	26
poveștile	26
prelungi	26
pret	26
prezentare	26
primim	26
principiul	26
procurorului	26
propagandă	26
puternici	26
părții	26
ratele	26
ratelor	26
recordul	26
reduceri	26
reforma	26
refuzul	26
reprezentanţilor	26
respiratorii	26
rezerve	26
rezistă	26
ria	26
romanul	26
roşu	26
rude	26
runde	26
rute	26
sanatate	26
sanctiuni	26
scene	26
scoasă	26
securităţii	26
secțiunea	26
semnalate	26
singure	26
solare	26
solicitate	26
specializat	26
specialiştii	26
specifică	26
spectaculos	26
sportivilor	26
sportivul	26
stabilitatea	26
standarde	26
structură	26
subordinea	26
surprize	26
sustras	26
tensiune	26
tensiunea	26
termine	26
toţii	26
transforme	26
turistică	26
umanitară	26
utilizare	26
utilizează	26
uşoară	26
vaccinurile	26
vechime	26
vedetele	26
via	26
vicepremierul	26
vieţi	26
vizite	26
votului	26
vremii	26
văzută	26
îndeplinească	26
îndepărtat	26
îngrijirea	26
întregului	26
întrerupt	26
întâlnească	26
întâmplare	26
şcoli	26
ţărilor	26
șefii	26
științifice	26
abonament	25
adam	25
adevărate	25
afirmând	25
afli	25
agenți	25
amenajate	25
amenință	25
ample	25
analizează	25
antiaeriene	25
antigenice	25
artificii	25
aruncate	25
aurul	25
autorii	25
autovehicul	25
aviz	25
aşteptăm	25
baga	25
beneficieze	25
blocheze	25
bomba	25
brațe	25
bucătăria	25
bălan	25
cad	25
cauți	25
ceausescu	25
certat	25
cetateni	25
cetății	25
cheamă	25
coaliţie	25
competiţie	25
componentă	25
conditiile	25
conducătorii	25
confiscarea	25
consolidat	25
constată	25
convocat	25
coordonat	25
copaci	25
corecte	25
croazieră	25
cuptor	25
câinii	25
căpitanul	25
datei	25
datorie	25
deciziilor	25
declarată	25
declaraţie	25
deficitul	25
demersuri	25
deoparte	25
desfăşurat	25
determinată	25
diagnosticat	25
diplomatică	25
dispută	25
dizabilități	25
doliu	25
dovedește	25
dracu	25
dubla	25
dusă	25
echipajului	25
egale	25
electoral	25
eroilor	25
estimările	25
europarlamentarul	25
executarea	25
forţa	25
forței	25
frf	25
furnizorul	25
generate	25
grevă	25
grupe	25
hibrid	25
incidentului	25
individul	25
inedite	25
intelectual	25
intensificat	25
interesantă	25
intereselor	25
inundații	25
istoricul	25
izbucnirea	25
jandarmii	25
jr	25
justiția	25
l-ai	25
legilor	25
liberale	25
liberali	25
limbii	25
livrate	25
los	25
luare	25
lucrurilor	25
lumi	25
lunară	25
magazinul	25
maghiar	25
maine	25
marcată	25
mecanismul	25
menţionează	25
mențină	25
metan	25
minge	25
mioveni	25
moară	25
mobilitate	25
moderat	25
montană	25
moral	25
moskva	25
motorina	25
mulţumit	25
muzeu	25
muzicii	25
naturii	25
nervos	25
nevoilor	25
nimănui	25
nord-vest	25
notele	25
numere	25
numeşte	25
numirea	25
obiectele	25
obligați	25
olandez	25
operă	25
oprește	25
originea	25
parcuri	25
parțială	25
peisajul	25
pelosi	25
permanentă	25
piscină	25
posesia	25
practici	25
preluate	25
primirea	25
procedat	25
producţiei	25
programare	25
progres	25
promit	25
propriei	25
proprietăți	25
ps	25
publicarea	25
publicitate	25
punctului	25
pădurilor	25
rabla	25
raed	25
realizare	25
recomandăm	25
recunoaștere	25
red	25
referindu-se	25
regizor	25
regăsesc	25
reiese	25
relațiilor	25
restricţii	25
retragere	25
revenirea	25
reținuți	25
saptamani	25
saudită	25
scoaterea	25
secole	25
segmentul	25
semifinalele	25
sensuri	25
sfânt	25
solară	25
soldaţi	25
solicitare	25
soției	25
spaţiu	25
speranță	25
standardele	25
str	25
strânse	25
strânsă	25
superbet	25
supermarket	25
săvârşirea	25
traversează	25
trecutul	25
turnul	25
universul	25
urgent	25
urât	25
ură	25
uscat	25
utiliza	25
v-ați	25
valorii	25
variază	25
vecină	25
williams	25
zilelor	25
împrumuturi	25
împușcat	25
încadra	25
începi	25
închiriat	25
încălzi	25
îndeplinirea	25
înmormântare	25
întinde	25
întreruperi	25
şansă	25
ştiri	25
ții	25
acoperirea	24
activităţii	24
acuzată	24
adevăr	24
administrat	24
admiterea	24
aeronava	24
afirma	24
agricol	24
alti	24
analizele	24
angajată	24
angliei	24
antrenat	24
aprins	24
artistică	24
asistat	24
atacate	24
autorizat	24
ban	24
baterii	24
benzina	24
benzinei	24
blocați	24
bogate	24
bătrâni	24
ceas	24
ceo	24
certitudine	24
charlie	24
circ	24
clasică	24
cluburi	24
clădirilor	24
colectate	24
comisii	24
conceput	24
concursuri	24
conflicte	24
construiește	24
contat	24
contestat	24
contravenționale	24
cotă	24
creierului	24
criminali	24
csu	24
cunoștință	24
cupluri	24
curand	24
câmpulung	24
cîţu	24
dam	24
declanșarea	24
delia	24
demonstreze	24
descărcări	24
deva	24
deșeurile	24
diabet	24
dinu	24
discuțiilor	24
divertisment	24
dorință	24
drumurilor	24
ducem	24
economica	24
editura	24
eliminată	24
emilia	24
europenii	24
expunerea	24
eșuat	24
factură	24
finaliza	24
finalizată	24
finanţelor	24
flutur	24
formulă	24
foști	24
frunze	24
furate	24
gard	24
generali	24
genocid	24
gospodărie	24
granita	24
graniţa	24
grupelor	24
grupurile	24
hotelului	24
identifica	24
imobiliară	24
imobilul	24
impozit	24
impresionant	24
impresionantă	24
impun	24
incidență	24
individuală	24
inferioară	24
inflație	24
infracțiunilor	24
insistă	24
inutile	24
jennifer	24
judeţene	24
lanț	24
lasat	24
legumele	24
legături	24
lipova	24
liz	24
localnicii	24
lovească	24
magnitudinea	24
marinei	24
melbourne	24
mental	24
mergea	24
meseria	24
minore	24
mirare	24
mobilizat	24
munții	24
mărit	24
neașteptat	24
nebun	24
necesarul	24
negociere	24
nevoi	24
nistorescu	24
normalitate	24
norme	24
noutate	24
nucleara	24
obișnuită	24
obligativitatea	24
ocupare	24
oficiu	24
ofițerii	24
operatorilor	24
operații	24
opoziției	24
opresc	24
oprite	24
oricărei	24
orientul	24
ortodoxă	24
oscar	24
parcate	24
pariu	24
pariuri	24
pasă	24
patul	24
penalty	24
perfecta	24
petrec	24
pilotul	24
platformele	24
ploua	24
poiana	24
politia	24
poluarea	24
pompă	24
predea	24
prejudiciul	24
premium	24
prevederi	24
prietenie	24
prilejul	24
primești	24
primăverii	24
prindă	24
prinsă	24
proaspete	24
probei	24
profunde	24
promovează	24
protestat	24
provoace	24
putând	24
părinţi	24
raportează	24
recunoscute	24
refer	24
regulilor	24
reporter	24
restaurantul	24
retur	24
revenind	24
rezista	24
rezolvată	24
ruşii	24
răspândit	24
salvați	24
sancţiunilor	24
scapă	24
sesizați	24
sfintei	24
site-urile	24
sprijine	24
spuneam	24
stabilește	24
suferi	24
sugerat	24
superliga	24
supraviețuit	24
surprinde	24
survivor	24
suspecte	24
suspendată	24
susținând	24
tabere	24
tipurile	24
transferat	24
transilvaniei	24
tratarea	24
trotuar	24
turda	24
ucişi	24
uiți	24
ultimilor	24
ultimului	24
uneia	24
universitate	24
universități	24
urgentă	24
valoroase	24
vechiul	24
vedetă	24
veneau	24
venus	24
vitale	24
viteazul	24
vodă	24
văzute	24
zâmbetul	24
încetarea	24
îndeplini	24
înfrângerea	24
îngrijorat	24
într-una	24
întâmpinat	24
întâmpină	24
înțelegi	24
şcolii	24
ţinut	24
accesibile	23
acesti	23
acestia	23
achiziții	23
achiziționate	23
activităţile	23
actului	23
acuzați	23
acționeze	23
adevărata	23
administrator	23
adresată	23
adult	23
adversar	23
adverse	23
adânc	23
aeroportului	23
agrement	23
alcoolemiei	23
alde	23
aleea	23
alese	23
alexandrescu	23
all	23
alătura	23
amenajare	23
amintire	23
andra	23
andrew	23
angajatorii	23
angeles	23
ansamblul	23
antitanc	23
antonescu	23
anunţa	23
apropia	23
arsuri	23
artistice	23
atacă	23
ateliere	23
autocar	23
aveţi	23
belarusului	23
beneficiul	23
berbec	23
biserici	23
blocarea	23
borrell	23
bravo	23
băiețel	23
băncilor	23
ca-n	23
cal	23
cancerului	23
capului	23
catedrala	23
cati	23
cativa	23
ceasul	23
ceață	23
ceban	23
cetate	23
chelsea	23
chestii	23
chirica	23
chris	23
cica	23
cincea	23
ciuca	23
clasamentului	23
claudia	23
clienţii	23
clinică	23
colecția	23
comenzi	23
complicată	23
comunism	23
conducte	23
conectat	23
confruntare	23
congresul	23
consiliere	23
contravențional	23
controlată	23
convinge	23
copac	23
core	23
cunoștințe	23
cutie	23
cânta	23
câștigarea	23
că-i	23
căile	23
călătoriile	23
denis	23
denumită	23
descoperire	23
descoperită	23
destinații	23
dispare	23
dispariția	23
dispute	23
divizia	23
dobânzii	23
doru	23
dos	23
dotări	23
dovedi	23
dublat	23
durabilă	23
durerile	23
dând	23
efe	23
egipt	23
elicopter	23
emoțional	23
eur	23
evită	23
excluderea	23
exploziei	23
exprima	23
extindă	23
falsă	23
fan	23
favorabile	23
felicit	23
ferate	23
fetei	23
fezabilitate	23
feței	23
fluxul	23
folosul	23
formații	23
fraudă	23
frontierele	23
funcționeze	23
furnizează	23
făină	23
garanție	23
genunchi	23
germanii	23
gimnaziu	23
gospodării	23
gripă	23
groapa	23
grăsimi	23
gândește	23
hoteluri	23
imaginii	23
inceputul	23
inculpat	23
inculpatului	23
independenței	23
inferior	23
informatice	23
inimii	23
instanţă	23
interfax	23
internetul	23
investi	23
investigație	23
iranului	23
judetean	23
justifica	23
kirill	23
kogălniceanu	23
kyiv	23
lanseze	23
led	23
legăturile	23
lipsesc	23
litoral	23
livrărilor	23
lucreaza	23
lăsând	23
menționată	23
mersul	23
metal	23
mi-ar	23
mingi	23
miniștrilor	23
montate	23
muncitorii	23
mâncăm	23
nancy	23
napoli	23
ne-ar	23
nerăbdare	23
nicu	23
nisip	23
nopţii	23
numar	23
ofensive	23
offshore	23
olimpiada	23
operează	23
opțiunile	23
orașelor	23
orizont	23
oxigen	23
paginile	23
partenera	23
participanților	23
partidă	23
pară	23
patrick	23
pază	23
pele	23
perete	23
performanța	23
perioadele	23
personajul	23
petersburg	23
platiti	23
poluare	23
pornesc	23
porțile	23
pr	23
precizie	23
prelucrate	23
presedintele	23
presus	23
pricina	23
primari	23
primarii	23
privesc	23
profitat	23
proiectarea	23
protestul	23
provizoriu	23
provocând	23
ptf	23
puteti	23
putini	23
ramana	23
ramona	23
razboiului	23
reci	23
regatului	23
regretă	23
regulamentului	23
relației	23
religie	23
relua	23
republici	23
restrânse	23
risca	23
rusine	23
răspund	23
saptamana	23
scad	23
schimbării	23
scumpiri	23
secetă	23
secţia	23
seturi	23
shanghai	23
slovenia	23
spacex	23
spaniol	23
sprijinit	23
sprijinului	23
spălare	23
stanga	23
stație	23
stații	23
street	23
studiilor	23
stâng	23
sucevei	23
suferite	23
surprinse	23
taxelor	23
temele	23
temeri	23
tensiuni	23
teodosie	23
termoficare	23
tina	23
tokyo	23
tom	23
tragic	23
transmită	23
uit	23
undă	23
unire	23
ura	23
urmau	23
vacanța	23
vada	23
vase	23
verificate	23
veti	23
videoclipuri	23
virală	23
vizitatori	23
vizitează	23
voci	23
vremurile	23
whatsapp	23
xii-a	23
zid	23
împrumutat	23
începem	23
însemnat	23
întoarcem	23
într-unul	23
șoferilor	23
șosea	23
accesibil	22
aceleasi	22
achiziționat	22
acută	22
adecvate	22
adere	22
administrează	22
aflându-se	22
agresivă	22
aleagă	22
alimentarea	22
altcineva	22
amenințarea	22
americanilor	22
amiază	22
analist	22
anexat	22
angajaţii	22
antony	22
antrenată	22
antrenori	22
aparatele	22
aparut	22
ape	22
asistent	22
atacantul	22
atentie	22
atentă	22
atingerea	22
avantajele	22
avertismente	22
avizul	22
baciu	22
bage	22
barbu	22
basarabia	22
bicicletă	22
bombardament	22
botezatu	22
brigada	22
bucea	22
bârlad	22
cadavre	22
cadavrul	22
cade	22
calm	22
canabis	22
capitalul	22
capitol	22
caracteristicile	22
cerem	22
cerând	22
chineză	22
cibernetic	22
cică	22
ciocnit	22
circuit	22
citiți	22
comandant	22
comandat	22
comerțului	22
compensare	22
condiționat	22
confiscate	22
consilierilor	22
consultat	22
conta	22
conștient	22
corecta	22
cornel	22
creierul	22
cronice	22
cuba	22
cunoaștem	22
cunoscuți	22
curente	22
curţii	22
cânte	22
cântărețul	22
câștigător	22
căutate	22
damian	22
datoriile	22
debut	22
declaraţiile	22
decurs	22
decît	22
denunţat	22
depozitul	22
deranjat	22
dezamăgit	22
deținută	22
diagnostic	22
dimpotrivă	22
dinamică	22
distrugeri	22
dobânzi	22
dorea	22
dosarele	22
drama	22
dramatică	22
dubai	22
echilibrul	22
echipamentul	22
egalat	22
electrocasnice	22
elimine	22
emite	22
etaj	22
executate	22
execuția	22
existent	22
expoziției	22
fixe	22
formulate	22
franta	22
frate	22
furnizorilor	22
furtuni	22
fuseseră	22
gardul	22
gazdelor	22
gazdă	22
gmt	22
gri	22
grindină	22
guterres	22
guvernamental	22
hotelul	22
imnul	22
import	22
imunitate	22
incearca	22
incet	22
indian	22
industrială	22
infinit	22
informatică	22
instalate	22
inteligent	22
intense	22
intrării	22
irlanda	22
joseph	22
jurnaliști	22
lacului	22
laudă	22
legislației	22
limbaj	22
lipsite	22
literatură	22
locații	22
lukașenko	22
lungimea	22
luptători	22
luxemburg	22
luând	22
mafia	22
marga	22
margine	22
martorii	22
masivă	22
masura	22
mediile	22
meteorologice	22
microsoft	22
mila	22
miliardarul	22
mişcare	22
mld	22
muntenia	22
mwh	22
mândri	22
naţiunilor	22
nașterea	22
neatza	22
nick	22
nipru	22
oarecum	22
obiectivelor	22
observator	22
oglindă	22
operație	22
operațional	22
oprire	22
opun	22
ordinului	22
pacienţilor	22
pakistan	22
patrimoniul	22
pașii	22
petreceri	22
pierdem	22
pierzi	22
planetei	22
plec	22
plecați	22
plenul	22
pompierilor	22
pondere	22
porți	22
postate	22
pozitivi	22
poziții	22
practice	22
preda	22
preocupare	22
preparate	22
pretinde	22
prezentăm	22
primeşte	22
proaste	22
problemei	22
profesie	22
profilul	22
proteine	22
prânz	22
puna	22
purtând	22
puscarie	22
recunoașterea	22
remarcă	22
remedierea	22
renunța	22
reprezentantii	22
republică	22
responsabilă	22
resuscitare	22
reunit	22
reușind	22
rezolvare	22
rețelelor	22
reținere	22
roger	22
rusu	22
rusul	22
răducanu	22
scm	22
scmu	22
scoli	22
scopuri	22
scriitorul	22
scrisoarea	22
sectoare	22
segment	22
sentimente	22
sentimentele	22
sfat	22
siguranţa	22
siguri	22
simț	22
situatie	22
solidă	22
sovietici	22
spaniei	22
spațiale	22
specie	22
spori	22
staţii	22
stocuri	22
stresul	22
străzilor	22
substanţe	22
suediei	22
summit	22
surprindere	22
surprinși	22
sâmbăta	22
sârb	22
telefonică	22
tensiunilor	22
teribil	22
teritorială	22
testelor	22
timpurile	22
tind	22
toma	22
tranzit	22
trecem	22
trend	22
trimitere	22
tutun	22
uitați	22
under	22
unităţii	22
unităţile	22
urcă	22
urmăresc	22
utilități	22
ușile	22
vagoane	22
valută	22
var	22
videoclipul	22
violat	22
violenţă	22
viral	22
vizibilă	22
ww	22
zgomot	22
împiedica	22
încarcerat	22
îndeosebi	22
îndrepta	22
îngrijorare	22
însemnate	22
întârziat	22
învingă	22
şanse	22
ţin	22
șantier	22
șir	22
ștefănescu	22
achitarea	21
achiziționa	21
activele	21
actualizat	21
acumulate	21
acuza	21
adina	21
administraţie	21
afecteze	21
africii	21
agresor	21
ajunsese	21
ajunul	21
ajutorului	21
alcoolemie	21
alegeți	21
alimentație	21
alternativ	21
alăture	21
amenajat	21
amendat	21
amestec	21
angajează	21
antreprenor	21
aprobare	21
aratat	21
arbitrul	21
arestul	21
argumentele	21
artificial	21
artistului	21
atribuit	21
audit	21
avarii	21
aşteptare	21
așteptau	21
bar	21
bilaterale	21
booster	21
brațele	21
bucată	21
bădălău	21
băuturilor	21
cadă	21
calendar	21
calificată	21
candidatul	21
capabili	21
caracterul	21
carduri	21
carlos	21
ceartă	21
ceilalti	21
cetăţean	21
chirie	21
cibernetice	21
cimitirul	21
cină	21
circulatie	21
cit	21
clotilde	21
cluburile	21
colectarea	21
colectivă	21
colegul	21
coloană	21
colorate	21
colterm	21
combatere	21
comedie	21
complicitate	21
comunicatului	21
comă	21
concentra	21
concentrat	21
concertele	21
condamnată	21
conductele	21
confruntăm	21
consecinţe	21
considerăm	21
constat	21
construim	21
contractat	21
coordonatorul	21
coreei	21
creditelor	21
crimeei	21
crăciunul	21
cuantum	21
cunoaşte	21
cupă	21
cuțit	21
călătorit	21
căsătorie	21
de-ai	21
declare	21
deopotrivă	21
depășească	21
derula	21
dialogului	21
didactic	21
diplomatic	21
diplomaţiei	21
disconfort	21
dotare	21
draghi	21
dughin	21
dunăre	21
dădea	21
echipajelor	21
ediții	21
electronică	21
elevul	21
eliminate	21
emma	21
energy	21
estimărilor	21
estival	21
eva	21
evacuați	21
evaluat	21
evoluții	21
experienţa	21
expertul	21
exportator	21
exterioare	21
facilități	21
familiilor	21
fermieri	21
finanţe	21
floarea	21
florida	21
flotei	21
forţă	21
fă	21
gazeta	21
gestiona	21
glume	21
greşit	21
gropi	21
gândi	21
haos	21
iarbă	21
identificată	21
imobiliar	21
impunerea	21
incidența	21
incredibilă	21
inedit	21
inevitabil	21
infectat	21
infecția	21
infracţiunilor	21
insp	21
inspector	21
instalații	21
interzisă	21
invada	21
invadatorii	21
invadeze	21
invitația	21
ionel	21
irak	21
jucăm	21
kovesi	21
lasati	21
lași	21
lecție	21
lecții	21
lichidat	21
limitează	21
lipsi	21
localnicilor	21
locuințele	21
logic	21
loredana	21
loturi	21
lucrători	21
lămâie	21
managementul	21
marine	21
materialelor	21
mearga	21
memorie	21
mergeți	21
miniştrii	21
minunată	21
mișcări	21
modalități	21
moldovenii	21
monede	21
montat	21
muntele	21
mărci	21
navei	21
neam	21
neplăcute	21
neptun	21
nicăieri	21
non	21
observăm	21
operaţiuni	21
ordonanţă	21
orelor	21
original	21
originale	21
pantaloni	21
parlamentarilor	21
participanţi	21
pereții	21
permanență	21
pești	21
piedone	21
pieţele	21
plafonat	21
plasament	21
platesc	21
poata	21
podiumul	21
pornește	21
porni	21
pozat	21
precizând	21
prefectului	21
preliminar	21
prelungiri	21
premiera	21
pricep	21
prietene	21
primire	21
prioritatea	21
proaspăt	21
produsă	21
profituri	21
protocol	21
provincia	21
prăbușirea	21
purtarea	21
purtau	21
puteţi	21
putina	21
rating	21
reacţie	21
reclamă	21
recomandate	21
recomandată	21
recunoaşte	21
referinţă	21
refugiat	21
reieșit	21
reiterat	21
relaţia	21
renunţat	21
retail	21
returul	21
reușită	21
reținute	21
rose	21
rugăciune	21
ruseasca	21
rândurile	21
sankt	21
scara	21
scenele	21
secuiesc	21
semifinală	21
sensibil	21
sicriul	21
simţi	21
sinucis	21
solid	21
soții	21
spațial	21
specialistul	21
sticle	21
sufla	21
superbă	21
să-ţi	21
taiwanul	21
tass	21
teodora	21
terasa	21
terenurile	21
timiş	21
totii	21
tragerea	21
tragă	21
trata	21
tâlhărie	21
tânărului	21
tănase	21
uitam	21
unica	21
urbană	21
uta-ei	21
v-ati	21
vaccinului	21
varietate	21
verbal	21
verifice	21
vestice	21
viitoarea	21
volumului	21
vreti	21
vârstei	21
xix-lea	21
ziarului	21
îmbrăcăminte	21
împiedică	21
împinge	21
încercați	21
închisoarea	21
încolo	21
încuraja	21
îndreptat	21
întreținere	21
întărirea	21
învinge	21
știau	21
abilitate	20
accentuat	20
accidentelor	20
aceleaşi	20
acid	20
acoperite	20
actualizate	20
acționa	20
adaptat	20
admite	20
aeroporturi	20
afacerii	20
afecțiune	20
ajut	20
albert	20
album	20
alegem	20
alătură	20
ambasadorului	20
amplă	20
amânarea	20
amânată	20
analistul	20
angajeze	20
anticipat	20
anunțați	20
anvelopele	20
aparţine	20
aprecierea	20
apuseni	20
arhitectură	20
arătăm	20
asiguri	20
asistăm	20
asume	20
atragă	20
austin	20
autorității	20
autospeciala	20
avansată	20
avute	20
bayraktar	20
biletul	20
bitcoin	20
bruscă	20
bulgar	20
bănie	20
calculează	20
calculele	20
calificate	20
capabile	20
cauzată	20
cauzelor	20
centrelor	20
cercetători	20
cetatenilor	20
chinezii	20
chirurgie	20
ciclu	20
clipe	20
columbia	20
combustibili	20
comercializare	20
comunităţii	20
concomitent	20
concurent	20
concurentă	20
condoleanțe	20
confirmată	20
consilieri	20
constante	20
constructorul	20
contestată	20
copilăria	20
corpuri	20
costume	20
cote	20
credeti	20
ctp	20
cuvântului	20
câinele	20
călcat	20
cărțile	20
căutăm	20
datează	20
deceselor	20
declin	20
decretul	20
defavorizate	20
democratice	20
deplasează	20
depresie	20
derulare	20
descoperirea	20
descrisă	20
despăgubiri	20
diagnosticul	20
dictatura	20
dică	20
direcţie	20
disciplină	20
discret	20
disponibilitatea	20
dispozitivele	20
don	20
donat	20
dorian	20
dragul	20
echilibrat	20
ecranul	20
eduard	20
eforie	20
elegant	20
emisii	20
emoție	20
epuizat	20
escaladare	20
esență	20
etică	20
excepţia	20
excepționale	20
excesiv	20
expoziții	20
expresie	20
extern	20
extraordinare	20
ferdinand	20
figură	20
filialei	20
filmată	20
fmi	20
folos	20
fondator	20
fondatorul	20
formaţia	20
formulat	20
forte	20
foste	20
france	20
francezii	20
frumusețe	20
furnizare	20
galilor	20
gaming	20
gară	20
gates	20
geam	20
gloria	20
gluma	20
gnl	20
golurile	20
gunoaie	20
gunoiul	20
hbo	20
hoții	20
identifică	20
ii-lea	20
iii-lea	20
iluminatul	20
imaginilor	20
imense	20
imensă	20
imperiului	20
imposibilitatea	20
incercat	20
indicatorii	20
infarct	20
informaţia	20
inițiale	20
inițiative	20
instalată	20
instituţia	20
integritate	20
internată	20
internaţi	20
internaționali	20
intervenției	20
interviuri	20
intotdeauna	20
introdusă	20
investigaţii	20
investighează	20
invocat	20
iordănescu	20
israelian	20
italiene	20
izbit	20
izolarea	20
jack	20
jai	20
jurma	20
jurnalul	20
justificat	20
karl	20
kaufland	20
kgb	20
kovacs	20
le-ai	20
legitimat	20
licitații	20
literară	20
livra	20
locuitor	20
logică	20
luam	20
luati	20
ludovic	20
lunga	20
magazinului	20
maimuţei	20
mangalia	20
maroc	20
meghan	20
metodele	20
mexic	20
miami	20
miel	20
minciuna	20
miniștrii	20
mirel	20
moldovenesc	20
monedele	20
moralul	20
mostre	20
motivat	20
motoarele	20
motorinei	20
munchen	20
munteanu	20
mândrește	20
mănânce	20
mănăstirii	20
mărime	20
neagra	20
neuitat	20
nostri	20
notat	20
nova	20
nădlac	20
născuți	20
obiceiurile	20
observate	20
obţinute	20
obţină	20
ocde	20
ofertei	20
ofițeri	20
operatorului	20
operaţiune	20
operațiunilor	20
operei	20
ou	20
palmares	20
parchet	20
partenerului	20
pasiune	20
periferia	20
personalități	20
phoenix	20
pina	20
pisici	20
plafon	20
plateste	20
plen	20
plouă	20
polul	20
ponderea	20
porții	20
posibila	20
postările	20
pozițiile	20
prefect	20
pregăteşte	20
pregătim	20
pregătirile	20
premiere	20
premiile	20
premiilor	20
preparat	20
prezentatorul	20
principii	20
priveste	20
procesare	20
producției	20
profesoara	20
profesorului	20
profită	20
propagandei	20
propriilor	20
protejate	20
psihologic	20
punea	20
pâinea	20
randul	20
rapoarte	20
rară	20
ratei	20
reacțiile	20
recomandarea	20
recunoască	20
regal	20
regulament	20
relaţiile	20
repeta	20
repriza	20
reușite	20
romaneasca	20
rurale	20
rămâi	20
răspunsurile	20
salam	20
salariați	20
sanitar	20
schimbate	20
secretarului	20
secundare	20
semnala	20
semnalul	20
senzația	20
senzație	20
sever	20
sexy	20
sfarsit	20
sfântă	20
sinceră	20
slujbă	20
smart	20
solar	20
soţul	20
soțului	20
spaţii	20
speciala	20
speciali	20
speram	20
spitalelor	20
spuneți	20
stabil	20
statisticile	20
stațiunea	20
stricat	20
stricte	20
strângă	20
străină	20
subliniind	20
suceveni	20
sângele	20
sărbătoresc	20
săvârşirii	20
tarife	20
tayyip	20
televiziuni	20
teoria	20
tichetele	20
timisoarei	20
transformarea	20
tratatul	20
trecuți	20
tricoul	20
trădare	20
târgului	20
ultim	20
ungar	20
ungheni	20
ungurii	20
univers	20
uriase	20
uriaşe	20
utilizată	20
ușurință	20
variabilă	20
veci	20
veronica	20
viitoarele	20
vijelii	20
vila	20
violențe	20
vizată	20
viziteze	20
vorbeste	20
vorbeşte	20
vulnerabili	20
vândută	20
vârciu	20
zborul	20
zicea	20
zâmbet	20
zăpada	20
împlinirea	20
înaltul	20
încerce	20
înconjurat	20
încurajează	20
îndemână	20
înfrângeri	20
înjunghiat	20
înscriși	20
întâmplător	20
şoferi	20
șoseaua	20
ști	20
abrud	19
accesa	19
acelea	19
acelui	19
actualizare	19
actualului	19
acu	19
acumulare	19
acțiunii	19
adaptare	19
adi	19
adjunctul	19
adună	19
adâncime	19
agresivi	19
agricultura	19
alcooltest	19
aleși	19
alocarea	19
ameninţare	19
amintirile	19
analiştii	19
ankara	19
anti	19
antreprenori	19
antreprenorul	19
anumitor	19
anuntat	19
anxietate	19
aparținut	19
apelează	19
apostol	19
artistei	19
arădeni	19
arșinel	19
ascundă	19
audio	19
audă	19
autoritate	19
avariat	19
aventură	19
așteptate	19
bagat	19
balistice	19
baril	19
belgrad	19
blocurilor	19
bombardarea	19
bontea	19
box	19
brânză	19
buckingham	19
bucuri	19
bunicul	19
buze	19
califica	19
camerelor	19
caragiale	19
carolina	19
carosabil	19
casație	19
catastrofă	19
celorlalte	19
centralele	19
centralizate	19
cheltui	19
cibernetică	19
cipru	19
citească	19
ciucu	19
civilizate	19
coastă	19
colega	19
combinat	19
comiterii	19
compensarea	19
competiţia	19
compromis	19
comunice	19
concentrare	19
concurenta	19
condamnați	19
condiție	19
conducători	19
condusa	19
confortabil	19
consolidare	19
consumăm	19
containere	19
continent	19
continentul	19
conștientă	19
costisitoare	19
coșmar	19
creație	19
crimei	19
crimelor	19
criptomonede	19
criteriile	19
cumpărate	19
cumulat	19
curios	19
cântă	19
câteodată	19
câștigătorul	19
căi	19
darius	19
decedată	19
declanşarea	19
declarate	19
dej	19
deliberat	19
demnitatea	19
demonstra	19
deocamdata	19
depăşit	19
descopere	19
detașamentul	19
devastatoare	19
dezastrul	19
dezbaterea	19
dezvoltată	19
dictator	19
dieta	19
diferitele	19
difuzate	19
directori	19
directorului	19
dispărea	19
dmitro	19
doina	19
dormit	19
dreptei	19
duela	19
e-mail	19
ediției	19
efectuării	19
emisă	19
evidente	19
ex	19
examenului	19
excepții	19
explicație	19
exploatarea	19
fabricate	19
facultății	19
facut-o	19
fake	19
faliment	19
fast	19
favorabilă	19
fetiței	19
fiert	19
figurează	19
filmări	19
fitness	19
flancul	19
fondată	19
funcţiona	19
funcțiile	19
furtună	19
fălticeni	19
garanta	19
garanţii	19
geoană	19
granturi	19
greciei	19
green	19
găzduiește	19
haideți	19
hartă	19
hotărâri	19
ierarhia	19
ieşire	19
impresionante	19
inaugurat	19
incepand	19
independenta	19
infectați	19
infracţiuni	19
inginer	19
instanţa	19
integrată	19
intereseaza	19
interpretare	19
interpretarea	19
intitulat	19
introduse	19
inventat	19
investiției	19
ips	19
islamic	19
joasă	19
judeţe	19
kilogram	19
laptele	19
largul	19
laszlo	19
letonia	19
liberi	19
limiteze	19
liniștea	19
liniștită	19
locația	19
locuințelor	19
lotului	19
lucrez	19
mafiot	19
magazinelor	19
majorate	19
marinescu	19
maritime	19
masinile	19
melodia	19
melodie	19
meniul	19
menținut	19
menționăm	19
meta	19
mijloacelor	19
milano	19
mina	19
minciună	19
mini	19
mir	19
mireasă	19
misiunii	19
mister	19
moldovan	19
morti	19
morţii	19
mulţumesc	19
muncesc	19
mutarea	19
măsline	19
măsurii	19
nasul	19
naționalei	19
națiunile	19
necesari	19
necesitate	19
negri	19
nevoită	19
nicidecum	19
niciuna	19
niculescu	19
ninsoare	19
nobel	19
normelor	19
norocos	19
numelui	19
numerele	19
numeroși	19
obiceiul	19
obligaţia	19
ochilor	19
ocupanții	19
oleksandr	19
omagiu	19
oprea	19
organelor	19
pasaj	19
patrimoniului	19
pediatrie	19
peștii	19
picat	19
planetă	19
planificat	19
plasă	19
plimba	19
plăcute	19
portar	19
portofoliul	19
postată	19
preajma	19
preciza	19
preconizează	19
preferată	19
pregătești	19
premiat	19
preocupările	19
presupun	19
preuniversitar	19
prezentatoare	19
preşedinta	19
primiri	19
primăriile	19
prioritățile	19
proasta	19
procedurilor	19
procentuale	19
prognoză	19
proiectat	19
propusă	19
provocarea	19
provocată	19
psihic	19
psihoactive	19
puterile	19
puţini	19
pădurea	19
rachetei	19
rachetelor	19
radar	19
raionul	19
realizări	19
recep	19
recomanda	19
refuza	19
relaţie	19
reluate	19
reluată	19
renume	19
repetă	19
replici	19
republican	19
respectate	19
respectiva	19
reuniunii	19
rezolvă	19
rezultând	19
rinichi	19
rupă	19
ruşilor	19
rădulescu	19
rămasă	19
salubritate	19
scot	19
scriitor	19
scriitori	19
scumpă	19
scut	19
scăzută	19
sectoarele	19
secunda	19
semna	19
senatul	19
serialului	19
sesizare	19
simbolic	19
simţit	19
situațiile	19
solului	19
soluţia	19
spaniolă	19
specializată	19
spitalizare	19
sprijinim	19
spuse	19
spînu	19
stagiul	19
stars	19
stinge	19
strălucitoare	19
sunak	19
superb	19
suportă	19
susţină	19
susținem	19
swiatek	19
swift	19
săraci	19
tabela	19
tabără	19
talentul	19
tanc	19
tarif	19
tarom	19
te-a	19
teorie	19
teritorial	19
teroriste	19
testate	19
textile	19
tinerei	19
titlului	19
tonul	19
torino	19
traiesc	19
transparență	19
tranzacții	19
tranziție	19
tratează	19
târgoviște	19
ucisă	19
umbra	19
urce	19
urmate	19
urmăriți	19
variantele	19
vehiculelor	19
venitul	19
vinovată	19
virale	19
virtuală	19
visa	19
visat	19
vize	19
vizând	19
voiam	19
voiau	19
voturile	19
încalcă	19
încurajat	19
încărcate	19
îngropat	19
îngrozitoare	19
înnorări	19
înregistrări	19
întregime	19
înţelege	19
şi-ar	19
ȋn	19
școlară	19
șerban	19
șocant	19
știre	19
știrile	19
ținem	19
abateri	18
abilitățile	18
absolută	18
absolvent	18
absolvenții	18
accentul	18
accesat	18
accesului	18
aceia	18
actelor	18
adapteze	18
adresate	18
aduna	18
adversari	18
adversarul	18
afirmația	18
afirmații	18
aflu	18
agresorul	18
alcătuit	18
alertat	18
aleșii	18
aliaţii	18
alimentează	18
ambulanța	18
amendament	18
amestecă	18
anchetatorilor	18
anticipează	18
anturajul	18
anunțuri	18
apariţia	18
aplicată	18
aplicaţia	18
armenia	18
ascultat	18
asemănător	18
asigur	18
asociată	18
asteptam	18
atingă	18
atragerea	18
automobile	18
autorizație	18
avansat	18
avantajoase	18
bayern	18
bazei	18
bazin	18
beau	18
bei	18
benefice	18
benzi	18
benzinării	18
bibliotecă	18
big	18
bilanț	18
bill	18
blochează	18
boloș	18
brătianu	18
bucăți	18
bute	18
băile	18
bănică	18
bătălia	18
cabinetele	18
calculat	18
candida	18
cantitativ	18
cantitățile	18
capacității	18
catedralei	18
cauzei	18
cedeze	18
cerea	18
cerebral	18
cererilor	18
cheltuie	18
ciclul	18
ciuperci	18
coaliţia	18
coaliţiei	18
comentariul	18
competițiile	18
complete	18
complexă	18
conductă	18
conducător	18
confruntări	18
consistente	18
consolideze	18
constituțională	18
controalele	18
controversat	18
cooperării	18
coordonate	18
coronavirusului	18
creative	18
credeau	18
credincioși	18
credincioșii	18
criticile	18
călătoria	18
dc	18
decesului	18
declaraţii	18
decor	18
decret	18
defensive	18
demiterea	18
democrației	18
deplaseze	18
depun	18
deputați	18
depăşeşte	18
deranjează	18
derulate	18
desfășurată	18
destui	18
dezinformare	18
diferitelor	18
dimineții	18
dinaintea	18
dintotdeauna	18
diplomă	18
disperare	18
doctorul	18
domeniului	18
dorel	18
dormitor	18
dovedesc	18
dumnealui	18
echivalent	18
economiile	18
educațional	18
elenei	18
eliminare	18
emiratele	18
empatie	18
evolueze	18
evoluţia	18
executivului	18
expertiză	18
exploziile	18
expoziție	18
expune	18
fenomene	18
fereastră	18
ferma	18
ferme	18
feroviară	18
fetelor	18
fibre	18
figura	18
filiala	18
filmarea	18
firul	18
fizica	18
florian	18
florile	18
focar	18
formatul	18
fundației	18
gardă	18
gasit	18
geamurile	18
gelu	18
geneva	18
goală	18
grec	18
grozav	18
grădiniță	18
gustul	18
guvernarea	18
handicap	18
hotare	18
hr	18
iad	18
iarba	18
ideală	18
iesit	18
ieşi	18
imagina	18
importanţa	18
importanţă	18
importat	18
imposibilă	18
inamic	18
incep	18
incredere	18
indirect	18
industrii	18
inflatia	18
informatii	18
ing	18
inspirație	18
insulele	18
inter	18
intervenţia	18
intreaga	18
intreb	18
introducă	18
ionuţ	18
ipotecare	18
israelului	18
iuliana	18
izolate	18
judecata	18
justitia	18
kadîrov	18
kate	18
laboratoare	18
laboratorul	18
latura	18
libertății	18
logistică	18
londrei	18
lucrarile	18
lumini	18
luptei	18
luptătorii	18
macovei	18
majoreze	18
mal	18
managerii	18
manual	18
master	18
mașinilor	18
mbappe	18
menită	18
mentalitatea	18
micile	18
miercurea	18
migranți	18
milă	18
mobilierul	18
moldovean	18
mondiala	18
monetară	18
mun	18
muraru	18
mânca	18
mănăstire	18
natală	18
nebunie	18
necunoscută	18
negociat	18
nereguli	18
nimerit	18
ninsori	18
nistor	18
nord-estul	18
nuanțe	18
numerar	18
obliga	18
ochiul	18
odihnească	18
odihnă	18
office	18
oligarhii	18
operare	18
operaţiunea	18
oprescu	18
opriți	18
opțiunea	18
orase	18
orcii	18
ordonanţa	18
organizatori	18
originală	18
pacat	18
pantofi	18
paradă	18
parascheva	18
parteneriatul	18
parteneriatului	18
participante	18
pasagerilor	18
pastile	18
patria	18
patron	18
paşte	18
pedepse	18
peninsula	18
periodic	18
perspective	18
pib-ul	18
pierdută	18
pieţei	18
planta	18
pleaca	18
plătiți	18
popoare	18
postări	18
potenţial	18
pozele	18
prealabil	18
precizări	18
predominant	18
prelungită	18
press	18
prezentatoarea	18
prezidențială	18
prietena	18
prietenul	18
prietenă	18
primare	18
privit	18
profesoară	18
profite	18
pronunțat	18
proporții	18
propunem	18
psd-pnl	18
psg	18
pușcărie	18
păreau	18
părinţilor	18
reamintit	18
reclamat	18
recunoscător	18
religios	18
renault	18
reprezentații	18
reprezinte	18
respinsă	18
responsabile	18
retrase	18
revoluție	18
rezervat	18
rezistat	18
reţea	18
reținerea	18
roagă	18
roluri	18
romsilva	18
ron	18
rupe	18
rutină	18
râu	18
răspândirea	18
saligny	18
salon	18
satisface	18
scaune	18
schemă	18
sclavi	18
scrii	18
secretă	18
selecție	18
semnalele	18
semnată	18
senin	18
separate	18
serena	18
servi	18
sfatul	18
sindicatului	18
situaţiei	18
slava	18
smiley	18
smith	18
social-democrat	18
soldati	18
somnul	18
sorescu	18
spațiilor	18
speranțe	18
st	18
stanciu	18
statuia	18
statutului	18
stocurile	18
studiază	18
stângă	18
substanță	18
subterane	18
sufletului	18
sune	18
sunet	18
suprem	18
suspiciuni	18
sărace	18
tablou	18
tabloul	18
tactice	18
tate	18
thomas	18
titlurile	18
transferuri	18
transporturile	18
tricou	18
trimita	18
tristă	18
tupeu	18
turismul	18
turist	18
tăiate	18
tărie	18
uimit	18
umor	18
universal	18
urmărite	18
vaccinării	18
valorează	18
valului	18
vehiculul	18
veneția	18
venim	18
veniți	18
verificările	18
versiuni	18
vinovați	18
viol	18
voluntariat	18
vârstele	18
wales	18
ziar	18
îmbrăcată	18
împins	18
împărtășit	18
încadrat	18
încadrează	18
încasează	18
începere	18
încoace	18
înconjurător	18
încălcări	18
îndată	18
îndelungată	18
îndrăgostit	18
înființată	18
îngrijit	18
înscrierea	18
întoarcere	18
întâlnirile	18
întârzieri	18
învăţat	18
înălţime	18
înălțimea	18
înțelegerea	18
ţinând	18
șocat	18
știrea	18
abandonate	17
accelerată	17
acceptate	17
accidentări	17
acordurile	17
actualei	17
acumulat	17
adunării	17
adversarii	17
agitat	17
ajutați	17
alcaraz	17
alcoolul	17
alianţa	17
ambasador	17
ameninţări	17
amplasată	17
amânate	17
anastasia	17
anda	17
antiaeriană	17
anunta	17
anvergură	17
apeleze	17
apreciez	17
arestați	17
arestului	17
argument	17
armamentul	17
arsenal	17
arunce	17
asculte	17
ascultă	17
ascund	17
ascunsă	17
asociații	17
asocierea	17
asumate	17
atelierul	17
atenției	17
aveai	17
avionului	17
barajul	17
barbat	17
basarabiei	17
baterie	17
bce	17
beijingul	17
bistrița	17
bonus	17
bugetară	17
bustul	17
buzunare	17
bălți	17
cablu	17
cadavrele	17
cadrelor	17
calcule	17
calități	17
campionul	17
candidații	17
caracal	17
carburanților	17
card	17
cardul	17
care-și	17
cartiere	17
ce-a	17
cec	17
cehă	17
celule	17
celulele	17
ceo-ul	17
ceri	17
certificatului	17
cezar	17
chirurgicală	17
civic	17
clientul	17
clujean	17
colț	17
combate	17
comerțul	17
compara	17
compară	17
concentreze	17
concurat	17
concurentul	17
conf	17
conferinței	17
conferă	17
contactul	17
controversate	17
convine	17
convinși	17
coridor	17
cosmetice	17
credință	17
crescută	17
criminalii	17
criticată	17
crișul	17
crucea	17
crucial	17
culturi	17
cumparat	17
curentă	17
cutia	17
cântăreață	17
câştiga	17
călătorească	17
cărții	17
datoriei	17
de-o	17
defensivă	17
delegația	17
demararea	17
demonstrație	17
deplină	17
depozitate	17
deschidem	17
descurajare	17
dese	17
desfăşurare	17
designul	17
destinată	17
deteriorat	17
devii	17
diminua	17
diplomat	17
dispozitivelor	17
dispun	17
distanța	17
distracție	17
distrugerile	17
distrusă	17
dolarul	17
domn	17
dorin	17
dracului	17
dragă	17
dramă	17
drogurilor	17
drăgușanu	17
du-te	17
duda	17
duel	17
dulciuri	17
duse	17
duș	17
duși	17
echilibrată	17
echipamentelor	17
ecologice	17
edi	17
efectuată	17
eficiența	17
elegante	17
eliberate	17
elibereze	17
emisiile	17
enescu	17
enorme	17
entuziasm	17
episodul	17
erai	17
erou	17
etnie	17
europă	17
evaluări	17
evoluează	17
evreu	17
evul	17
exclusă	17
existenţa	17
experților	17
explicații	17
explicit	17
exprimate	17
expusă	17
extras	17
fabricile	17
feluri	17
fericirea	17
feroviare	17
festivaluri	17
ficat	17
fierbinți	17
filip	17
flagrant	17
fondat	17
formație	17
formației	17
frontiere	17
fuga	17
fugi	17
galaxy	17
gazda	17
geamul	17
generalii	17
generatoare	17
generează	17
gică	17
giratoriu	17
granițe	17
graniței	17
groapă	17
gros	17
gândirea	17
găsirea	17
hackeri	17
harris	17
henry	17
hidrogen	17
horeca	17
hoti	17
hub	17
ignorat	17
ilan	17
imaginat	17
importanta	17
inamice	17
inamicului	17
inclusă	17
independență	17
indica	17
indonezia	17
infanterie	17
infecțioase	17
inspiră	17
integra	17
integrate	17
intenționat	17
interesate	17
investiţiilor	17
invitatul	17
io	17
is	17
italianul	17
jaf	17
japonez	17
jazz	17
jill	17
joker	17
josep	17
judet	17
județeni	17
junior	17
jurnal	17
jurnaliștilor	17
kennedy	17
lipsească	17
lipsită	17
litera	17
lopez	17
luaţi	17
lucrezi	17
lucrării	17
lukoil	17
maghiare	17
manieră	17
manifestări	17
maxima	17
medicamentele	17
mehedinți	17
meloni	17
meniu	17
miniştri	17
miros	17
miruna	17
mixte	17
mizerie	17
mișcările	17
mobilizării	17
mocanu	17
modelului	17
mol	17
moldovagaz	17
monitorizează	17
mormânt	17
motorul	17
muncească	17
mureş	17
nationala	17
nazist	17
necunoscute	17
negocieze	17
neutru	17
no	17
nordice	17
novosti	17
numi	17
numita	17
numite	17
născută	17
obișnuiți	17
obligată	17
ocean	17
ocna	17
ofera	17
oficiul	17
olaru	17
omenirea	17
operatori	17
operaționale	17
opinii	17
optimist	17
organizațiile	17
parada	17
pascale	17
paula	17
pensiei	17
pensionarilor	17
pentagonului	17
perfecte	17
personalitate	17
pirotehnice	17
pista	17
pistă	17
plagiat	17
planificate	17
platou	17
plina	17
podea	17
poftiți	17
politicianul	17
politistii	17
porci	17
porcul	17
posibilități	17
postează	17
povara	17
precedente	17
prefera	17
pregătiri	17
pretext	17
prevedea	17
prevăd	17
prezentul	17
prezidenţiale	17
procesele	17
producătorilor	17
progresul	17
protejată	17
proști	17
puteai	17
părului	17
păsări	17
pătraţi	17
rai	17
ram	17
raspuns	17
ravagii	17
reacționează	17
reformă	17
refuzând	17
refăcut	17
regizat	17
relaţii	17
renunță	17
responsabilități	17
revoluției	17
reziste	17
rețetă	17
romanesc	17
roşii	17
roți	17
rubla	17
rulează	17
rămânând	17
rănirea	17
răpit	17
salariat	17
scoatem	17
scribul	17
scumpirea	17
secundar	17
sef	17
selectat	17
sensibile	17
sfera	17
sfântu	17
silueta	17
silvic	17
simpli	17
simțim	17
sindicat	17
singurii	17
solicitată	17
sosire	17
spaniolul	17
speță	17
stației	17
steag	17
steaguri	17
sterp	17
straine	17
stroe	17
strânge	17
stâlp	17
stări	17
subteran	17
suc	17
sud-vestul	17
surprindă	17
suspectul	17
suspendate	17
susţinere	17
susţinerea	17
sârbul	17
sărbătorește	17
sărăcie	17
sărăciei	17
taiwanului	17
tech	17
telefonului	17
testa	17
tim	17
totala	17
tradițională	17
traduce	17
trandafiri	17
transferate	17
transparent	17
tranzacțiile	17
trecând	17
tulpina	17
uniune	17
uriaş	17
urmărită	17
vacanțe	17
vas	17
venind	17
verificarea	17
verifică	17
vestului	17
voucherele	17
vulnerabilă	17
w	17
weekendul	17
zborului	17
zguduit	17
zilnică	17
zvonuri	17
zvonurile	17
împart	17
încerci	17
închidere	17
închiriere	17
încărcată	17
înghețat	17
îngrijorați	17
înscriere	17
înscrise	17
întrerupe	17
întuneric	17
întărit	17
înţeleg	17
şaptelea	17
şefului	17
abonamente	16
abundente	16
acestă	16
achita	16
actiune	16
acuzaţiile	16
acuzând	16
ada	16
adecvată	16
adevăratul	16
admisă	16
adolescenți	16
adopta	16
adresă	16
aducând	16
adulţi	16
adulții	16
adunate	16
afișat	16
aflaţi	16
agenție	16
agricolă	16
ajutoarele	16
albania	16
alerta	16
alexei	16
aliate	16
aliați	16
amenzile	16
amănuntul	16
android	16
angajaţilor	16
angela	16
anticorpi	16
anumiți	16
anunţ	16
aportul	16
aradul	16
arădean	16
arădenii	16
asigurate	16
asociaţiei	16
asta-i	16
atatia	16
atingere	16
atracție	16
atâția	16
autentic	16
autorizate	16
avansul	16
aventura	16
avut-o	16
azerbaidjan	16
aştepta	16
așteptările	16
aștepți	16
bac	16
baltică	16
banatului	16
barieră	16
basescu	16
bataie	16
bateria	16
bazinul	16
belgorod	16
beneficiar	16
beneficiarii	16
bibliotecii	16
bilanţ	16
birmingham	16
bisericile	16
brazilian	16
bucata	16
bucovinei	16
bucureștiul	16
buletin	16
bursele	16
buzunarul	16
bătălie	16
capacitățile	16
carburant	16
carburanți	16
carrefour	16
carton	16
castigat	16
cata	16
cazinouri	16
center	16
centură	16
cercetător	16
certificatele	16
chesnoiu	16
chestie	16
chirilă	16
chişinău	16
ciudată	16
ciugud	16
civilizata	16
clara	16
clasate	16
clinica	16
clujului	16
colecție	16
colo	16
colțul	16
competente	16
competitiv	16
competiţii	16
componenta	16
componentele	16
comportă	16
comunitățile	16
comunităților	16
condamnă	16
considerabile	16
construcţia	16
consultanță	16
consumate	16
consumată	16
contemporan	16
continuată	16
contribuție	16
corespunde	16
coridoare	16
corneliu	16
coste	16
creativitatea	16
crezând	16
critica	16
crucii	16
cucerească	16
culturile	16
curate	16
curentul	16
cutremurul	16
câmpeni	16
cântece	16
câtă	16
câştigă	16
câștiguri	16
cădea	16
călduroasă	16
căutați	16
daily	16
daruri	16
datorita	16
daţi	16
debuta	16
demis	16
demn	16
democratie	16
denisa	16
denumit	16
dependența	16
depistarea	16
deplasări	16
descrierea	16
descurca	16
destinul	16
devina	16
dezbătut	16
diferențele	16
diferă	16
digitalizarea	16
dimitrie	16
dinți	16
direcții	16
disney	16
dispoziţia	16
distribuie	16
documentare	16
donații	16
dorită	16
dorm	16
dorohoi	16
două-trei	16
duca	16
dumei	16
dărâmături	16
dăunătoare	16
educatia	16
efectelor	16
eficientizarea	16
eficiență	16
elaborat	16
elibera	16
eliberează	16
elita	16
elite	16
elveţia	16
englez	16
entitate	16
episoade	16
eric	16
eroi	16
eroii	16
estimate	16
etapele	16
europol	16
evacuat	16
evacuate	16
evaluează	16
evitați	16
evreilor	16
examenele	16
excelente	16
excursie	16
execute	16
execută	16
exercita	16
exerciţii	16
exil	16
experiențele	16
experimentat	16
experimente	16
exploziv	16
fabricat	16
fast-food	16
fcu	16
febră	16
felicitari	16
felicitat	16
feminină	16
ferit	16
fiice	16
filtre	16
finanţate	16
fixat	16
foamete	16
fodor	16
food	16
fraţii	16
funcțional	16
funcțională	16
funcționarea	16
funcționari	16
fundașul	16
furnizării	16
furtul	16
furtuna	16
gabor	16
gasi	16
generată	16
geopolitice	16
georgiana	16
gestionat	16
gestioneze	16
ghinion	16
gratii	16
greva	16
groază	16
grupei	16
grupurilor	16
grătar	16
gunoaiele	16
guvernamentală	16
house	16
hz	16
iacob	16
ieftină	16
igsu	16
impecabil	16
imperiu	16
implementate	16
importul	16
importurilor	16
incendiile	16
inch	16
includă	16
ingineri	16
inspectorul	16
instruire	16
instrumentele	16
integrală	16
inteligența	16
intensificarea	16
intenţia	16
intenție	16
interpreta	16
interzică	16
intreg	16
invest	16
invidiat	16
invitată	16
invitație	16
invităm	16
ipostaze	16
ipoteză	16
italienii	16
iubite	16
iubiți	16
jurați	16
lansări	16
largi	16
larisa	16
lega	16
legendă	16
legislaţia	16
lemnos	16
lemnul	16
liberalilor	16
livrează	16
livreze	16
localizarea	16
locuinţa	16
lucrau	16
lupu	16
mail	16
man	16
maternitate	16
maturitate	16
medicament	16
menit	16
menţinerea	16
meritul	16
michel	16
mig	16
mizeria	16
ml	16
moderată	16
moderna	16
modifica	16
modificată	16
monta	16
montarea	16
motivarea	16
motivația	16
municipale	16
mănânci	16
mări	16
măruță	16
natal	16
nationale	16
naştere	16
neașteptate	16
neașteptată	16
necesita	16
nehammer	16
nemulțumiți	16
nicoleta	16
nikolaev	16
nord-vestul	16
nori	16
normali	16
normative	16
normă	16
numeroasele	16
nunți	16
oaspeții	16
obligate	16
observații	16
opoziția	16
optat	16
orange	16
ordinele	16
originar	16
os	16
oțel	16
paie	16
panica	16
panou	16
pană	16
parcări	16
particip	16
particule	16
parţial	16
pasa	16
pasionații	16
pedepsei	16
percheziție	16
performant	16
persistă	16
peștele	16
pierderilor	16
pledat	16
ploile	16
plăteşte	16
podium	16
poliţiştilor	16
popoarelor	16
populatiei	16
praful	16
prag	16
pregătiţi	16
prematur	16
pretins	16
preturi	16
primariei	16
primea	16
primării	16
privirea	16
proceselor	16
produsului	16
profita	16
promisiuni	16
protectie	16
protecției	16
proveniență	16
psihiatrie	16
psihologul	16
publicaţia	16
punere	16
punând	16
rahat	16
reclame	16
recoltarea	16
recomandările	16
reduc	16
reformele	16
regulamentar	16
regăsește	16
religioasă	16
respectăm	16
revistei	16
rezolvăm	16
rețete	16
reținută	16
richard	16
rishi	16
roast	16
roata	16
romanesti	16
românie	16
rută	16
războaie	16
salată	16
schimbăm	16
scurta	16
secţie	16
secţiei	16
semifinala	16
semneze	16
separatiștii	16
sindromul	16
slot	16
soi	16
solicitării	16
solide	16
soluționarea	16
sosi	16
spaţiile	16
spectatorii	16
sporită	16
sporturilor	16
stand-up	16
stelian	16
sticla	16
stiluri	16
striga	16
stând	16
stănescu	16
su	16
suna	16
suporta	16
suporteri	16
susținătorii	16
suverane	16
sân	16
tablă	16
tarifelor	16
taxi	16
tel	16
tenisul	16
testați	16
thought	16
time	16
timpuri	16
toader	16
torențiale	16
tractor	16
traieste	16
transportă	16
tratatele	16
treimi	16
uimitoare	16
ulterioare	16
untold	16
urmăritori	16
urări	16
vadim	16
vamale	16
varză	16
vascular	16
vatra	16
vedeţi	16
venită	16
verificată	16
veto	16
violența	16
visează	16
vizați	16
viziteu	16
voința	16
volkswagen	16
voluntarii	16
vânzărilor	16
vătămată	16
watch	16
împiedicat	16
împrejurările	16
înaintat	16
începuse	16
încheiate	16
încrederii	16
încrezător	16
încălțăminte	16
îndepărtarea	16
îngrijorător	16
înregistrați	16
însoţit	16
însuşi	16
întreprinderile	16
învecinate	16
înveți	16
șasea	16
șefia	16
ție	16
țineți	16
țiței	16
absolvenți	15
aceleiași	15
achiziţii	15
acorduri	15
activităţilor	15
actriţa	15
acuzare	15
acuzaţii	15
acționar	15
adaptate	15
administratia	15
administrată	15
adolescenta	15
afecțiunea	15
aferent	15
agențiile	15
alarma	15
albastre	15
alerte	15
alexandria	15
aliaților	15
aluatul	15
aluminiu	15
ameninţat	15
americana	15
amestecul	15
amiaza	15
amintirea	15
amplasarea	15
amploarea	15
anchete	15
angajator	15
angajatori	15
angajări	15
antidoping	15
antreprenoriatului	15
antreprenorii	15
anulate	15
anuleze	15
anvelope	15
apariției	15
aport	15
apreciată	15
aradului	15
arhitectura	15
artei	15
artemis	15
artiștilor	15
asistenta	15
asistentă	15
asistența	15
astept	15
atacatorul	15
atatea	15
atletism	15
atomice	15
atractiv	15
atractive	15
autobuzul	15
aşteptaţi	15
bacterii	15
bagajele	15
bagi	15
baietii	15
barbă	15
bazine	15
bega	15
benefic	15
blocurile	15
boloş	15
bor	15
brand	15
branduri	15
brațul	15
bunăstarea	15
butonul	15
băieţi	15
bălcescu	15
bănuit	15
bărbaților	15
cadourile	15
calculate	15
calorii	15
canapea	15
capătă	15
car	15
caraș-severin	15
carei	15
cash	15
castel	15
cazați	15
cazino	15
cazinou	15
ce-mi	15
ceaiul	15
celebrele	15
celebră	15
celuilalt	15
celulelor	15
cercetați	15
cernavodă	15
cernihiv	15
cerute	15
chindia	15
chinuie	15
chip	15
chirurgicale	15
chișinăului	15
cina	15
cinste	15
citeste	15
clienţi	15
clipul	15
cni	15
colabora	15
colaborează	15
colonelul	15
comandamentul	15
combinații	15
competiţiei	15
complementară	15
compusă	15
comunele	15
comunica	15
comunismul	15
comunista	15
comunistă	15
conducătorilor	15
conectată	15
conferinţa	15
confiscat	15
consens	15
conservatoare	15
constatare	15
constituționale	15
constructori	15
consultant	15
consume	15
contagioasă	15
continuării	15
contravaloarea	15
controalelor	15
convingerea	15
conţine	15
corporale	15
creativ	15
credința	15
crescute	15
cresterea	15
creând	15
creşteri	15
cristea	15
culcare	15
culiță	15
cumplite	15
cumpărători	15
cunoscuţi	15
curată	15
curățat	15
câștigi	15
câștigătoarea	15
cărţi	15
darul	15
datoriilor	15
daunele	15
dealul	15
decedate	15
demarate	15
demisioneze	15
depunerii	15
deputații	15
deranja	15
deschid	15
despărțirea	15
destinația	15
dezbateri	15
dezvoltatorii	15
deţinut	15
diaconescu	15
diagnosticată	15
diagnosticați	15
diaspora	15
diferențe	15
difuzată	15
discriminare	15
discursului	15
dispuși	15
dispărute	15
distanta	15
districtul	15
doarme	15
documentația	15
documentului	15
doreau	15
dornei	15
dotate	15
dotată	15
dramatice	15
drona	15
dsu	15
duble	15
efectueze	15
elaborarea	15
elită	15
emisiilor	15
emoţii	15
estima	15
etapei	15
evaziune	15
eventualele	15
evidențiat	15
exercițiile	15
existând	15
experienta	15
explicația	15
exporta	15
exportul	15
externi	15
extrema	15
ezitat	15
fabricii	15
fabulos	15
faptă	15
faze	15
fbi	15
fericite	15
fetițe	15
fileu	15
florea	15
folosință	15
forțată	15
forțați	15
fostele	15
fotografiat	15
francezul	15
frigul	15
functioneaza	15
fură	15
făceam	15
galaţi	15
gazon	15
generoasă	15
gherghe	15
ghid	15
gorghiu	15
gradului	15
gras	15
greseala	15
groaznic	15
grupări	15
grăbit	15
gândire	15
hepatita	15
horea	15
humorului	15
iasa	15
iasi	15
identificare	15
identifice	15
ierusalim	15
importă	15
impozitarea	15
impozitelor	15
imunitatea	15
inacceptabil	15
inci	15
indicator	15
indice	15
indicând	15
inel	15
inelul	15
influenţă	15
infotrafic	15
instanţei	15
insurance	15
intai	15
inteleaga	15
inteligentă	15
intențiile	15
internationale	15
internauții	15
intervale	15
intoarce	15
invazii	15
investigare	15
investiţie	15
iohanis	15
irpin	15
isj	15
iv	15
jefuit	15
jo	15
joburi	15
judiciară	15
justifice	15
justitie	15
kaliningrad	15
kanal	15
kevin	15
king	15
lansatoare	15
lanţ	15
lichidarea	15
licitației	15
life	15
listei	15
listele	15
literar	15
litere	15
liturghie	15
localităţi	15
louis	15
lucrătoare	15
magic	15
majora	15
manevre	15
maramureş	15
markle	15
masters	15
matale	15
menajere	15
mere	15
mergeau	15
meszar	15
microfon	15
miculescu	15
minimele	15
mintală	15
mita	15
mitul	15
modifică	15
motoare	15
moștenire	15
mugur	15
multumesc	15
mulțumită	15
municipalității	15
muntenegru	15
mureșan	15
mutu	15
mândră	15
mărfurilor	15
nativi	15
nefericit	15
nemulțumiri	15
nemulțumit	15
nervii	15
nominalizat	15
nora	15
norvegian	15
nu-si	15
oboseală	15
occidental	15
occidentală	15
oile	15
olga	15
olimpică	15
omenirii	15
omoară	15
ong	15
operaţiunile	15
oprim	15
orhei	15
pa	15
pacienţii	15
pagină	15
palat	15
parerea	15
parfum	15
paria	15
parintii	15
particular	15
patrimoniu	15
patrulare	15
pauza	15
permisului	15
permisă	15
personalitatea	15
pescuit	15
petrolier	15
pictură	15
piperea	15
piste	15
plafonul	15
plaje	15
planificată	15
plantă	15
plasarea	15
plati	15
pleci	15
ploieşti	15
plângerea	15
plătești	15
poezie	15
politicilor	15
poliţist	15
populari	15
populatie	15
pornire	15
portului	15
porturi	15
potasiu	15
poșta	15
pravda	15
predarea	15
prejudiciu	15
preluare	15
presupus	15
presupuse	15
pretutindeni	15
prezenței	15
preşedinţia	15
prind	15
prințului	15
privească	15
proprietarilor	15
propriului	15
prosperitate	15
protestatari	15
protestatarii	15
protocolului	15
provocatoare	15
prăbuşit	15
prăjituri	15
psihice	15
pumnul	15
punctaj	15
puneți	15
pute	15
păduri	15
părăsesc	15
pătrat	15
rafale	15
ras	15
rasa	15
rase	15
recensământ	15
recoltate	15
recomand	15
regizorului	15
reglementarea	15
reglementări	15
relativă	15
relaxat	15
religia	15
remarcabilă	15
renovare	15
renunțarea	15
respectivul	15
reuniuni	15
revolta	15
revoluția	15
rezidențial	15
rezulta	15
rostit	15
ruby	15
rugați	15
rusie	15
rădăcini	15
sai	15
salvate	15
sanctiunile	15
saraci	15
saracie	15
scazut	15
schimburi	15
secetei	15
second	15
selectate	15
selecționer	15
semințe	15
semnătura	15
sesizate	15
sesizări	15
severodonețk	15
sezoane	15
sfătuit	15
show-ul	15
silvaniei	15
silvice	15
silviu	15
socialiștilor	15
sold	15
solidaritatea	15
sondajul	15
sorți	15
soţie	15
spaga	15
spalat	15
spectaculoasă	15
speranta	15
spionaj	15
stagiu	15
starul	15
statisticilor	15
stați	15
stațiile	15
stiinta	15
stiri	15
stiti	15
stoica	15
strategiei	15
strigă	15
studenţi	15
studenților	15
substanțelor	15
suciu	15
sud-vest	15
sufletele	15
suprafata	15
supuși	15
suspecți	15
suspendării	15
sustenabile	15
sustin	15
sustine	15
suveran	15
sărbătorim	15
tancurile	15
tanczos	15
tehnici	15
televiziunile	15
terenurilor	15
terestră	15
terminal	15
terminale	15
teroare	15
testului	15
tezele	15
theo	15
tortură	15
toxic	15
toxice	15
tradițiile	15
traiul	15
transportați	15
tratamentului	15
tratată	15
tratați	15
traumatisme	15
trecea	15
trecutului	15
tribune	15
trofee	15
trotuare	15
tudose	15
tuns	15
turci	15
turiştii	15
turiștilor	15
tăia	15
umeri	15
umerii	15
uniforme	15
universitare	15
urbane	15
ureche	15
urez	15
uri	15
utilaje	15
utilizator	15
utilă	15
uzură	15
v-am	15
varia	15
variate	15
varșovia	15
vecinătatea	15
vegetale	15
verificați	15
vestimentare	15
viețile	15
vindem	15
virtuale	15
vitali	15
vitreg	15
vizual	15
will	15
with	15
wizz	15
zaharova	15
zbura	15
împăratul	15
încasări	15
încăpere	15
înlocuire	15
întreba	15
întreruperea	15
întâmplate	15
întărească	15
înăuntru	15
şansa	15
şaselea	15
şoferii	15
ştiinţă	15
ţină	15
șaselea	15
șoferului	15
șterge	15
științific	15
științifică	15
ți-ai	15
țiriac	15
a-si	14
abilități	14
acceptarea	14
acceptată	14
achiziționeze	14
acoperită	14
acoperiș	14
activelor	14
acuzația	14
adapta	14
adevărului	14
aduca	14
aducerea	14
adversarului	14
adânci	14
adâncă	14
aflam	14
afm	14
agendă	14
ajunse	14
ajutat-o	14
albu	14
alexa	14
alexe	14
alexia	14
alfa	14
alianţei	14
alice	14
aliment	14
alimentat	14
alocuri	14
altitudine	14
ambelor	14
ambulanțe	14
amendați	14
ameninta	14
amintite	14
amprenta	14
anexa	14
angajate	14
anthony	14
anticipate	14
antigen	14
antrenorii	14
anunțe	14
aplauze	14
app	14
aprinse	14
ard	14
ardeal	14
ardelean	14
arhiepiscopul	14
artileria	14
arădeană	14
asadar	14
ascensiunea	14
asigurării	14
asistenți	14
astra	14
astrele	14
aterizat	14
atestă	14
atletico	14
audi	14
autori	14
autoritatile	14
autorităţii	14
autorizația	14
avarie	14
avize	14
axa	14
așteptarea	14
așteptată	14
așteptări	14
bagaje	14
bahmut	14
balcon	14
baltă	14
banuiesc	14
bară	14
batalionul	14
bateriei	14
batut	14
benzema	14
berceni	14
bihoreni	14
bile	14
bob	14
bolnavii	14
bombardate	14
bradul	14
brandul	14
britanicii	14
bruneta	14
bulgari	14
by	14
bă	14
băiatului	14
bănuite	14
cafeaua	14
calistrat	14
canadian	14
cancelar	14
candidaţii	14
capcană	14
caracteristici	14
cardiac	14
carosabile	14
carosabilă	14
cartofii	14
catalogat	14
cazut	14
ceapă	14
cecen	14
celebrului	14
cercetată	14
cerealele	14
cerealelor	14
chemarea	14
chemați	14
cinstea	14
ciobanu	14
circulației	14
civilizat	14
clientului	14
clinice	14
cloud	14
coman	14
combustibilii	14
comentează	14
comercianții	14
comisă	14
completeze	14
comunitare	14
concediul	14
conchide	14
concluzii	14
concura	14
conecta	14
conexiune	14
confirmare	14
confirmarea	14
consecinţă	14
conservarea	14
constituția	14
constructor	14
consult	14
contradictorii	14
contraofensivă	14
contrasens	14
contribuabili	14
convoi	14
conţinut	14
coordonată	14
copie	14
copilăriei	14
cotat	14
coș	14
creaţie	14
creditare	14
cremă	14
cronică	14
cuceri	14
culisele	14
cumplită	14
cumpărarea	14
cumpărată	14
cumpărătorii	14
curățare	14
cutii	14
cădere	14
căsnicie	14
căști	14
declanşat	14
definitive	14
demersul	14
demnitate	14
demnă	14
deplasările	14
depășesc	14
derby-ul	14
deschiși	14
desemnată	14
desene	14
dezvoltăm	14
deşeuri	14
deținea	14
dețină	14
diego	14
diferenţa	14
direcțiile	14
discursuri	14
douăzeci	14
dozele	14
drastice	14
drdp	14
dreptatea	14
dâmbovița	14
echitabil	14
echivalează	14
ecologizare	14
educată	14
efectivă	14
ema	14
emergente	14
emoțională	14
enache	14
enel	14
energii	14
episcop	14
esenţiale	14
evalua	14
evaluate	14
exagerat	14
excepţie	14
existentă	14
experţii	14
expun	14
extrase	14
eşec	14
fa	14
fashion	14
fecioru	14
federer	14
ferească	14
ferestrele	14
fiicele	14
fiii	14
fiindca	14
finanțată	14
finanțării	14
first	14
flavius	14
floare	14
florentin	14
force	14
formularul	14
fragmente	14
frecventă	14
full	14
functia	14
funcţionarea	14
fundamental	14
furnizeze	14
galbene	14
galei	14
galeria	14
gasesc	14
gasesti	14
geamuri	14
gemeni	14
generația	14
geopolitic	14
georgescu	14
georgiei	14
glob	14
greșeala	14
greșită	14
guvernatorului	14
guverne	14
guvernelor	14
guvernării	14
gândită	14
hall	14
helsinki	14
hotărâtă	14
hoți	14
ieşean	14
ieşirea	14
ileana	14
imobilului	14
imunitar	14
incertitudine	14
indiciu	14
inferioare	14
inginerie	14
iniţială	14
inițiată	14
insecte	14
insemna	14
inspectori	14
inspira	14
instant	14
instanțele	14
instituit	14
institute	14
instituţiile	14
instituţiilor	14
interdicție	14
intri	14
intru	14
intrând	14
invatat	14
investesc	14
investigațiile	14
invocând	14
ios	14
ipoteza	14
israeliene	14
istvan	14
isărescu	14
italieni	14
iubitorii	14
izium	14
jucam	14
jucate	14
jurnaliştii	14
justificare	14
kabaeva	14
kelemen	14
lavinia	14
lee	14
legați	14
lemnului	14
lichefiate	14
ligă	14
limitarea	14
limpede	14
liov	14
lipsea	14
livetext	14
living	14
livrări	14
localităţii	14
love	14
lovesc	14
luminoase	14
luptăm	14
lățime	14
maestrului	14
magdalena	14
maghiari	14
magistraților	14
malta	14
manevrelor	14
manifestarea	14
manifestările	14
manipulare	14
marcheze	14
materială	14
maximele	14
mcv	14
mecanic	14
medlife	14
melodii	14
mentală	14
menţină	14
mercenarii	14
merite	14
micuța	14
mile	14
minoră	14
minuni	14
misiunile	14
miză	14
monedei	14
monumente	14
morala	14
mouratoglou	14
mulţime	14
muniţie	14
munteniei	14
murdare	14
mutare	14
măi	14
mămică	14
mărfurile	14
mărimea	14
măști	14
nascut	14
navale	14
naziste	14
naziști	14
naște	14
necesara	14
necesitat	14
neobișnuit	14
neutralitatea	14
nevaccinați	14
nevinovați	14
nexta	14
nole	14
nordului	14
notabile	14
numa	14
năvodari	14
oara	14
oboseala	14
observată	14
obstacole	14
obținută	14
ochelari	14
odessa	14
oficialului	14
oi	14
olteniei	14
onoarea	14
operația	14
opiniile	14
optimă	14
orci	14
organizatorul	14
orientare	14
orientarea	14
oțil	14
pacienta	14
pagubele	14
palma	14
panourile	14
parcurile	14
parlamentarul	14
partenere	14
paste	14
patrioți	14
pauze	14
paza	14
peisaj	14
penibil	14
peninsulei	14
penitenciar	14
periodică	14
permanente	14
pete	14
pică	14
pieţe	14
piețelor	14
pilonul	14
pique	14
plahotniuc	14
planete	14
plecând	14
plăţi	14
poker	14
politiei	14
polivalentă	14
polonezii	14
pontif	14
portalul	14
portugaliei	14
potențiale	14
pozitie	14
precădere	14
prefectura	14
prefecturii	14
preotului	14
preoți	14
preparatele	14
pretenții	14
prevedere	14
președinție	14
președinții	14
pricepe	14
primarilor	14
primavara	14
primeasca	14
prinţul	14
priorități	14
probelor	14
procesate	14
producem	14
producere	14
producătorului	14
programelor	14
project	14
propunerii	14
protejat	14
provenite	14
provocărilor	14
pulmonar	14
puneau	14
pusa	14
părintelui	14
părăsirea	14
părţile	14
pătrunde	14
raiffeisen	14
raoul	14
razboaie	14
razele	14
reacţionat	14
readus	14
realități	14
realizării	14
recomandare	14
recunoscută	14
recurge	14
redeschide	14
reducerii	14
referendumuri	14
refugiati	14
regină	14
remarcabile	14
repara	14
reporterilor	14
reprezentanţi	14
reprezentative	14
respondenți	14
responsabilii	14
retragerii	14
reușim	14
reviste	14
revoltat	14
revoluţiei	14
rezidenți	14
rezoluție	14
rezolvate	14
rezonabil	14
reședința	14
reședință	14
rm	14
roade	14
robu	14
rochia	14
romgaz	14
românce	14
româncă	14
rosu	14
rudelor	14
russia	14
râde	14
răcit	14
răi	14
rămași	14
rătăcit	14
sac	14
salvaţi	14
sambata	14
sateliți	14
schimbi	14
science	14
scriitorilor	14
scurgeri	14
securist	14
secțiile	14
sediului	14
semestru	14
senior	14
senzori	14
serbiei	14
seriei	14
sie	14
siguranței	14
siluetă	14
simbolul	14
simptomelor	14
simțeam	14
sju	14
smartphone	14
socialist	14
soldaţii	14
solicitând	14
solicitărilor	14
solul	14
sondajele	14
sony	14
soți	14
specia	14
specializate	14
spiritele	14
stadioane	14
standardelor	14
staţia	14
stimula	14
stimulează	14
stomacul	14
strasbourg	14
strica	14
strălucit	14
stătea	14
substanțial	14
succese	14
sufere	14
supranumit	14
supraviețuire	14
supreme	14
surprinzătoare	14
suspectat	14
sustenabil	14
susținea	14
suta	14
sălbatic	14
sălbatică	14
sănătoși	14
sărbătorită	14
sărituri	14
săturat	14
tb	14
team	14
telespectatorii	14
temperaturilor	14
teo	14
termenii	14
terorism	14
teza	14
tg	14
tichete	14
tin	14
ton	14
tort	14
town	14
traiasca	14
traim	14
trase	14
trasee	14
traversat	14
traverseze	14
treburile	14
trăiești	14
tudorel	14
turn	14
turnu	14
târgovişte	14
uber	14
ultimei	14
ului	14
umbră	14
unită	14
uniți	14
urgenta	14
urgenţe	14
urmatoarele	14
urmăririi	14
următori	14
ursul	14
usturoi	14
uzinei	14
valabilitate	14
valorificarea	14
vamal	14
varşovia	14
vecinătate	14
vegas	14
vernisajul	14
versuri	14
vietii	14
viorica	14
visele	14
vital	14
vizuale	14
vlaicu	14
voastra	14
vorbești	14
zboară	14
zodie	14
î	14
îmbunătățească	14
împotrivă	14
împăratului	14
încercau	14
încântat	14
îngrijorări	14
îngrijorările	14
înregistreze	14
înscrierile	14
însoțite	14
întinsă	14
întreprinderi	14
întreprinderilor	14
întări	14
îps	14
şcolile	14
şedinţă	14
ședințe	14
șocul	14
abu	13
abuziv	13
abuzuri	13
accelerarea	13
accept	13
accidentare	13
acelei	13
achită	13
acs	13
actiunile	13
actorie	13
actualizarea	13
adăposturi	13
afectaţi	13
afișate	13
aglomerate	13
agravat	13
alcoolică	13
altitudini	13
amatori	13
ambrogio	13
amenințările	13
amical	13
aminteşte	13
aminti	13
amoroasă	13
analizeze	13
anchetat	13
angaja	13
angajamentele	13
angel	13
anonimatului	13
antrenează	13
anulare	13
anunţate	13
anunțului	13
apela	13
apia	13
aplicației	13
aprecia	13
apropiaţi	13
apropiem	13
aprovizionării	13
apărătorii	13
arbitru	13
arbore	13
arse	13
arterială	13
arunci	13
asaltul	13
asediat	13
asigură-te	13
asista	13
asociațiile	13
aspru	13
asuma	13
atelier	13
atentia	13
atingem	13
atribuțiile	13
augustin	13
autentică	13
autohton	13
autonomia	13
autorităţi	13
autostrăzi	13
autovehiculelor	13
autovehiculul	13
autovehiculului	13
auzim	13
avansa	13
avort	13
așteptam	13
balmoral	13
banking	13
barca	13
bateriile	13
beneficiarilor	13
benefică	13
bennett	13
benzile	13
berea	13
bilanţul	13
biletelor	13
bin	13
blaga	13
blocaje	13
bolojan	13
bombardată	13
bonusuri	13
bosnia	13
botezul	13
botezătorul	13
bran	13
brandului	13
brânza	13
bugetele	13
butoane	13
buton	13
bănuiți	13
bătrânul	13
calciu	13
calendarului	13
camionului	13
caracterizat	13
cardiovasculare	13
cardurile	13
careului	13
cargo	13
caselor	13
caut	13
cazarea	13
cdc	13
ceasuri	13
ceauşescu	13
ceceni	13
cedo	13
centralelor	13
ceremonii	13
cernăuți	13
cimitir	13
circul	13
circulaţiei	13
claselor	13
clienţilor	13
coboară	13
colaboreze	13
colaps	13
combinație	13
comentez	13
comercializează	13
comerţ	13
comisarii	13
comparat	13
comunelor	13
concepute	13
concurență	13
consemnat	13
considerabilă	13
considerând	13
constate	13
constitui	13
construcțiilor	13
constând	13
consultare	13
consultarea	13
consumatorului	13
contră	13
convinsă	13
convorbiri	13
cool	13
coordonator	13
cord	13
corespondent	13
coroanei	13
coroană	13
corturi	13
costului	13
covor	13
coșul	13
creator	13
creditul	13
creezi	13
crescând	13
creștem	13
creștină	13
criteriul	13
criticilor	13
crizele	13
cruci	13
csa	13
cumpărăturile	13
cunoști	13
cunoștințele	13
curierat	13
cursului	13
cuțitul	13
câţi	13
câștigând	13
câștigăm	13
câștigătorii	13
davis	13
decent	13
decisivă	13
decisă	13
declanșată	13
decursul	13
defect	13
definită	13
degetele	13
democratia	13
dependenţa	13
depind	13
depistată	13
depistați	13
depozitarea	13
depăşi	13
derularea	13
descins	13
desfăşoare	13
desprinde	13
detaliat	13
detectat	13
devastator	13
devenim	13
devenise	13
dezbaterii	13
dezvoltatori	13
dictatorul	13
diesel	13
digitalizare	13
dinamica	13
diplome	13
disconfortul	13
discretă	13
discutate	13
dispariţia	13
disperată	13
dispozitivul	13
dispărută	13
distinct	13
distruga	13
divorțul	13
dle	13
dolarului	13
dominantă	13
drastic	13
dureze	13
educatie	13
egalitatea	13
elevă	13
eliberată	13
en-titre	13
eoliene	13
eroul	13
etnic	13
europenilor	13
evaluările	13
evidenţă	13
evităm	13
eviți	13
evreii	13
exactă	13
excelență	13
exemplare	13
expira	13
expresia	13
expunere	13
extinderii	13
faceţi	13
faimosul	13
farfurie	13
farmacii	13
farmec	13
federale	13
ferestre	13
ferește	13
festiv	13
figaro	13
fiică	13
filarmonica	13
finali	13
financial	13
finanţarea	13
florești	13
flota	13
flux	13
formaţiei	13
formațiunii	13
formulată	13
forţat	13
fotbaliști	13
frankfurt	13
frumoși	13
funcționale	13
fundal	13
fundeni	13
gandesc	13
gat	13
gemenii	13
gerard	13
gestionate	13
gimnastică	13
glorie	13
glumit	13
gospodăriilor	13
gradina	13
grafic	13
gramada	13
gresit	13
greșelile	13
greșite	13
grila	13
guardiola	13
haga	13
halloween	13
harghita	13
hidroelectrica	13
ialomița	13
ice	13
icoană	13
identității	13
iii-a	13
implicaţi	13
importanţi	13
impozitului	13
incapacitatea	13
inchisoare	13
incursiune	13
indicatori	13
inedită	13
infectărilor	13
infecțiilor	13
influențează	13
infocons	13
informeze	13
infracțiunea	13
ingredientele	13
iniţiat	13
inovare	13
inovatoare	13
inspirată	13
insuficient	13
integrare	13
interdicția	13
interventie	13
intitulată	13
intram	13
invadatorilor	13
investim	13
invocate	13
iorga	13
ircc	13
iscat	13
iubim	13
izolată	13
jaful	13
jandarmeriei	13
johannis	13
jucatori	13
jucării	13
judecați	13
jurnalistă	13
justin	13
kamala	13
kiril	13
kissinger	13
kramatorsk	13
kyrgios	13
lanțul	13
lauda	13
leclerc	13
lectură	13
lecția	13
lecțiile	13
legalitate	13
legislaţiei	13
lejer	13
libia	13
licee	13
licență	13
licitaţie	13
lis	13
literare	13
literaturii	13
lloyd	13
localnic	13
locatarii	13
look	13
loturile	13
lovire	13
luis	13
luptătorilor	13
macedonia	13
maestrul	13
mainile	13
majorări	13
manevrele	13
manipularea	13
marco	13
marcând	13
marcă	13
masculină	13
materia	13
matteo	13
mecanisme	13
meciurilor	13
mega	13
melitopol	13
mențin	13
menționa	13
mențiune	13
merkel	13
mesagerie	13
micii	13
micuțul	13
mihailo	13
minunate	13
mipe	13
mira	13
mirela	13
mix	13
mișto	13
moderate	13
modificărilor	13
monedă	13
mori	13
motociclete	13
ms	13
mulţumiţi	13
muniții	13
murray	13
musai	13
musculare	13
muzee	13
my	13
mărirea	13
mărturie	13
mărturii	13
măsoară	13
naibii	13
națiune	13
națiunii	13
ne-o	13
neamul	13
necunoscut	13
negociază	13
negrescu	13
nete	13
neutralitate	13
nevaccinat	13
nevoite	13
neymar	13
nistru	13
norocoasă	13
noutăți	13
numire	13
numiți	13
nădejde	13
obiectivului	13
obișnuite	13
obligații	13
obor	13
observatorul	13
oficiului	13
oled	13
oligarhi	13
omologii	13
ons	13
opec	13
opiniei	13
optzeci	13
orasului	13
orbita	13
orchestra	13
organe	13
organizator	13
organizatorilor	13
palmă	13
pandemic	13
parcat	13
parti	13
participant	13
pasajului	13
pasionați	13
paștelui	13
penalti	13
perechi	13
periculoși	13
perimetrul	13
personalităţi	13
petrov	13
pierdute	13
pisica	13
pisică	13
placa	13
plajele	13
planificare	13
plasate	13
plasează	13
plastică	13
plângeri	13
podoliak	13
poezia	13
politie	13
politisti	13
polonezi	13
pomană	13
pomenire	13
portabile	13
portofelul	13
portughez	13
poziţii	13
pradă	13
precipitaţii	13
precizeze	13
predate	13
pregătea	13
pregătitoare	13
prezentau	13
primarie	13
primind	13
prințesa	13
privi	13
privim	13
producătoare	13
profesionistă	13
promisiune	13
proprietarului	13
protejăm	13
protestelor	13
psd-ul	13
psiholog	13
pus-o	13
putine	13
putler	13
putna	13
părăsi	13
pătrășcanu	13
radicală	13
radioactiv	13
raionului	13
raman	13
ramuri	13
rapel	13
raportare	13
reacţia	13
reacţii	13
reciclare	13
rectorul	13
recuperate	13
redeschis	13
reface	13
reflecta	13
refugiaţilor	13
registrului	13
relaxarea	13
reparat	13
reporterii	13
reproșat	13
resimțit	13
respinse	13
restaurantele	13
resturi	13
resursă	13
reuşi	13
rezilierea	13
rețeta	13
ridicol	13
riscurilor	13
robotică	13
romantic	13
româna	13
românește	13
rosie	13
rotaru	13
ruben	13
rutte	13
ryan	13
rădoi	13
rănile	13
răspândite	13
răul	13
sabotaj	13
salubrizare	13
salut	13
sancţionat	13
sancționată	13
sange	13
sarcinii	13
sarea	13
sari	13
sarmale	13
sas	13
satana	13
sbu	13
scandaluri	13
scheme	13
schemei	13
scoata	13
scufundat	13
scăpăm	13
secretele	13
sediu	13
semnale	13
separată	13
servesc	13
seul	13
simon	13
sindicatul	13
sinucidere	13
situl	13
slavă	13
slujbe	13
soldatul	13
solidari	13
solutia	13
solutie	13
sosesc	13
spaţiului	13
specializarea	13
specialişti	13
spele	13
spor	13
sporit	13
sports	13
stati	13
stiut	13
stratul	13
studenţii	13
succesului	13
suedez	13
sumelor	13
sunetul	13
sunteţi	13
suplimentarea	13
supraviețuiască	13
supă	13
sustenabilitate	13
suveranul	13
sydney	13
tactică	13
talie	13
tauber	13
tavă	13
taxei	13
te-ar	13
tehnologice	13
telescopul	13
temei	13
temperaturii	13
ten	13
tendințele	13
terra	13
testată	13
testării	13
tiberiu	13
timișoreni	13
tinerețe	13
tinut	13
tiraspol	13
tonă	13
tradiţia	13
tramvaiele	13
transfera	13
transformată	13
tranșă	13
tribuna	13
triumf	13
trupă	13
turişti	13
turneele	13
târguri	13
ubb	13
ucraineana	13
ulterioară	13
uluitoare	13
unesco	13
urat	13
urechile	13
urgente	13
utilizeze	13
uzină	13
vaccina	13
vaci	13
vadu	13
vaida	13
valeriu	13
variată	13
varza	13
vasilescu	13
vera	13
verdictul	13
vicepreşedinte	13
vitezei	13
vizitatorilor	13
vizitată	13
voluntarilor	13
vreodata	13
vârfuri	13
xbox	13
împlini	13
împrejurimi	13
împrejurări	13
înarmat	13
încarcerată	13
închidem	13
încurajăm	13
încătușat	13
îndeaproape	13
îndemn	13
îndeplinesc	13
îndrăgite	13
înlăturat	13
înmormântarea	13
înregistrând	13
însemnând	13
însoțită	13
întins	13
întoarcerea	13
întreruptă	13
întreținerea	13
întâlnite	13
întâlnită	13
înţelegere	13
ă	13
şoigu	13
ştia	13
șercan	13
șerpilor	13
și-l	13
ți-a	13
ținea	13
abandoneze	12
abc	12
aborda	12
abordăm	12
abuzurilor	12
academic	12
accelera	12
acceseze	12
acordare	12
acordării	12
actiuni	12
acumularea	12
acuzaţi	12
acţiunea	12
acţiunilor	12
adaptarea	12
adevarata	12
admira	12
aduci	12
adune	12
aduși	12
adăugate	12
adăugată	12
afaceristul	12
ag	12
agenților	12
aglomerat	12
aglomerată	12
agresată	12
agresive	12
ajofm	12
ajun	12
ajungea	12
ajunşi	12
ajunși	12
ajutorarea	12
aloca	12
alocă	12
altui	12
aluat	12
ambalaje	12
amenajări	12
amendamente	12
ameninţarea	12
amenzilor	12
amsterdam	12
analizei	12
analizelor	12
analiști	12
andreescu	12
angajament	12
angajati	12
aniversare	12
aparare	12
aparatură	12
aparţinând	12
apreciem	12
apucă	12
arabi	12
arbitri	12
arbori	12
armatele	12
armonie	12
arădene	12
arăți	12
asasinarea	12
asediu	12
asigurările	12
asigurărilor	12
asociație	12
astepta	12
atacant	12
atenţi	12
atinse	12
atlanticului	12
audiat	12
australiei	12
autobuzele	12
autohtone	12
autonome	12
autoturismele	12
avertismentul	12
avertizarea	12
avertizări	12
avizat	12
azot	12
bali	12
banală	12
bancile	12
barbatul	12
bebelușul	12
belgian	12
belgiei	12
bem	12
bineinteles	12
blocaj	12
blândă	12
bolnave	12
boss	12
bot	12
botoşăneni	12
botul	12
brent	12
brigăzii	12
britanicul	12
bucuros	12
budeanu	12
bunici	12
burta	12
burtă	12
băneasa	12
bătăi	12
cabina	12
cabinete	12
cadrului	12
campaniile	12
canalului	12
candidatura	12
candidaţi	12
candidaților	12
capturați	12
cardiace	12
cardiologie	12
careu	12
cauciuc	12
cazacu	12
cazului	12
cealalta	12
ceapa	12
cecenia	12
celebrei	12
ceremoniei	12
cerințe	12
cerului	12
cerută	12
cet	12
cetățeanul	12
chicago	12
chimică	12
chiriac	12
chivu	12
circule	12
cititorii	12
ciudate	12
ciurea	12
clujeni	12
cncci	12
coastei	12
col	12
colaboratori	12
colaborări	12
colaborării	12
colinde	12
coloanei	12
comandate	12
combinatul	12
comercializarea	12
comită	12
compartimentul	12
completată	12
complicații	12
compoziția	12
comuniști	12
concurenţei	12
concurența	12
congelator	12
congresului	12
considerați	12
construct	12
constructii	12
constructiv	12
construcției	12
consumase	12
contemporane	12
contemporană	12
contestație	12
contestații	12
continental	12
continuitate	12
controleze	12
conștienți	12
conștiința	12
corupţie	12
cotitură	12
creăm	12
creştinii	12
criminalității	12
crizelor	12
crișan	12
ct	12
cucerirea	12
cultivat	12
cuvine	12
cuvintelor	12
cântec	12
câştige	12
câștigate	12
cît	12
căldurii	12
călinescu	12
călătoresc	12
cămașă	12
căminul	12
daria	12
de-aia	12
debloca	12
decesele	12
decid	12
decidă	12
decit	12
decizional	12
declanșa	12
declaraţia	12
declarațiilor	12
deficitului	12
degetul	12
degradat	12
delegației	12
demolarea	12
demonstrații	12
depp	12
depășirea	12
descoperim	12
descurce	12
destinaţie	12
deteriorarea	12
determinare	12
deutsche	12
dezvăluirile	12
diaconu	12
dictatură	12
dima	12
dimensiune	12
diplomați	12
directoarea	12
disciplinare	12
dispar	12
dispara	12
dispozitie	12
distracția	12
distrug	12
diviziei	12
djokovici	12
doarmă	12
dobre	12
doctrina	12
domestice	12
domniei	12
dopaj	12
dorite	12
draga	12
dragoş	12
drăghici	12
ducea	12
duma	12
dunărea	12
dădeau	12
eclipsă	12
eliberare	12
eligibile	12
elizabeth	12
emoționante	12
en	12
engleza	12
epava	12
epocii	12
eurostat	12
evitate	12
excesivă	12
executării	12
expertiza	12
expiră	12
explic	12
explodează	12
exprime	12
exterioară	12
fabricație	12
facea	12
facilita	12
familiale	12
favorite	12
favorizează	12
fazele	12
febra	12
fed	12
federală	12
fermierilor	12
fermitate	12
fidesz	12
fiindu-i	12
filma	12
filmate	12
fin	12
fisuri	12
floarea-soarelui	12
foamea	12
focoase	12
foloseste	12
forestier	12
fosili	12
foşti	12
friday	12
frunzele	12
fuge	12
functii	12
funcţii	12
funcției	12
funcționat	12
furia	12
gală	12
gandit	12
garantează	12
gaura	12
gaură	12
generațiile	12
genereze	12
generos	12
genetic	12
genetice	12
gheaţă	12
ghenea	12
ghinea	12
gospodăriile	12
granițelor	12
gripa	12
gripal	12
grozavă	12
grădinița	12
gt	12
gurile	12
guvernământ	12
gândea	12
gâtului	12
găsiţi	12
hand	12
har	12
hepatită	12
hill	12
hong	12
hotărârii	12
hunor	12
i-o	12
idiot	12
iertare	12
igpr	12
ilinca	12
imediate	12
imobilizat	12
imperiale	12
implementa	12
importate	12
importuri	12
inchis	12
inculpați	12
indiei	12
infecţie	12
infecțiile	12
inflaţie	12
influenta	12
info	12
informa	12
informați	12
infractori	12
infractorii	12
infracţiunea	12
infracțional	12
infrastructuri	12
inginerii	12
instalația	12
instanțelor	12
instituirea	12
instrumentul	12
integrității	12
intelegi	12
intensifica	12
interesată	12
internare	12
intime	12
intors	12
intrebare	12
intrebari	12
inutil	12
invadării	12
invitaților	12
ipostază	12
irigații	12
iv-a	12
jabeur	12
joase	12
johanis	12
joia	12
jud	12
judecătorului	12
judeţele	12
jurnalistului	12
justiţia	12
karim	12
kerci	12
kirby	12
klitschko	12
lada	12
lanțuri	12
laude	12
leii	12
lenin	12
letale	12
lgbt	12
limbajul	12
linistit	12
lorena	12
lucrând	12
lukaşenko	12
lăsaţi	12
lăuda	12
majorările	12
maps	12
margareta	12
maricel	12
marja	12
maro	12
marti	12
masivul	12
materii	12
mazăre	12
maşinile	12
medicamentelor	12
menţionată	12
mercur	12
mergând	12
mesele	12
metale	12
metalice	12
meteorologilor	12
metropolitan	12
metrorex	12
miile	12
mike	12
ministere	12
miniştrilor	12
minorul	12
mint	12
mirosul	12
module	12
monarh	12
monitoriza	12
monument	12
monumentul	12
mormântul	12
moștenirea	12
muncește	12
munților	12
music	12
mw	12
mănânc	12
mătase	12
nagy	12
naiba	12
naval	12
naţiuni	12
negativă	12
negocia	12
neplăcut	12
nevoiţi	12
nocive	12
nu-s	12
numească	12
obisnuit	12
obişnuit	12
oblemenco	12
obuziere	12
obții	12
obțin	12
ocaziile	12
occidentalii	12
oficiată	12
oglinda	12
oleksii	12
oltenii	12
omoara	12
omoare	12
onești	12
operative	12
opere	12
optează	12
opţiune	12
oraşele	12
ordinare	12
ordonanței	12
ostile	12
pahare	12
palme	12
parteneriate	12
participări	12
patriarhiei	12
patrie	12
paşcani	12
pașapoarte	12
pc	12
pecica	12
pentagonul	12
penultimul	12
perceput	12
percepția	12
performante	12
performanțe	12
permisiunea	12
permitea	12
permitem	12
perspectivele	12
petrecută	12
petro	12
petroșani	12
philip	12
piersic	12
pipera	12
pistolul	12
placă	12
planurilor	12
plasa	12
plasată	12
plini	12
plănuiește	12
plăţile	12
plății	12
poetul	12
polițistului	12
polo	12
poloneză	12
popoarele	12
portofoliu	12
porturilor	12
povesti	12
power	12
pozitia	12
precedenta	12
preferințele	12
pregatit	12
preliminară	12
premiului	12
preoţi	12
preoții	12
preponderent	12
presiunii	12
pretextul	12
prevenție	12
președinția	12
prigojin	12
prim-plan	12
primară	12
prisma	12
pro-ruse	12
proceda	12
productie	12
profesionalismul	12
proprietății	12
prostul	12
prutului	12
publicației	12
publicații	12
puma	12
purtate	12
pădurile	12
păsările	12
pătrundă	12
păunescu	12
qr	12
rade	12
radical	12
rampa	12
rapida	12
raportată	12
raspunde	12
reala	12
realist	12
reality	12
realitățile	12
recenzare	12
recepție	12
referim	12
refresh	12
refugiaţii	12
refuz	12
regat	12
regie	12
remizat	12
remiză	12
renunţa	12
renunţe	12
represiunii	12
restaurare	12
restricţiile	12
restrâns	12
revoltă	12
rezistenta	12
rezoluţie	12
rezumat	12
reține	12
rizea	12
ro-alert	12
romano-catolică	12
romanului	12
româncei	12
românului	12
rostul	12
rotile	12
rotundă	12
rugby	12
rusoaica	12
râuri	12
răspunderea	12
răzbune	12
s-or	12
sacrificiu	12
salariaților	12
salt	12
salută	12
salvată	12
sansa	12
sara	12
sarcinile	12
sară	12
saturn	12
scandalului	12
scoși	12
scrisori	12
scumpirilor	12
scutire	12
scăderi	12
sediile	12
seismică	12
selecția	12
sensibilitate	12
sentinţa	12
separarea	12
seriale	12
seră	12
sfaturile	12
siderurgic	12
silvia	12
simboluri	12
simbolurile	12
simti	12
simțul	12
sincere	12
sindicatelor	12
sir	12
siriei	12
sloturi	12
societățile	12
solicite	12
solicitările	12
soloviov	12
sonore	12
sovieticii	12
spaniole	12
sparge	12
sparte	12
specificat	12
speranțele	12
spiridon	12
spiritual	12
spus-o	12
stabile	12
stabilizat	12
stagiunea	12
starlink	12
statistica	12
statistice	12
sti	12
stia	12
straini	12
strazi	12
strică	12
structurale	12
studio	12
stăpân	12
subsol	12
substanțială	12
suferința	12
suferințe	12
suflete	12
sulina	12
superligă	12
suportat	12
supranumită	12
supraviețui	12
surprizele	12
susținători	12
săptămânal	12
sărac	12
săracă	12
sări	12
sărăcia	12
tabla	12
tablete	12
tabletă	12
tactica	12
tanti	12
taur	12
tavi	12
telespectatorilor	12
tentativa	12
terminalul	12
testament	12
testeze	12
texte	12
tinerele	12
tipic	12
tomisului	12
toni	12
topit	12
tradatori	12
traducere	12
tragediei	12
transformate	12
transmitere	12
transmiterea	12
tranzacționare	12
traseele	12
tratatului	12
traumatism	12
traversa	12
treizeci	12
trezi	12
tristețe	12
tronson	12
truc	12
trup	12
tsitsipas	12
turcă	12
tăcere	12
uav	12
ucrainienilor	12
uimitor	12
ultrawide	12
umb	12
umbla	12
umilit	12
unchiul	12
unguri	12
unt	12
urmatoare	12
uşă	12
vaccinati	12
vand	12
varga	12
vechii	12
verbale	12
versurile	12
versus	12
vicepreşedintele	12
violentă	12
vitală	12
vizor	12
vladimirescu	12
vreunei	12
vreţi	12
vătămate	12
văzut-o	12
webb	12
westminster	12
zahărul	12
zecea	12
zeelandă	12
zidurile	12
îmbină	12
îmbrăcați	12
împarte	12
împiedice	12
împlinesc	12
împrumută	12
împărtășește	12
împărțită	12
încasate	12
încetează	12
închirierea	12
încins	12
încoronării	12
încurajare	12
încântați	12
înfiinţarea	12
îngrozitor	12
înmatriculate	12
înmormântat	12
însoţite	12
însăși	12
întrebați	12
întrebi	12
întrevedere	12
întârzierea	12
înţeleagă	12
şedinţe	12
şedinţei	12
şefii	12
și-n	12
știind	12
a-mi	11
abonamentele	11
abordează	11
absolute	11
absurd	11
abuzurile	11
aceiași	11
achiziţia	11
achizițiilor	11
acroșat	11
activa	11
activarea	11
activist	11
actualele	11
actualizată	11
actualizări	11
actualmente	11
acute	11
acţionat	11
acţionează	11
adauge	11
adera	11
adevărați	11
adiacente	11
adolescent	11
adolescentă	11
adoptă	11
adormirea	11
adormit	11
adresez	11
adunare	11
adunați	11
adversară	11
aeronavei	11
aeronavele	11
aeroporturile	11
afecţiuni	11
agențiilor	11
agreat	11
aibe	11
alcătuită	11
alecsandri	11
alegând	11
alegători	11
alimenta	11
alimentația	11
alocați	11
altei	11
ambasadelor	11
amendată	11
americanul	11
amiral	11
amplasamentul	11
amprentă	11
analizarea	11
analizată	11
andrea	11
andy	11
angajatorul	11
anne	11
antecedente	11
anteriori	11
anunțase	11
apararii	11
aparatura	11
apelului	11
apelurile	11
aprecieri	11
aprinde	11
aprobă	11
apărăm	11
aquatim	11
arestării	11
arheologice	11
arhiva	11
artistă	11
arătau	11
asasinat	11
asiatice	11
asigurați-vă	11
asistente	11
astronauți	11
astronomice	11
asumă	11
at	11
atacați	11
austriacă	11
austrieci	11
austriecii	11
automată	11
autoritar	11
autorizată	11
autorului	11
autoutilitară	11
avansează	11
avanseze	11
aventuri	11
aviației	11
avocatură	11
aştept	11
aşteptată	11
așezări	11
baieti	11
bakhmut	11
balconul	11
balet	11
banci	11
barcă	11
bariere	11
bebeluș	11
benzinărie	11
benzinăriile	11
berlinul	11
bifat	11
birocrația	11
birourile	11
boboc	11
bombardeze	11
botoșăneni	11
braziliei	11
brutal	11
buble	11
bucharest	11
bucureșteni	11
bucureștenii	11
buzunarele	11
băieților	11
bătaia	11
bătrâna	11
bătrânii	11
caldura	11
calendaristice	11
calitățile	11
camilla	11
camp	11
campus	11
canadei	11
capacități	11
capat	11
capitalului	11
caracteristică	11
careul	11
caritabile	11
carlo	11
cartierele	11
castelului	11
ce-l	11
ceara	11
cecenii	11
ceh	11
celula	11
cerc	11
cercei	11
cercetare-dezvoltare	11
cercetătorul	11
cerebrale	11
cerebrală	11
certe	11
cetatean	11
chinezesc	11
cibernetici	11
cinic	11
cinstit	11
ciorbă	11
citești	11
citind	11
citite	11
cititor	11
cjt	11
cl	11
clarificări	11
clasare	11
clauză	11
clima	11
climat	11
clinton	11
clipuri	11
cluburilor	11
clujenii	11
coboare	11
coborî	11
cocaină	11
coduri	11
cojocaru	11
colective	11
colonie	11
comandanții	11
comenta	11
comentatori	11
comenzile	11
comercianți	11
compensa	11
compensații	11
competențe	11
competitive	11
comunicate	11
comuniștilor	11
condiţiilor	11
conducând	11
conduși	11
conectate	11
conferinţe	11
confuzie	11
consecinţele	11
constata	11
construiesc	11
construirii	11
consumator	11
contele	11
contesta	11
contrast	11
controverse	11
contului	11
convoiul	11
coordona	11
copt	11
corbu	11
corner	11
corul	11
coruptie	11
cos	11
costumul	11
covasna	11
cozile	11
creangă	11
creatorul	11
crema	11
criuleni	11
croaţia	11
cuantumul	11
culoar	11
cumplit	11
cunoștea	11
cuplurile	11
curajos	11
curiozitatea	11
cursele	11
curățarea	11
cutremure	11
câştiguri	11
câştigăm	11
câștigată	11
câștigurile	11
câștigători	11
cîteva	11
călătorilor	11
căutând	11
daniil	11
datorat	11
debutează	11
decedați	11
declarației	11
declarând	11
decolat	11
decorul	11
decretat	11
degradare	11
deh	11
delegat	11
delicată	11
denunțat	11
dependente	11
deputatului	11
derogare	11
derulează	11
descoperiri	11
descurcat	11
desemnarea	11
desfăşurată	11
desfășurării	11
desprins	11
detenţie	11
detenție	11
deteriorate	11
determinarea	11
dezbaterile	11
dezvăluite	11
deşeurilor	11
deștept	11
dgaspc	11
die	11
diplomație	11
directoare	11
disciplina	11
discuției	11
disputate	11
distanțe	11
distribuirea	11
distribuită	11
distribuţie	11
distribuția	11
diversitate	11
diversitatea	11
dnipropetrovsk	11
doamnele	11
documentat	11
domnilor	11
dorind	11
dorințe	11
drogat	11
ducând	11
duet	11
dulci	11
durabile	11
ecologică	11
educațională	11
edward	11
eficacitatea	11
ekaterina	11
elementelor	11
emi	11
emily	11
emoționantă	11
emoționat	11
entităţi	11
episcopul	11
escaladarea	11
estetic	11
estimare	11
estimări	11
et	11
etilotestul	11
evidenta	11
evidentă	11
evidența	11
evoluțiile	11
examinare	11
experţi	11
exploatat	11
expoziţia	11
exprimarea	11
expunerii	11
extrasă	11
facto	11
fatal	11
festivă	11
fictive	11
figuri	11
filosofie	11
filtru	11
fixă	11
forestiere	11
formular	11
forumul	11
forţei	11
fotbalistului	11
fraieri	11
frantei	11
frontal	11
frontierelor	11
funcţionare	11
fundamentală	11
furie	11
făcuse	11
făina	11
gabrielei	11
garcia	11
garsoniera	11
gds	11
generaţie	11
generaţii	11
geniu	11
geografie	11
gherla	11
giarmata	11
gigantului	11
gimnaziale	11
globalist	11
go	11
grabă	11
gradinita	11
grecești	11
greșesc	11
grupare	11
gsp	11
guvernamentali	11
găseşte	11
găsit-o	11
haidai	11
ham	11
harkiv	11
hartie	11
hobby	11
home	11
horațiu	11
hotărârile	11
hotărâți	11
hramul	11
hunt	11
iarăși	11
iaşul	11
ideale	11
idioti	11
ieftina	11
iertat	11
ieşene	11
ieşeni	11
ieșind	11
igienă	11
imediata	11
implementeze	11
implementării	11
implicațiile	11
impresionați	11
impusă	11
includerea	11
incredibile	11
independenţa	11
independenți	11
ineu	11
infecta	11
infecției	11
infirmat	11
influențat	11
informarea	11
infracționale	11
inimi	11
inovative	11
inspirate	11
instalație	11
instalațiile	11
institutii	11
instrucțiuni	11
insuficiente	11
insule	11
intelectuală	11
interbelică	11
interdicţie	11
intrebat	11
investitii	11
invitaţi	11
iod	11
iordache	11
ipocrizia	11
iranian	11
ironic	11
israelieni	11
iss	11
iubitei	11
iubitului	11
iuliu	11
japoneză	11
jaqueline	11
jiului	11
johnny	11
journal	11
judecă	11
jurații	11
jurnalişti	11
jurnaliştilor	11
justificată	11
laurenţiu	11
legenda	11
legislație	11
lemnele	11
lia	11
licenţă	11
lichide	11
limbile	11
linistiti	11
liniştea	11
litoralului	11
locuinţele	11
logistice	11
loviturilor	11
luminii	11
lunca	11
maiei	11
majorității	11
manşă	11
maraton	11
mars	11
medgidia	11
mentenanță	11
menționând	11
metalică	11
metropolitană	11
metroul	11
metsola	11
mijlocașul	11
mijlocii	11
milan	11
milionar	11
minciunii	11
minciunile	11
minorități	11
minunea	11
mină	11
mințile	11
mioara	11
misiunilor	11
mititelu	11
mixtă	11
moale	11
moartă	11
mobilizați	11
moldovenești	11
montată	11
montreal	11
morar	11
motivată	11
motocicletă	11
muncitor	11
murdară	11
mărire	11
mărturisește	11
măsurare	11
na	11
nastase	11
navalnîi	11
neagu	11
nejustificat	11
nejustificate	11
nelu	11
neobișnuită	11
nepoții	11
neprietenoase	11
neregulamentar	11
netă	11
nins	11
nistrului	11
nord-atlantică	11
nucleul	11
obligațiile	11
observațiile	11
obstacolele	11
obuze	11
obţinerea	11
ocupației	11
ofertelor	11
olena	11
olimpiadei	11
omorat	11
on-line	11
onlyfans	11
onoriu	11
operate	11
operativ	11
operată	11
oportun	11
oportunitățile	11
optimiști	11
orală	11
oraşelor	11
orez	11
organizaţie	11
orientat	11
originară	11
origini	11
originile	11
ortodocşi	11
palas	11
pantofii	11
paragină	11
parcurge	11
parcurgă	11
parere	11
parisul	11
parisului	11
parterul	11
participanţii	11
pase	11
pasăre	11
pata	11
patronii	11
paşti	11
pașnică	11
penny	11
penurie	11
pereți	11
pericolele	11
peru	11
petrecerile	11
petreci	11
pian	11
pictorul	11
piper	11
placul	11
planificarea	11
platină	11
platite	11
platourile	11
plecării	11
plicul	11
plimbe	11
plățile	11
pm	11
poalele	11
porsche	11
porțiune	11
postacii	11
posturile	11
povestesc	11
precauție	11
prefer	11
preferințelor	11
pregătirii	11
prejudiciului	11
prelungește	11
prelungire	11
presiunile	11
prestigiu	11
presupusa	11
pretentii	11
pretențiile	11
prezentator	11
preşedinţiei	11
priceput	11
primit-o	11
privilegii	11
prizonierii	11
pro-rus	11
pro-ruși	11
proaspătă	11
probatoriului	11
procesor	11
procuraturii	11
productivitatea	11
profiturile	11
profitând	11
promisiunea	11
pronunțată	11
protejați	11
protestează	11
prăbușește	11
prăbușire	11
psihologică	11
punctelor	11
pungă	11
pură	11
pusi	11
puţină	11
păcănele	11
păreri	11
păstrate	11
păstrezi	11
rada	11
radicale	11
radioactive	11
radiologie	11
raft	11
ramzan	11
re	11
reabilitat	11
reacționa	11
readuce	11
recensământul	11
recolta	11
reculegere	11
recunoaşterea	11
recuperează	11
recursul	11
refugiu	11
regimentului	11
reglementările	11
reglementărilor	11
regular	11
regulate	11
regăsit	11
relatii	11
relaţiilor	11
renovarea	11
renumită	11
reparaţii	11
repete	11
reprezentanta	11
respectând	11
retrograd	11
returneze	11
reunește	11
reuşeşte	11
revenim	11
revolut	11
rey	11
rezidențială	11
rezilienţă	11
rezistenței	11
reţele	11
riști	11
roberto	11
robot	11
rochii	11
royal	11
rugăciunea	11
rugăciuni	11
ruine	11
rutele	11
râdă	11
răcire	11
răspundem	11
răspândită	11
răului	11
sabău	11
saci	11
sacrificii	11
salonul	11
saltea	11
salvează	11
sam	11
sanse	11
scaunele	11
scrisul	11
scuza	11
scuză	11
scăderii	11
sechele	11
security	11
sensibilă	11
sevastopol	11
sfarsitul	11
simbolizează	11
sindicatele	11
sirop	11
situatii	11
situează	11
slaba	11
slabi	11
smartphone-uri	11
smuls	11
smântână	11
social-democrații	11
societăţi	11
soferul	11
sorina	11
soţ	11
spa	11
spală	11
specialiştilor	11
spirituală	11
sponsorizat	11
spontan	11
spotify	11
staţiile	11
stațiune	11
stiau	11
stimularea	11
strange	11
strigat	11
struguri	11
strâmtoarea	11
stăteau	11
subsolul	11
substanţă	11
sugera	11
suporte	11
suporterilor	11
supun	11
sustenabilă	11
susţinută	11
sutele	11
suveranității	11
suverană	11
sângelui	11
sălii	11
sărbătorirea	11
sătmăreni	11
taberei	11
talente	11
tanar	11
tarilor	11
tarziu	11
tatal	11
teiuș	11
televiziunii	11
tendinţa	11
tensionată	11
teodor	11
teorii	11
teritoriilor	11
termenului	11
terorismului	11
testează	11
timpii	11
toaletă	11
toarnă	11
tonciu	11
toronto	11
tov	11
traditie	11
tradiţionale	11
traga	11
tragere	11
transporte	11
traseului	11
tratamentele	11
treaptă	11
treceau	11
trecuta	11
trendul	11
tronsoane	11
trăsături	11
tulburarea	11
tulpini	11
tulpină	11
tunelul	11
turcii	11
tăierea	11
ubbink	11
ucidă	11
uiti	11
umf	11
umorul	11
unitar	11
universităţi	11
unsprezece	11
urechi	11
utilizați	11
vaccinaţi	11
valcea	11
valoric	11
valoroasă	11
valutar	11
vanda	11
vanzare	11
variabile	11
variolei	11
vasul	11
vechile	11
vedeam	11
vedetei	11
vehiculului	11
venise	11
verdict	11
vestimentar	11
viceprimar	11
viitorii	11
virtuali	11
viscol	11
vise	11
vizionat	11
vizitați	11
vizuală	11
viză	11
vorbeau	11
vorbesti	11
votată	11
vulcan	11
vânat	11
vânzării	11
vânzătorul	11
vîlceanu	11
wang	11
week-end	11
windows	11
windsor	11
xiii-a	11
y	11
yoga	11
zamfir	11
zf	11
ziarist	11
zlatna	11
zodiei	11
zoo	11
îmbracă	11
îmbunătățiri	11
împărat	11
înarmați	11
încadrarea	11
începuturile	11
înconjurată	11
încrezătoare	11
încălzirii	11
încăperi	11
îndrepte	11
înființării	11
îngrijirii	11
îngrijorată	11
îngrijorătoare	11
înguste	11
înmânat	11
înscrisuri	11
însărcinate	11
întinse	11
întocmai	11
întocmite	11
întâmplarea	11
învierii	11
învăţământul	11
învățăm	11
învățământului	11
înţelegem	11
înșiși	11
şaizeci	11
şaptezeci	11
şcolare	11
şoferului	11
ţi	11
ţigări	11
ţinta	11
ţiţei	11
șantaj	11
șantierul	11
șefi	11
șefilor	11
și-o	11
șocați	11
știința	11
abe	10
abramovici	10
absolvire	10
accederea	10
accesarea	10
accesibilă	10
achiziţionate	10
acut	10
acţiona	10
acționăm	10
adevăratele	10
administra	10
adn	10
adreseze	10
aducere	10
adversarilor	10
aerodromul	10
aeronavă	10
afecteaza	10
afecţiune	10
aferentă	10
agentii	10
ah	10
ajungeți	10
alegătorii	10
alergare	10
alias	10
alocată	10
alternativa	10
altuia	10
alzheimer	10
amalia	10
amar	10
ambiții	10
ambițios	10
ambulanţa	10
amenajată	10
ameninţă	10
amenințată	10
amenzii	10
americanca	10
amuzat	10
andreei	10
andrzej	10
anexată	10
angajamente	10
angajarea	10
animație	10
aniversarea	10
anonime	10
antrenamentele	10
anulează	10
aparițiile	10
apartamentele	10
aparţin	10
apasă	10
apelezi	10
aplicabile	10
apropiații	10
apuce	10
aranjat	10
arcul	10
arestaţi	10
arhiepiscopia	10
arhivele	10
aria	10
arome	10
aron	10
artere	10
articolelor	10
artificiale	10
ascensiune	10
asigurați	10
asistenţa	10
atenua	10
atenționare	10
ating	10
atlantic	10
atrase	10
atribuire	10
attila	10
audiență	10
audierea	10
aurora	10
australieni	10
automobil	10
autoturismelor	10
autoutilitara	10
avertiza	10
avizelor	10
avocado	10
avocatului	10
avortul	10
baba	10
bagajul	10
banane	10
banatul	10
bancnote	10
banu	10
banul	10
bariera	10
batalionului	10
batem	10
bcr	10
beach	10
bebeluși	10
benedict	10
beneficiarul	10
beneficiu	10
bideu	10
bijuterie	10
biletului	10
binecuvântat	10
binevenită	10
blat	10
blog	10
bodi	10
boeing	10
bolsonaro	10
braț	10
brexit	10
briefing	10
bruno	10
brâncuși	10
bucurii	10
buhnici	10
bulevarde	10
burduja	10
burleanu	10
burselor	10
buzele	10
băiețelul	10
bărbaţii	10
băuturile	10
cadariu	10
cadoul	10
calce	10
calculată	10
calmul	10
cambridge	10
cancan	10
cancelarului	10
cană	10
capriciile	10
caracterizată	10
cardului	10
cardurilor	10
caritabil	10
carpaților	10
casnice	10
catalog	10
catolică	10
ce-o	10
cedează	10
celebrează	10
cereți	10
cerinţele	10
certificatelor	10
cheltuiala	10
chestiunea	10
chimic	10
cifrelor	10
cipuri	10
circulat	10
circumstanțele	10
citez	10
ciuc	10
claritate	10
climatizare	10
clinicii	10
cna	10
cncd	10
cocktail	10
codruța	10
colegului	10
colete	10
collins	10
coloane	10
colonel	10
colonia	10
combaterii	10
comic	10
comisar	10
company	10
comparaţie	10
competiţiile	10
completare	10
completate	10
comunică	10
concediilor	10
concentrarea	10
concentrăm	10
condamnaţi	10
condiţia	10
conducatori	10
conexiunea	10
confirme	10
conjunctural	10
consecutivă	10
consemnate	10
conservare	10
conservatori	10
considerente	10
consilierului	10
consistent	10
consolidează	10
conspirației	10
constituție	10
consultări	10
contemporani	10
contestă	10
continentului	10
continuând	10
contraatac	10
contrabandă	10
contractate	10
contravenţionale	10
contribuabilii	10
contribuim	10
contribuind	10
contribuţia	10
contribuțiile	10
conturilor	10
convocată	10
convorbire	10
conştient	10
conștiente	10
coordonează	10
copila	10
copou	10
cor	10
corupt	10
corupta	10
corupți	10
corupția	10
corupției	10
costisitor	10
cotidianului	10
craciun	10
craiovean	10
creasca	10
creșterile	10
creștine	10
criptomonedelor	10
cristoiu	10
criticii	10
croației	10
cseke	10
culorii	10
cunoscuta	10
cuplului	10
cupru	10
cuptorul	10
câmpia	10
cântecul	10
căii	10
căilor	10
călduroase	10
călăraşi	10
cămin	10
căpitan	10
căprui	10
căpătat	10
căsătorită	10
căutările	10
d-le	10
dancing	10
dat-o	10
deca	10
decisive	10
declaratie	10
declaraţiilor	10
declarați	10
deep	10
defensiv	10
defensiva	10
definit	10
definiției	10
del	10
delicat	10
delicioase	10
deltă	10
demnitar	10
democrații	10
denise	10
denunţă	10
depasit	10
dependentă	10
deportat	10
depozitat	10
depozitelor	10
depresia	10
depășită	10
deschisa	10
deschizând	10
desert	10
desfăşurarea	10
desfăşurate	10
destin	10
destinațiile	10
devastat	10
deveselu	10
dezinformării	10
deștepți	10
diametrul	10
dinamic	10
diplomatul	10
diplomaţi	10
diplomații	10
directiva	10
directorilor	10
discriminarea	10
discutie	10
dispună	10
distrat	10
distribuire	10
dividende	10
divorțat	10
do	10
doha	10
dom	10
domină	10
domnia	10
domnie	10
doresti	10
dorințele	10
dornici	10
dovezile	10
dragostei	10
drogurile	10
drugtest	10
drăgulescu	10
dual	10
dubii	10
duh	10
dureros	10
dăunează	10
ecaterina	10
echipat	10
ecologic	10
economisi	10
ediţii	10
eficienţa	10
efortului	10
elaborate	10
elegantă	10
elene	10
emanuel	10
embargo	10
emilian	10
enervat	10
englezi	10
enormă	10
eoliană	10
episoadele	10
eronate	10
erorile	10
esența	10
eseu	10
etichetă	10
evaluată	10
evgheni	10
evreiesc	10
excepțional	10
excludere	10
excursii	10
executată	10
exemplar	10
existenta	10
experimenta	10
explicațiile	10
explicând	10
explodeze	10
exportat	10
express	10
externa	10
eşecul	10
facilitarea	10
factorilor	10
faima	10
falsificat	10
familial	10
fascist	10
fasole	10
fațada	10
feminine	10
fermier	10
fierbe	10
finantare	10
finanța	10
fină	10
fiti	10
fișa	10
florale	10
florilor	10
focare	10
foloseau	10
folosinţă	10
folosire	10
fondatorii	10
fort	10
franceza	10
francis	10
fratelui	10
free	10
furori	10
futures	10
gaidai	10
garanțiile	10
gavril	10
gazde	10
gazoductul	10
germana	10
gestionare	10
gheorghiu	10
ghidat	10
ghidul	10
ghinionul	10
ghiveci	10
giovana	10
glas	10
globul	10
glonț	10
glumele	10
gospodăriei	10
gps	10
graniţele	10
grapini	10
graţie	10
greci	10
grei	10
greseli	10
greşeală	10
gripei	10
grossi	10
gru	10
grâul	10
grămadă	10
guvernanții	10
gândeam	10
gândite	10
gării	10
găuri	10
găzduieşte	10
haaland	10
haina	10
haină	10
haosul	10
hohote	10
horror	10
hoțul	10
hubble	10
huedin	10
ichim	10
icr	10
ideologică	10
iesi	10
ieșiri	10
iminentă	10
imm-uri	10
imnului	10
imobilele	10
importe	10
improvizat	10
inaugurare	10
inceapa	10
incendiat	10
inclusive	10
incoace	10
inconștiență	10
indemnizația	10
independenţei	10
industriile	10
infectarea	10
infectaţi	10
infecţioase	10
informațional	10
infracțiune	10
iniţiativa	10
inițiativei	10
inovație	10
inovării	10
instala	10
instanta	10
instituită	10
institut	10
instituţie	10
integrării	10
intel	10
interesului	10
internauților	10
internetului	10
intersecţia	10
intervenţii	10
intervențiile	10
interzic	10
intoarca	10
intrucat	10
inutilă	10
investește	10
investitor	10
ionela	10
isw	10
itm	10
iubitor	10
ix-a	10
izbucnirii	10
jacques	10
jan	10
jason	10
jucator	10
jucând	10
judecătorești	10
justă	10
juventus	10
kazahstanul	10
keseru	10
khan	10
lady	10
lasi	10
latină	10
le-o	10
leaga	10
lectura	10
lent	10
leul	10
lgbtq	10
liberală	10
liceele	10
lin	10
liniştit	10
link	10
localitati	10
localităţile	10
localităților	10
lockdown	10
loteria	10
lotus	10
lucrătorilor	10
luminos	10
lumânări	10
luptelor	10
luptător	10
lupău	10
lviv	10
lîngă	10
m-ai	10
mafiei	10
maini	10
mall-uri	10
maluri	10
mananca	10
marcu	10
martorilor	10
martorul	10
mastercard	10
maşinii	10
mda	10
mecanică	10
medaliile	10
mediaș	10
medieval	10
medievale	10
menirea	10
mergeti	10
meritat	10
mesei	10
miliardari	10
milioanele	10
ministerele	10
minoritate	10
miraculos	10
miss	10
misterios	10
mitropolitul	10
mizeriile	10
mișcă	10
mișcării	10
modei	10
modernizate	10
modificate	10
monaco	10
mondialul	10
monetar	10
monetare	10
mortalității	10
morților	10
motocicleta	10
motociclist	10
moștenit	10
multora	10
mulțumi	10
mulțumiți	10
munci	10
muncitoare	10
muncitorilor	10
municipalitate	10
muniția	10
muntelui	10
muzicieni	10
mușchii	10
mâinii	10
mâinilor	10
mântuitorului	10
mărcii	10
mărească	10
măştii	10
măștilor	10
natație	10
nedrept	10
nefavorabile	10
nefericită	10
nemții	10
nepoata	10
neprevăzute	10
nerambursabile	10
netanyahu	10
neutre	10
nevaccinati	10
nevaccinaţi	10
nevasta	10
nevinovat	10
nichita	10
nicusor	10
night	10
nocturne	10
norii	10
normalul	10
nuanță	10
numim	10
numiţi	10
năsăud	10
oasele	10
oaspeți	10
oașa	10
obosit	10
observ	10
observatori	10
observaţii	10
obstacol	10
obtine	10
obţinută	10
obținând	10
ochelarii	10
ocupanților	10
ofensivei	10
oh	10
oleg	10
oligarh	10
omenești	10
omologului	10
opoziţiei	10
opreasca	10
optic	10
optulea	10
opună	10
opusul	10
orașul-port	10
ortodocși	10
ostatici	10
ostilă	10
otele	10
otilia	10
palestinian	10
pancarte	10
paolo	10
parametri	10
parametrii	10
pardon	10
parinti	10
parţială	10
pasager	10
pasat	10
pasiuni	10
pavilion	10
paşi	10
pccocs	10
pedepsit	10
pelerinaj	10
pelerini	10
pelicula	10
penala	10
pene	10
pensionar	10
peretele	10
performanta	10
pericole	10
persona	10
peşte	10
picioarelor	10
plagă	10
plantele	10
platim	10
play	10
plecăm	10
plic	10
plimbă	10
plăci	10
pofta	10
poftă	10
polei	10
poloneze	10
populara	10
popularitatea	10
populiste	10
pornească	10
portarului	10
postură	10
potenţialul	10
poveștii	10
prahovei	10
precizarea	10
predeal	10
predă	10
prelevate	10
prelucrarea	10
prelungite	10
preocupă	10
prepararea	10
prescris	10
prezentați	10
prezenţă	10
prezinta	10
prietenoase	10
prietenos	10
prim-ministra	10
prim-ministrului	10
primeste	10
primăriilor	10
prioritar	10
prizonier	10
probabilitate	10
productia	10
profesioniste	10
profesionişti	10
profi	10
profitabile	10
progresiv	10
proiectile	10
promovate	10
promovării	10
protesteze	10
protocolul	10
provizorii	10
provocator	10
proximitatea	10
publicării	10
puiu	10
punte	10
purtată	10
putred	10
puținele	10
pânză	10
păpuși	10
păstrăm	10
pățit	10
radiații	10
rafturile	10
rapidului	10
raportăm	10
rareş	10
raspunsul	10
ratează	10
raul	10
reabilitate	10
readucă	10
reafirmat	10
reales	10
realistă	10
recensământului	10
rechizitoriul	10
reciclabile	10
reconfirmate	10
reconstrucţie	10
recordurilor	10
recruți	10
rector	10
recunoaștem	10
redacția	10
redeschiderea	10
reducem	10
reducând	10
reflectoarelor	10
regulată	10
regăsi	10
relaxezi	10
relevant	10
relevat	10
renunta	10
rep	10
repere	10
reportaj	10
reporteri	10
republicanii	10
resort	10
respire	10
restabilirea	10
restaurantelor	10
restaurarea	10
restricţiilor	10
restructurare	10
retestării	10
retrogradare	10
reuni	10
reuşim	10
rezervoare	10
rezidenţiale	10
rezoluţia	10
rezonabilă	10
reţinute	10
richter	10
ridicăm	10
rio	10
ripensia	10
riposta	10
rit	10
rodica	10
romi	10
rotație	10
rudă	10
rula	10
rulare	10
ruptă	10
rushdie	10
rusnacii	10
rybakina	10
răsărit	10
răzbunare	10
salarial	10
salarială	10
salariaţilor	10
salate	10
salman	10
salonic	10
saltele	10
salvatori	10
sanatatea	10
sancționați	10
sancțiune	10
santa	10
sar	10
sarscov	10
satisfacție	10
scapa	10
scapi	10
sceptic	10
schemele	10
scriitorului	10
scumpi	10
scări	10
seap	10
sechestru	10
second-hand	10
seful	10
selecta	10
semenii	10
semnificație	10
sentință	10
ser	10
serhiy	10
seriozitate	10
servește	10
sese	10
sesizarea	10
sfinţilor	10
sfinții	10
sfătuiesc	10
shakira	10
silkeborg	10
simularea	10
sinaia	10
sistematic	10
slavia	10
slobozia	10
slogan	10
sloganul	10
sluga	10
slugi	10
slugile	10
soft	10
solidarității	10
solo	10
somnului	10
sos	10
sovietica	10
spargă	10
spatiu	10
spectacolului	10
spera	10
sporturi	10
spulberat	10
spusele	10
spălarea	10
stadionului	10
stadiu	10
stadium	10
stam	10
stațiuni	10
steinmeier	10
stephen	10
stocul	10
stomac	10
stradal	10
structurii	10
strâng	10
străinilor	10
sts	10
stâncă	10
subofițeri	10
substanța	10
subvenții	10
succesive	10
sudice	10
sudică	10
suferea	10
suferită	10
suflare	10
sufletească	10
summitului	10
supermarketuri	10
suplimente	10
suportate	10
suprafețe	10
surori	10
surorii	10
suspectă	10
suspiciune	10
susţinute	10
svetlana	10
svsu	10
săgetător	10
sălbatice	10
sărbătorească	10
sărut	10
tabelă	10
tactic	10
talentat	10
talia	10
tancul	10
tava	10
te-au	10
technologies	10
teheran	10
telefonice	10
telespectatori	10
televizorul	10
temeinic	10
temeiul	10
temut	10
tenismena	10
tensionate	10
tenului	10
terapia	10
terase	10
testări	10
tezaur	10
tezaurul	10
teze	10
tică	10
tik	10
timișorenii	10
titi	10
toamnei	10
torturi	10
tovarasi	10
tradiţional	10
tragedii	10
tragem	10
tragi	10
tramvaiul	10
transferați	10
transformări	10
transmisie	10
transmitem	10
transnistreană	10
transparentă	10
tranzacţii	10
treaca	10
treceți	10
trenului	10
trenurilor	10
trezoreriei	10
tribună	10
tricolor	10
trimestre	10
trimitem	10
triplat	10
trupurile	10
trădat	10
trăieşte	10
tunurile	10
turma	10
turnat	10
turzii	10
tură	10
tîlvăr	10
ua	10
ucid	10
ucrainian	10
ultra	10
umblat	10
umiditate	10
umorului	10
umăr	10
umărul	10
uniforma	10
uniformă	10
universului	10
untul	10
up	10
urăsc	10
usl	10
uterin	10
utilajele	10
uv	10
uşa	10
uşoare	10
uși	10
ușura	10
vacanțele	10
vaccinată	10
vagon	10
valabilitatea	10
vale	10
valoros	10
variantei	10
vastă	10
vatican	10
vechimea	10
vecinul	10
verifici	10
veselă	10
veșnică	10
vicovu	10
vigilenți	10
vindea	10
vindecare	10
vindecat	10
vinuri	10
visarion	10
viteazu	10
vită	10
vizualizări	10
voice	10
voiculescu	10
voteaza	10
vreunui	10
vânători	10
vârstnici	10
văzând	10
wc	10
xix	10
xxi	10
zeamă	10
zecile	10
zica	10
zâmbete	10
împingă	10
împrejurărilor	10
împuşcat	10
împărțite	10
înalți	10
încarcerate	10
încarcă	10
începerii	10
începeți	10
încetul	10
încheiată	10
încurajați	10
încărcarea	10
îndeplinite	10
îndrumare	10
îndrăgostiți	10
înecat	10
înfrunta	10
înfuriat	10
înjurat	10
înlocuiască	10
înlocuite	10
înregistrării	10
însa	10
însoțiți	10
întrebe	10
întrebării	10
întrerupere	10
întâlnim	10
întâmpina	10
întâmplări	10
întârzie	10
înviat	10
învierea	10
înșelat	10
înțelegeți	10
şefi	10
şoc	10
şoseaua	10
ştiinţei	10
ştiţi	10
ș	10
șanț	10
șaptelea	10
școlari	10
șefei	10
șoșoacă	10
șterse	10
ți-am	10
abatere	9
abordate	9
abordată	9
academy	9
accelereze	9
accentuate	9
acceptare	9
accepți	9
accesate	9
accidentele	9
aceluiași	9
achiziţionarea	9
achiziţionat	9
achizițiile	9
achiziționării	9
acoperişul	9
acordați	9
acordăm	9
acorzi	9
actorului	9
actualii	9
acumula	9
aderat	9
adevăruri	9
administrării	9
adus-o	9
aduşi	9
afirmaţiile	9
afișa	9
afișarea	9
africane	9
africanii	9
agentului	9
agresiuni	9
agresori	9
agroalimentare	9
ajunsă	9
albaștri	9
albumul	9
aleargă	9
alergat	9
alergii	9
alianta	9
alimentate	9
aliniere	9
alocare	9
aloce	9
altundeva	9
amandoi	9
amanta	9
ambasadele	9
ambulanţe	9
ambulatoriu	9
amd	9
amenaja	9
amendamentul	9
amicale	9
amuzante	9
amănunțite	9
anexă	9
ansamblului	9
antalya	9
antice	9
antipa	9
antrena	9
antrenamentul	9
anulată	9
anunțând	9
aparatului	9
aplaudat	9
aplicațiile	9
apocalipsei	9
apostu	9
apreciați	9
apreciere	9
aprinsă	9
aprox	9
apuca	9
arabiei	9
aranjamente	9
arborilor	9
ardere	9
arderea	9
argumentat	9
aripi	9
armei	9
artişti	9
aruncare	9
aruncarea	9
aruncată	9
aruncați	9
arădenilor	9
asistenței	9
aspectului	9
associated	9
asteptati	9
atentatul	9
atenționează	9
atitudini	9
atragem	9
atribuie	9
atrocități	9
atît	9
aurelian	9
australiene	9
autonomă	9
auziți	9
avariată	9
averile	9
avertizând	9
aviv	9
avocaţii	9
aşteptate	9
babeș	9
bag	9
baiat	9
balcanic	9
barba	9
basel	9
basm	9
bebe	9
beiuș	9
bejan	9
bella	9
bendeac	9
benea	9
beneficiezi	9
biblia	9
bijuteriile	9
bijuteriilor	9
bilateral	9
biologic	9
biontech	9
blocajul	9
blând	9
blânde	9
bobonete	9
bobotează	9
bogaţi	9
bolnavilor	9
bombardează	9
bon	9
borș	9
botez	9
brd	9
brigadă	9
brută	9
bruxelles-ul	9
bucate	9
bucurestiul	9
bucureştiul	9
bugetarilor	9
bulă	9
burcea	9
buziaș	9
bvb	9
bănuiesc	9
ca-i	9
cabral	9
caii	9
calcula	9
calibru	9
camioanele	9
campionate	9
campionii	9
candidate	9
candideze	9
cannes	9
canta	9
capacităţii	9
capcana	9
capitole	9
capturarea	9
carantina	9
carburanţi	9
cardio-respirator	9
cardiovascular	9
cariere	9
carl	9
caror	9
carosabilului	9
carti	9
categoriei	9
cazinourile	9
ce-ți	9
ceda	9
celebri	9
centralizat	9
cenușă	9
cenzura	9
ceramică	9
cercetătorilor	9
ceruri	9
ces	9
cf	9
cheile	9
chestionar	9
chestionarul	9
chimie	9
chirurgical	9
chișinăul	9
christian	9
churchill	9
cincinnati	9
cinematografe	9
ciorba	9
circumstanțe	9
citesti	9
cititorilor	9
citu	9
ciupercă	9
civice	9
civică	9
civilizație	9
cladire	9
cladiri	9
clasată	9
clientilor	9
climă	9
clinceni	9
clipele	9
cn	9
cncav	9
coajă	9
cocos	9
codreanu	9
cognitive	9
colaborator	9
colaterale	9
colecta	9
colectat	9
coliziunea	9
colorată	9
colțurile	9
combinate	9
combustibilul	9
combustie	9
comerţul	9
comisiile	9
comite	9
comod	9
comorbidități	9
compasiunea	9
complexitate	9
comportamentului	9
compromisuri	9
comunitară	9
concedii	9
concentrație	9
conceptului	9
concesii	9
concretizat	9
concubina	9
concurenței	9
condimente	9
condiţie	9
conducătorului	9
conexe	9
conflictele	9
conflictelor	9
confortabilă	9
confrunți	9
consiliile	9
consta	9
constituire	9
constituției	9
container	9
continentale	9
continentală	9
continui	9
contracara	9
contraofensiva	9
contravenţional	9
contribuţie	9
contribuții	9
controversată	9
conţin	9
copenhaga	9
corectarea	9
cornea	9
cort	9
cosma	9
cot	9
covid-ul	9
cozonac	9
crab	9
creativă	9
credibilitate	9
crestere	9
creşterile	9
creștin	9
crina	9
cripto	9
criticul	9
crișana	9
crud	9
crude	9
crudu	9
crypto	9
cultivarea	9
cumpărăm	9
cunoscut-o	9
cununie	9
cupele	9
cuprind	9
curioși	9
cursurilor	9
curăța	9
custodia	9
cuvant	9
câmpuri	9
cântăreți	9
cârma	9
câştigătoare	9
cămașa	9
cărbunaru	9
căsătoria	9
căsătoriei	9
căsătoriți	9
căutări	9
danilov	9
dansat	9
dansul	9
day	9
deblocarea	9
decebal	9
decizi	9
declararea	9
decorat	9
defecte	9
defecțiuni	9
definiție	9
demilitarizarea	9
democrați	9
demolare	9
deodată	9
departament	9
dependent	9
dependenta	9
dependenței	9
dependență	9
depline	9
deportați	9
deranjată	9
deranjați	9
derivă	9
descriu	9
descuraja	9
descurajeze	9
descurcă	9
descărcat	9
desen	9
desființarea	9
despăgubirilor	9
detaliate	9
determine	9
devenită	9
dezastruoasă	9
dezinformarea	9
dezvăluirea	9
dezvăluită	9
diamante	9
diametru	9
difuzează	9
diminuarea	9
dincă	9
dinții	9
dioxid	9
directorii	9
discutam	9
disputată	9
distra	9
distractiv	9
distrezi	9
distributie	9
distructive	9
divers	9
diverselor	9
diverși	9
dlui	9
dnipro	9
dobra	9
documentate	9
dominată	9
dominicană	9
domnii	9
dona	9
donate	9
donator	9
donează	9
doream	9
doreste	9
dragii	9
drastică	9
drobeta	9
dublul	9
dughina	9
dulap	9
dumbrăvița	9
dureaza	9
dureroase	9
duşi	9
dâmboviţa	9
dânsul	9
dîn	9
e-mailuri	9
east	9
echipate	9
economiilor	9
edil	9
educați	9
electoratul	9
elementul	9
elicopterele	9
elitele	9
elvis	9
embargoul	9
emblematice	9
emit	9
emită	9
ene	9
energetica	9
energiile	9
epocă	9
eroarea	9
eră	9
estimăm	9
estoniei	9
esuat	9
eternitate	9
etnice	9
eventualitatea	9
evitată	9
examene	9
excelența	9
excesive	9
exclusive	9
exclusivă	9
exorbitante	9
expansiune	9
experiment	9
experimental	9
exploreze	9
explozive	9
exportă	9
eșuează	9
faceau	9
facilitează	9
factorul	9
fanatik	9
fantastic	9
fatală	9
ferata	9
festivitatea	9
ficatul	9
fidel	9
filmelor	9
filmărilor	9
finalizează	9
financiara	9
finanțele	9
fiscul	9
fiţi	9
flexibilitate	9
fluxurile	9
flăcărilor	9
folclor	9
foloseasca	9
folosirii	9
fondatori	9
formând	9
fortele	9
forțate	9
fosfor	9
foştii	9
fractură	9
francesco	9
francezilor	9
fraților	9
frigiderul	9
frustrat	9
frână	9
frâu	9
funcţiune	9
fundație	9
future	9
fântână	9
galerii	9
gazoduct	9
generala	9
generalului	9
genocidul	9
gerhard	9
gestionează	9
gesturile	9
gheața	9
ghida	9
ghiță	9
glasul	9
gloanțe	9
gluten	9
gospodărire	9
grafice	9
grafică	9
grammy	9
greacă	9
grecii	9
grenade	9
greşeli	9
grăsime	9
guru	9
gustări	9
gândește-te	9
gândiți	9
găină	9
găseau	9
habeck	9
hala	9
hd	9
health	9
henri	9
hepatice	9
hossu	9
hotii	9
hybrid	9
i-ai	9
iadul	9
ianis	9
identificați	9
identificării	9
idiotii	9
ieşenilor	9
ieșeni	9
ieșiți	9
iluminare	9
iluzii	9
impas	9
implementată	9
imposibile	9
impresara	9
imprevizibil	9
impuls	9
inacceptabile	9
incendiare	9
inchide	9
inchiderea	9
inculpaţi	9
indicată	9
indieni	9
indivizii	9
infecţii	9
informatic	9
informatiile	9
informative	9
informaţiilor	9
instalațiilor	9
instantaneu	9
instigare	9
intalnit	9
integreze	9
intelectuale	9
interactive	9
interesa	9
interesaţi	9
intermediar	9
intermediari	9
intersecție	9
intervievați	9
interviului	9
intrate	9
intrebarea	9
introducere	9
invadată	9
investigheze	9
invete	9
irinel	9
istorici	9
iubitori	9
iugoslavia	9
izvor	9
izvorul	9
ișj	9
jandarmeria	9
joint	9
juan	9
judecatorii	9
judo	9
jurat	9
juriul	9
juriului	9
jurnalistei	9
justifică	9
kane	9
kilogramele	9
kilometru	9
kilometrul	9
lacrimile	9
lamborghini	9
land	9
lansării	9
lanțurile	9
laptopuri	9
lasam	9
laterale	9
leasing	9
legata	9
legislativului	9
leilor	9
leonardo	9
leului	9
leziunile	9
liban	9
liceal	9
lichid	9
limitare	9
liniste	9
linişte	9
lipit	9
lisabona	9
locala	9
localizat	9
locuiau	9
locuinţei	9
logistic	9
logodnica	9
logodnă	9
lpf	9
lps	9
luminat	9
luminile	9
luxul	9
machiaj	9
maghiarilor	9
magie	9
magistrala	9
magistraturii	9
magnatul	9
maica	9
mainstream	9
make-up	9
mami	9
mandatele	9
manelistul	9
manevră	9
manuală	9
manșă	9
marie	9
marină	9
marțiale	9
masaj	9
mass	9
maximelor	9
maximul	9
memorialul	9
merităm	9
metalic	9
mi-o	9
micilor	9
miez	9
miliardarului	9
minaur	9
minelor	9
minima	9
minorii	9
minorilor	9
minunata	9
mințit	9
miracol	9
miri	9
misca	9
miting	9
mitingul	9
mitraliere	9
mituri	9
mizează	9
mobilizate	9
moda	9
modalitățile	9
moderniza	9
modernizat	9
moldovenească	9
mondiali	9
monitorizeze	9
monumentelor	9
mortalitate	9
moților	9
mulțumește	9
muntean	9
munţii	9
munți	9
musca	9
mânecă	9
măresc	9
mărfii	9
mărturia	9
mărturiile	9
mărunt	9
măștii	9
napoleon	9
navelor	9
nazista	9
naşte	9
naţionala	9
neclar	9
neconforme	9
nedeterminată	9
neimaginat	9
nemtii	9
nemulțumirea	9
nemți	9
neoficial	9
neprovocat	9
neregulă	9
neînsuflețit	9
niculae	9
nisipul	9
niță	9
nod	9
non-stop	9
nordică	9
norocoși	9
noroi	9
noros	9
notificări	9
notorietate	9
nuci	9
nucă	9
numeri	9
numeroşi	9
obligaţii	9
obligaţiile	9
obrazul	9
observi	9
ocazional	9
ocoli	9
ocolului	9
ocupaţie	9
ocupația	9
oficializat	9
oficiat	9
ofițerul	9
olandei	9
oleksiy	9
oligarhul	9
olimpia	9
olivia	9
operaţiunii	9
operaţiunilor	9
optică	9
optiuni	9
ordonanţei	9
organizării	9
oribil	9
originari	9
orizontală	9
ostapenko	9
pacific	9
pact	9
pamantul	9
parcările	9
pariezi	9
parohia	9
parter	9
participării	9
pasaje	9
pasivă	9
patologie	9
patriei	9
paturile	9
paturilor	9
paşii	9
pașaport	9
pașcani	9
paști	9
pedepsele	9
penuriei	9
pepe	9
percheziţii	9
perechea	9
periam	9
personalizate	9
petkov	9
petra	9
pfa	9
pictura	9
piesei	9
pietonală	9
piloți	9
piteşti	9
piticul	9
pixabay	9
placut	9
plafonării	9
plantelor	9
plase	9
plastice	9
play-off-ului	9
plimbări	9
plutitoare	9
plângă	9
plănuiesc	9
pneumoftiziologie	9
podcast	9
podcastul	9
podcastului	9
poet	9
politico	9
poliţistul	9
pomenit	9
pompier	9
pornim	9
pornind	9
portretul	9
porţi	9
porţile	9
posibilitățile	9
potrivească	9
povestească	9
practicat	9
praguri	9
prealabilă	9
precară	9
precise	9
predare	9
pregatesc	9
prelevarea	9
prelucrare	9
prepară	9
presse	9
presărat	9
prevederea	9
previzibil	9
prezenti	9
prezint	9
președinției	9
prietenia	9
primise	9
primiti	9
principalelor	9
principatelor	9
prinse	9
privilegiile	9
priviri	9
priviți	9
priză	9
procedează	9
profesioniștilor	9
profilului	9
programa	9
promoție	9
propice	9
propriu-zis	9
propriu-zisă	9
propulsie	9
prorus	9
protesta	9
protocoalele	9
provizii	9
prudență	9
prăbuşirea	9
psihică	9
publicității	9
pulbere	9
puneti	9
purtării	9
purtătoarea	9
purtătorului	9
puternica	9
putiniste	9
rac	9
rafa	9
raid	9
raisa	9
ramai	9
rampă	9
randament	9
ranit	9
rapoartelor	9
rareori	9
rasă	9
razna	9
rațional	9
reactoare	9
realizezi	9
reclama	9
recoltat	9
recompense	9
reconstrucția	9
recorduri	9
recucerit	9
recunoscători	9
redactor	9
reducerile	9
referendumurile	9
regimentul	9
reglementate	9
reglementată	9
regretatul	9
regăsim	9
reieşit	9
relansarea	9
relaxată	9
relevă	9
remarca	9
reparație	9
repartizarea	9
replicat	9
represalii	9
research	9
respingere	9
respirație	9
restabili	9
restabilită	9
restante	9
restricționat	9
restricționată	9
resursa	9
resuscitat	9
retinut	9
retrag	9
revanșa	9
revendica	9
revoltați	9
revolution	9
rezervate	9
rezervări	9
rezident	9
reznikov	9
rezumă	9
reţelei	9
reținerii	9
riabkov	9
rica	9
riscăm	9
ritivoiu	9
rivalul	9
roberta	9
robinetul	9
rogozin	9
rolurile	9
romanian	9
romantică	9
romană	9
rompetrol	9
rt	9
rugăciunile	9
rupte	9
ruso-ucrainean	9
ruud	9
râd	9
răceală	9
răcească	9
rămâneți	9
răspândește	9
sacrificiul	9
samd	9
saracia	9
sarah	9
sava	9
schimbari	9
school	9
scorpion	9
scorpionii	9
scotea	9
scoția	9
scrierea	9
scule	9
scurgere	9
scurgerea	9
scurs	9
scările	9
sebaidin	9
secretariatul	9
secvențe	9
secțiilor	9
segmente	9
seismul	9
selecţionerul	9
selecționerul	9
semnalmente	9
semnează	9
semnătură	9
senatorii	9
senzor	9
separatist	9
serbează	9
serile	9
serioși	9
sesiunii	9
setat	9
sexul	9
sfanta	9
sfinte	9
sfintele	9
sfârși	9
si-o	9
sida	9
siij	9
simțiți	9
sindicate	9
singapore	9
sinod	9
sinteză	9
situațiilor	9
skoda	9
slăbească	9
slăbiciune	9
snagov	9
social-democrați	9
sociali	9
socoteala	9
socoteală	9
sofer	9
sofisticate	9
soiul	9
soluţionare	9
sonoră	9
soră	9
sosirii	9
sosoaca	9
sosul	9
soţiei	9
spanac	9
spartă	9
specificul	9
spectacolele	9
speranţa	9
speranţă	9
speriată	9
sperând	9
spitalizați	9
sporească	9
sportivului	9
spătaru	9
statistici	9
staţie	9
steven	9
stilului	9
stirea	9
stoc	9
stoparea	9
strainatate	9
straturi	9
strictă	9
structurat	9
strălucirea	9
studentă	9
studieze	9
studioul	9
stâlpi	9
stână	9
stăpânire	9
subliniez	9
submarine	9
substanțele	9
subțire	9
sucul	9
sufragerie	9
sugestia	9
summer	9
superbe	9
supere	9
superficial	9
supună	9
supărați	9
susceptibile	9
suspiciunea	9
susținător	9
sutien	9
suverana	9
sărbătorii	9
săveni	9
taberele	9
tablouri	9
tac	9
taină	9
taxare	9
teatre	9
tehnologică	9
teja	9
telecomunicații	9
telefoanelor	9
telescop	9
televizate	9
temerile	9
tendințe	9
tenisului	9
teoriile	9
terasă	9
termene	9
termenele	9
termoenergetica	9
terțe	9
thailanda	9
thassos	9
thor	9
tichetelor	9
tie	9
tigaie	9
tii	9
tiruri	9
toacă	9
toalete	9
tocat	9
tok	9
tony	9
topor	9
toxică	9
tradiţie	9
trageri	9
traiectoria	9
trait	9
trandafir	9
transalpina	9
transferului	9
transportatorii	9
transportaţi	9
tranzitează	9
tranziția	9
trași	9
trebuiesc	9
trecerii	9
trezească	9
trezești	9
tribunele	9
trimişi	9
tron	9
trăgând	9
tub	9
tulburare	9
tulburătoare	9
tunisia	9
turcesc	9
tăriceanu	9
ucrainiene	9
uimiți	9
umanității	9
umblă	9
umede	9
umflat	9
umilită	9
unelte	9
ungur	9
ungureanu	9
uni	9
unităţilor	9
universală	9
university	9
urbanistic	9
urmăreşte	9
urmăritorii	9
următoarei	9
urne	9
ursu	9
uscate	9
usv	9
utilaj	9
utilizatorul	9
uzbekistan	9
uzine	9
v-ar	9
vacant	9
vacanta	9
vacanţa	9
vaccinurilor	9
valentina	9
vali	9
validare	9
valieva	9
vamă	9
vasilică	9
vechiului	9
vecinilor	9
vegetaţie	9
vesele	9
vestică	9
vestire	9
veşti	9
viceprim-ministrul	9
vieti	9
vietnam	9
viitoarei	9
vindeca	9
vinul	9
vioară	9
violenței	9
violuri	9
virginia	9
vision	9
vite	9
vizelor	9
vizibilitate	9
vizibilitatea	9
vizualiza	9
vlăduța	9
voinţa	9
vopsea	9
vorbele	9
vorbitoare	9
voropchievici	9
votare	9
voturilor	9
vulnerabilitate	9
vărsături	9
văzuți	9
wall	9
wikipedia	9
wireless	9
yemen	9
zagreb	9
zaharia	9
zboare	9
zgomotul	9
zhang	9
ziariștilor	9
zică	9
zidul	9
îmbogățire	9
îmbolnăviri	9
îmbunătățire	9
îmbunătățit	9
împartă	9
împlinirii	9
împrumuturile	9
înaintate	9
înaintată	9
înalţi	9
începute	9
începători	9
încercările	9
înconjoară	9
înconjurul	9
încoronarea	9
încrezători	9
încurajeze	9
încurcat	9
îndelung	9
îndepărtate	9
îndoiesc	9
îndreptate	9
îndrumarea	9
îndrăzneț	9
îndrăznețe	9
înființare	9
înfățișează	9
îngreunat	9
îngrijorarea	9
îngrijorează	9
îngropate	9
înrăutățit	9
înscrişi	9
întocmirea	9
întrebăm	9
întrecut	9
întreprinse	9
întreținut	9
întâlnește	9
întâmpinate	9
întărește	9
învechite	9
înviere	9
învățarea	9
şansele	9
şantier	9
şcolilor	9
şefa	9
şerban	9
ştiam	9
ştiut	9
ţinte	9
șah	9
științei	9
țigară	9
ținuta	9
ținutele	9
abandonați	8
abandonului	8
abdominale	8
abilitatea	8
abonamentul	8
abonați	8
abordări	8
abuzat	8
abține	8
acceptul	8
acceptăm	8
accesați	8
accesând	8
achitate	8
acordurilor	8
actiunea	8
actrițe	8
actualitate	8
acumulează	8
acuzațiilor	8
acţionar	8
acționarii	8
acționezi	8
adaptăm	8
adaugi	8
adelina	8
adio	8
administratorului	8
admise	8
adolescente	8
adolescentul	8
adr	8
adrese	8
aducea	8
adunări	8
adversara	8
adâncimea	8
adăpostească	8
adăposturile	8
afectarea	8
afecțiunile	8
afişat	8
afișează	8
african	8
agenţii	8
agigea	8
agresat-o	8
albi	8
alei	8
aleile	8
alesi	8
aliati	8
aliatul	8
alteori	8
ambiția	8
ameliorarea	8
amenințe	8
amenințării	8
amenințărilor	8
amestecat	8
amor	8
amuzant	8
amâna	8
analizând	8
analizăm	8
anexeze	8
angajările	8
angajărilor	8
animate	8
anisimova	8
annalena	8
anormal	8
antifraudă	8
antioxidant	8
antrenorului	8
antreprenorilor	8
apariţiei	8
apartamentelor	8
apartamentului	8
apelând	8
aperi	8
aplicaţie	8
aplicaţii	8
aplicăm	8
aplicării	8
apocalipsa	8
apostoli	8
aproba	8
aprobe	8
apropiaţii	8
apărută	8
arbitrat	8
ardei	8
ardă	8
arestovici	8
arestări	8
argentinianul	8
argumentul	8
arhitect	8
arhivelor	8
armonios	8
aroganță	8
arsenalul	8
arterele	8
artiştilor	8
aruncând	8
arăt	8
ascendent	8
ascunși	8
asemeni	8
asiatic	8
asiatici	8
asiei	8
asociați	8
aspirațiile	8
asumarea	8
atacarea	8
atașat	8
atelierului	8
atenta	8
atentat	8
atente	8
aterizare	8
atomic	8
atracții	8
atrasă	8
atroce	8
atuurile	8
aurului	8
auschwitz	8
autoarea	8
autorecenzare	8
autorizații	8
autostrăzile	8
autovehiculele	8
auxiliar	8
avocați	8
avusese	8
aşteptau	8
așa-numitul	8
așează	8
așezările	8
baby	8
baerbock	8
balanţa	8
balcoane	8
bandera	8
barty	8
basarab	8
batalion	8
batrani	8
bazelor	8
beckham	8
becurile	8
belarusul	8
belgiene	8
benjamin	8
benz	8
benzinarii	8
berlinului	8
bernard	8
beta	8
bietul	8
bila	8
bild	8
bineînţeles	8
bioenergoterapeutul	8
biologie	8
bistriţa	8
bizantin	8
blockchain	8
bogati	8
bolt	8
bonul	8
borcea	8
bosfor	8
botezat	8
botezuri	8
botox	8
bozankaya	8
brazilianul	8
brigitte	8
broker	8
brumă	8
brunetă	8
bucegi	8
bucuroși	8
bucătar	8
bucătăriei	8
bulai	8
bunului	8
burghelea	8
bursei	8
business-ul	8
buzatu	8
bușteni	8
bărbaţilor	8
bătrânei	8
cacao	8
cadastru	8
cafenele	8
calafat	8
calculatoare	8
califice	8
calinic	8
calitativ	8
camionul	8
camping	8
campioanei	8
cancelaria	8
candidatului	8
candidată	8
cantităţi	8
capac	8
capacităţile	8
capela	8
capetele	8
capitale	8
capitalele	8
caracterului	8
caravana	8
carbohidrați	8
carbune	8
cardinal	8
carla	8
carta	8
cartel	8
cas	8
casaţie	8
cascadă	8
casino	8
catastrofal	8
catolic	8
cautat	8
cavaler	8
cavusoglu	8
cazat	8
ceafă	8
ceaţă	8
celebrată	8
celebre	8
celulă	8
cerceta	8
cercetate	8
cercetează	8
cercurile	8
ceremoniile	8
cerințelor	8
cerneală	8
cetăţii	8
cetățenie	8
chema	8
chemată	8
cherestea	8
chinui	8
chinuit	8
chirii	8
cinematografiei	8
cioloş	8
circumstanţe	8
civilizată	8
cjue	8
clanului	8
climatic	8
clipa	8
coaja	8
coca	8
coca-cola	8
coco	8
codrin	8
coeziune	8
colaj	8
colectează	8
colectării	8
colindat	8
coliziunii	8
college	8
combinatului	8
combustibilului	8
comentator	8
comercializate	8
comerciant	8
comertul	8
comerţului	8
comit	8
comitet	8
comori	8
comparatie	8
comparată	8
compasiune	8
competenta	8
competentă	8
complementare	8
compozitorul	8
comprimat	8
comunale	8
comunicaţii	8
comunicații	8
comunicațiile	8
concediului	8
concentrată	8
concentrezi	8
concepută	8
concretă	8
concurează	8
concurente	8
concurentei	8
concureze	8
condamna	8
condiționată	8
conducator	8
conductei	8
conduită	8
conectați	8
conferinţei	8
confiscării	8
confrunte	8
consacrat	8
consacrate	8
constau	8
constituţională	8
constructorilor	8
construiasca	8
construiești	8
consumatoare	8
contacta	8
contestaţii	8
contexte	8
contractuale	8
contributivitate	8
controversatul	8
convențională	8
conştientă	8
conștientizarea	8
copacii	8
coroana	8
corpurile	8
corupte	8
costea	8
costinești	8
cotei	8
cotizare	8
covoare	8
coșuri	8
craiu	8
creativi	8
creativitate	8
creați	8
credinta	8
credinţă	8
creditului	8
creme	8
crengi	8
creştine	8
criminalul	8
criminalului	8
criminală	8
cristinei	8
croat	8
crown	8
crucială	8
cruntă	8
csaba	8
csi	8
cso	8
cucu	8
cuculis	8
culinară	8
culise	8
culpa	8
cumulată	8
cunoaștere	8
cunoașterea	8
cunoştinţă	8
cupe	8
cuprinzând	8
curbă	8
curioasă	8
curți	8
câmpului	8
cânt	8
câştig	8
câștigați	8
cîte	8
că-și	8
călătoriei	8
cărbunele	8
căruță	8
cărţile	8
căsuțe	8
căutată	8
dansa	8
danseze	8
datorate	8
de-abia	8
de-ale	8
dealurile	8
declanșate	8
declarase	8
declaratii	8
declaraţiei	8
decontare	8
decontarea	8
dedeman	8
defavoarea	8
definitivat	8
degradarea	8
delegație	8
delimitează	8
demara	8
demarată	8
demersului	8
demne	8
democratică	8
democraţia	8
dens	8
dentare	8
departajare	8
depășire	8
derivate	8
derulării	8
deschiderii	8
descărca	8
deservi	8
desființată	8
desparte	8
despăgubire	8
destabilizarea	8
destinaţii	8
destinului	8
deszăpezire	8
detecta	8
detectată	8
deviat	8
dezamăgire	8
dezechilibru	8
dezvoltatorul	8
dezvălui	8
deţin	8
deţinea	8
deșert	8
diferenţă	8
digisport	8
dinților	8
diplomația	8
directia	8
disciplinară	8
discursurile	8
dispară	8
dispeceratul	8
disperat	8
dispozitivului	8
dispoziții	8
dispozițiile	8
dispunerea	8
disputele	8
distanţa	8
distins	8
districtului	8
diversificarea	8
diversifice	8
divizie	8
divorțului	8
dnsc	8
doborâte	8
doborî	8
documentarul	8
documentației	8
dominat	8
domni	8
domnitorului	8
donatori	8
donațiile	8
dotările	8
dovedeste	8
dracul	8
dragu	8
dream	8
drepte	8
dsvsa	8
dublarea	8
durabil	8
dusi	8
dușmanul	8
dănuț	8
dăruit	8
eco	8
economisit	8
ecosistemul	8
editorial	8
efective	8
egida	8
egiptul	8
elen	8
eligibili	8
elimină	8
elitelor	8
eliza	8
elvețian	8
emisiunile	8
energocom	8
england	8
englezii	8
epidemia	8
epuizarea	8
erei	8
estetice	8
estice	8
estimarea	8
evalueze	8
evidențiază	8
evoluţii	8
evoluției	8
exagerată	8
examinarea	8
excepţii	8
excepţionale	8
excepțională	8
exercite	8
exercitării	8
exerciţiu	8
existență	8
experimentează	8
expertii	8
explicaţia	8
exportate	8
exporturi	8
expulzarea	8
extind	8
ezită	8
facilitate	8
faciliteze	8
facultăţii	8
falsificate	8
fanariot	8
fantastică	8
farmaceutice	8
favorita	8
favorizat	8
fcc	8
fecioara	8
fecioarei	8
fedorov	8
fenomenele	8
fereastra	8
feresc	8
feri	8
feroce	8
fețe	8
fețele	8
ffp	8
filipine	8
filmează	8
filmeze	8
filmările	8
finalei	8
finanţa	8
finanțări	8
find	8
flacăra	8
flacără	8
flexibile	8
fluid	8
fluxului	8
flămânzi	8
foaia	8
folosita	8
forbes	8
formal	8
formei	8
forumului	8
fox	8
fraier	8
frecventat	8
frenetic	8
frigidere	8
fruct	8
fructelor	8
frânare	8
fumat	8
furată	8
furnizorului	8
furturi	8
fântâna	8
games	8
gameul	8
garanția	8
garsonieră	8
gaseasca	8
gauff	8
gaulle	8
gay	8
gazonul	8
gdpr	8
generarea	8
generator	8
generaţia	8
generoase	8
generozitate	8
geografia	8
ghica	8
ghiroda	8
giuleşti	8
golden	8
goșu	8
gradele	8
grase	8
gravidă	8
gresie	8
greta	8
greve	8
greș	8
groasă	8
grosu	8
groza	8
gruia	8
grădini	8
gun	8
gătite	8
hackerii	8
hale	8
hală	8
hamburg	8
hans	8
hard	8
hepatică	8
hermannstadt	8
hidro	8
high	8
hiv	8
hodges	8
hpv	8
hârtia	8
ialomiţa	8
ibericul	8
icoana	8
icoanei	8
ideologia	8
ie	8
ierarhiei	8
igiena	8
igienica	8
ignorate	8
ignore	8
ilicită	8
ilustrează	8
imaginația	8
imaginez	8
imagistică	8
impartit	8
implicații	8
importa	8
importanței	8
impresiona	8
improvizate	8
inacceptabilă	8
inalta	8
incalzirea	8
incapacitate	8
incidenței	8
incluzând	8
incorectă	8
indemnizație	8
indignare	8
industriali	8
inevitabilă	8
inflatie	8
influencer	8
influent	8
influențată	8
informală	8
infracțională	8
inițiate	8
inițiativele	8
inlocuit	8
insista	8
insistența	8
insolvență	8
instabilitatea	8
institutiile	8
instruiți	8
intelegem	8
intenţie	8
interactivă	8
interacțiunea	8
interna	8
interpretează	8
intervenţiei	8
intervina	8
intimitate	8
intimitatea	8
intreaba	8
intrebi	8
invatamant	8
inversă	8
investigațiilor	8
investind	8
investiţiei	8
invizibile	8
iodură	8
iorgulescu	8
iraniană	8
ironii	8
ironizat	8
isaccea	8
islanda	8
israeliană	8
isterie	8
italienilor	8
iute	8
jador	8
jale	8
jalon	8
jenant	8
jobul	8
johansson	8
jolie	8
jones	8
jorge	8
jose	8
jubileul	8
jucăriile	8
judeca	8
judece	8
judecății	8
judetului	8
judeţeană	8
juraților	8
jurgen	8
jurnalism	8
jurământul	8
just	8
kamikaze	8
khalifa	8
kong	8
l-ați	8
laboratoarele	8
lacrimă	8
lacune	8
lanka	8
lansator	8
lanţul	8
lanțurilor	8
laptopul	8
las-o	8
lateral	8
legitim	8
leonard	8
lewis	8
liberalizarea	8
liberalul	8
liberty	8
libertăți	8
lingură	8
lingvistică	8
liniilor	8
linistea	8
liniștii	8
liniștiți	8
lino	8
lipseşte	8
lipsiți	8
litrul	8
lituanian	8
locaţii	8
locuieşte	8
locuinţă	8
logistica	8
logodit	8
loialitate	8
london	8
long	8
longeviv	8
loterie	8
lovind	8
luau	8
lucia	8
lupului	8
luxoase	8
lână	8
m-ar	8
m-aș	8
mac	8
made	8
magda	8
magică	8
magistrați	8
magnetic	8
maior	8
managerilor	8
mancat	8
manele	8
manevra	8
manifestării	8
manipulat	8
mara	8
marcaj	8
margarita	8
maritimă	8
marş	8
masterat	8
matematic	8
matematica	8
maternă	8
mateusz	8
mcdonald's	8
mcdonald’s	8
mecanismele	8
mediat	8
mediatic	8
medicamentul	8
memorabile	8
menajeră	8
mentionat	8
menținând	8
mențiunea	8
meridionali	8
microbuze	8
microfonul	8
migranti	8
migraţiei	8
migrație	8
mihăilă	8
miliardarii	8
milimetri	8
militarul	8
minele	8
miniatură	8
minimelor	8
ministerelor	8
ministerială	8
minora	8
minorului	8
minți	8
miracolul	8
mirosului	8
misterioase	8
misterul	8
mitrea	8
miște	8
mobilitatea	8
mobiliza	8
modernizată	8
modest	8
modestă	8
monitorizată	8
monoxid	8
monstru	8
montează	8
monteze	8
morawiecki	8
mormintele	8
mortale	8
motociclistul	8
motorului	8
moșneagu	8
multiplă	8
mulțumiri	8
muncești	8
muncim	8
musculară	8
musical	8
mâncăruri	8
mâncărurile	8
mândria	8
münchen	8
măr	8
măștile	8
n-avem	8
natanticu	8
naturala	8
naşterea	8
nașterii	8
nație	8
naționalist	8
neaparat	8
neavând	8
nebuni	8
nebunia	8
necaz	8
necropsiei	8
nefericite	8
negocierea	8
nenorocirea	8
neplăcută	8
nepotrivit	8
nevaccinate	8
newsweek	8
nikolai	8
niprului	8
nocturn	8
nodul	8
noduri	8
nokia	8
nopţi	8
nor	8
nord-atlantice	8
nordic	8
norocoase	8
norul	8
notar	8
notei	8
notoriu	8
nowcasting	8
ns	8
nu-ti	8
numea	8
numit-o	8
năsui	8
oaie	8
oancea	8
oase	8
oaspete	8
obezitate	8
obiectelor	8
obligație	8
obținuți	8
oceanul	8
ocolitoare	8
ocupați	8
odinioară	8
oferea	8
oferirea	8
offline	8
ofiţerii	8
olandeze	8
olandezul	8
olandeză	8
oltului	8
olx	8
omeneşti	8
omenire	8
omori	8
onomastica	8
onorează	8
operațională	8
oportunităţi	8
opreste	8
optim	8
optime	8
optimism	8
optimistă	8
optimizare	8
orarul	8
orbită	8
ordinară	8
ordona	8
orfani	8
organizaţii	8
organizaţiile	8
organizaţiilor	8
organul	8
oricăror	8
orient	8
ortodoxia	8
oslo	8
ostilităților	8
out	8
pachetele	8
pachetului	8
pacientă	8
paharul	8
paine	8
palestinieni	8
palmaresul	8
pancu	8
pandemice	8
pantalonii	8
paok	8
paparazzi	8
parfumuri	8
parintilor	8
parul	8
parțiale	8
pasi	8
pasionată	8
pasiunile	8
pastilele	8
pastramă	8
patimilor	8
patinoar	8
patriotice	8
patruzeci	8
peluza	8
pensionarea	8
pensiune	8
pensiuni	8
penultima	8
percepe	8
perchezițiile	8
pericolului	8
permanenţă	8
personajelor	8
petrecerii	8
pica	8
pictat	8
picturi	8
pieptul	8
pietonale	8
piloții	8
piloților	8
pisa	8
piscine	8
pisicile	8
pitt	8
pix	8
pixel	8
planifica	8
plantei	8
platesti	8
plecati	8
plimbi	8
ploaia	8
plouat	8
plănuit	8
plătiţi	8
podiumului	8
podolyak	8
podurilor	8
poezii	8
pomeni	8
pompe	8
popularitate	8
populate	8
portocale	8
portuar	8
portughezul	8
porție	8
posedă	8
poziției	8
pragmatic	8
precizăm	8
predată	8
predoiu	8
premierea	8
preocupat	8
preocupări	8
prescripție	8
presiunilor	8
presupunem	8
presupusă	8
preturilor	8
prevenirii	8
previne	8
previziuni	8
previziunile	8
prezentând	8
prezice	8
prezidenţial	8
președinți	8
prețioase	8
primesti	8
primilor	8
primirii	8
prindere	8
prințesei	8
prize	8
procesarea	8
procurarea	8
produca	8
producții	8
profesionalism	8
profitabil	8
profiți	8
profunzime	8
prognozele	8
progresului	8
proiectată	8
promisiunile	8
promoveze	8
promovăm	8
prompt	8
pronunţată	8
proporţie	8
proporțional	8
proprietățile	8
proprietăților	8
prospera	8
protecţiei	8
protejaţi	8
proveniența	8
provincie	8
provinciile	8
proștii	8
prânzului	8
prăjiți	8
psrm	8
pulover	8
pumnii	8
purtați	8
pușcaș	8
părerile	8
pătură	8
păun	8
q	8
radiațiilor	8
rafalele	8
rafinat	8
rafinăriei	8
ramanem	8
randamentul	8
randuri	8
rangers	8
